game_id,player_id,team_type,at_bat,run,single,double,triple,home_run,runs_batted_in,walk,strikeout,hit_by_pitch,stolen_base,sacrifice,roe
22505762,11389650,away,0,0,0,0,0,0,0,0,0,0,0,0,0
22505762,11385129,away,0,0,0,0,0,0,0,0,0,0,0,0,0
22505762,11385123,away,0,0,0,0,0,0,0,0,0,0,0,0,0
22505762,11389651,away,0,0,0,0,0,0,0,0,0,0,0,0,0
22505762,11389652,away,0,0,0,0,0,0,0,0,0,0,0,0,0
22505762,11389653,away,0,0,0,0,0,0,0,0,0,0,0,0,0
22505762,11385124,away,0,0,0,0,0,0,0,0,0,0,0,0,0
22505762,11389657,away,0,0,0,0,0,0,0,0,0,0,0,0,0
22505762,11389654,away,0,0,0,0,0,0,0,0,0,0,0,0,0
22505762,11389655,away,0,0,0,0,0,0,0,0,0,0,0,0,0
22505762,11385122,away,0,0,0,0,0,0,0,0,0,0,0,0,0
22505762,11385130,away,0,0,0,0,0,0,0,0,0,0,0,0,0
22505762,11389656,away,0,0,0,0,0,0,0,0,0,0,0,0,0
22505762,11385127,away,0,0,0,0,0,0,0,0,0,0,0,0,0
22505762,11385126,away,0,0,0,0,0,0,0,0,0,0,0,0,0
22505762,11385128,away,0,0,0,0,0,0,0,0,0,0,0,0,0
22505762,11389538,home,0,0,0,0,0,0,0,0,0,0,0,0,0
22505762,11389539,home,0,0,0,0,0,0,0,0,0,0,0,0,0
22505762,11389540,home,0,0,0,0,0,0,0,0,0,0,0,0,0
22505762,11389541,home,0,0,0,0,0,0,0,0,0,0,0,0,0
22505762,11385550,home,0,0,0,0,0,0,0,0,0,0,0,0,0
22505762,11389542,home,0,0,0,0,0,0,0,0,0,0,0,0,0
22505762,11389543,home,0,0,0,0,0,0,0,0,0,0,0,0,0
22505762,11385547,home,0,0,0,0,0,0,0,0,0,0,0,0,0
22505762,11385139,home,0,0,0,0,0,0,0,0,0,0,0,0,0
22505762,11389544,home,0,0,0,0,0,0,0,0,0,0,0,0,0
22505762,11389545,home,0,0,0,0,0,0,0,0,0,0,0,0,0
22505762,11389546,home,0,0,0,0,0,0,0,0,0,0,0,0,0
22505762,11389547,home,0,0,0,0,0,0,0,0,0,0,0,0,0
22505762,11385545,home,0,0,0,0,0,0,0,0,0,0,0,0,0
22505762,11385548,home,0,0,0,0,0,0,0,0,0,0,0,0,0
22505762,11385549,home,0,0,0,0,0,0,0,0,0,0,0,0,0
22505764,11380982,away,0,0,0,0,0,0,0,0,0,0,0,0,0
22505764,11380979,away,0,0,0,0,0,0,0,0,0,0,0,0,0
22505764,11380992,away,0,0,0,0,0,0,0,0,0,0,0,0,0
22505764,11380986,away,0,0,0,0,0,0,0,0,0,0,0,0,0
22505764,11380985,away,0,0,0,0,0,0,0,0,0,0,0,0,0
22505764,11380987,away,0,0,0,0,0,0,0,0,0,0,0,0,0
22505764,11380977,away,0,0,0,0,0,0,0,0,0,0,0,0,0
22505764,11380988,away,0,0,0,0,0,0,0,0,0,0,0,0,0
22505764,11380990,away,0,0,0,0,0,0,0,0,0,0,0,0,0
22505764,11380984,away,0,0,0,0,0,0,0,0,0,0,0,0,0
22505764,11380989,away,0,0,0,0,0,0,0,0,0,0,0,0,0
22505764,11380980,away,0,0,0,0,0,0,0,0,0,0,0,0,0
22505764,11380991,away,0,0,0,0,0,0,0,0,0,0,0,0,0
22505764,11380983,away,0,0,0,0,0,0,0,0,0,0,0,0,0
22505764,11380981,away,0,0,0,0,0,0,0,0,0,0,0,0,0
22505764,11380978,away,0,0,0,0,0,0,0,0,0,0,0,0,0
22505764,11389664,home,0,0,0,0,0,0,0,0,0,0,0,0,0
22505764,11385044,home,0,0,0,0,0,0,0,0,0,0,0,0,0
22505764,11389665,home,0,0,0,0,0,0,0,0,0,0,0,0,0
22505764,11389666,home,0,0,0,0,0,0,0,0,0,0,0,0,0
22505764,11389667,home,0,0,0,0,0,0,0,0,0,0,0,0,0
22505764,11385047,home,0,0,0,0,0,0,0,0,0,0,0,0,0
22505764,11389668,home,0,0,0,0,0,0,0,0,0,0,0,0,0
22505764,11385043,home,0,0,0,0,0,0,0,0,0,0,0,0,0
22505764,11385078,home,0,0,0,0,0,0,0,0,0,0,0,0,0
22505764,11385083,home,0,0,0,0,0,0,0,0,0,0,0,0,0
22505764,11389669,home,0,0,0,0,0,0,0,0,0,0,0,0,0
22505764,11389670,home,0,0,0,0,0,0,0,0,0,0,0,0,0
22505764,11389672,home,0,0,0,0,0,0,0,0,0,0,0,0,0
22505764,11385046,home,0,0,0,0,0,0,0,0,0,0,0,0,0
22505764,11389671,home,0,0,0,0,0,0,0,0,0,0,0,0,0
22505764,11385045,home,0,0,0,0,0,0,0,0,0,0,0,0,0
22505765,11389632,away,0,0,0,0,0,0,0,0,0,0,0,0,0
22505765,11385505,away,0,0,0,0,0,0,0,0,0,0,0,0,0
22505765,11385502,away,0,0,0,0,0,0,0,0,0,0,0,0,0
22505765,11385498,away,0,0,0,0,0,0,0,0,0,0,0,0,0
22505765,11385510,away,0,0,0,0,0,0,0,0,0,0,0,0,0
22505765,11385497,away,0,0,0,0,0,0,0,0,0,0,0,0,0
22505765,11385507,away,0,0,0,0,0,0,0,0,0,0,0,0,0
22505765,11389633,away,0,0,0,0,0,0,0,0,0,0,0,0,0
22505765,11385496,away,0,0,0,0,0,0,0,0,0,0,0,0,0
22505765,11389634,away,0,0,0,0,0,0,0,0,0,0,0,0,0
22505765,11385500,away,0,0,0,0,0,0,0,0,0,0,0,0,0
22505765,11389635,away,0,0,0,0,0,0,0,0,0,0,0,0,0
22505765,11389638,away,0,0,0,0,0,0,0,0,0,0,0,0,0
22505765,11389636,away,0,0,0,0,0,0,0,0,0,0,0,0,0
22505765,11385495,away,0,0,0,0,0,0,0,0,0,0,0,0,0
22505765,11389637,away,0,0,0,0,0,0,0,0,0,0,0,0,0
22505765,11385053,home,0,0,0,0,0,0,0,0,0,0,0,0,0
22505765,11385522,home,0,0,0,0,0,0,0,0,0,0,0,0,0
22505765,11385050,home,0,0,0,0,0,0,0,0,0,0,0,0,0
22505765,11385514,home,0,0,0,0,0,0,0,0,0,0,0,0,0
22505765,11385515,home,0,0,0,0,0,0,0,0,0,0,0,0,0
22505765,11385516,home,0,0,0,0,0,0,0,0,0,0,0,0,0
22505765,11389639,home,0,0,0,0,0,0,0,0,0,0,0,0,0
22505765,11385052,home,0,0,0,0,0,0,0,0,0,0,0,0,0
22505765,11385517,home,0,0,0,0,0,0,0,0,0,0,0,0,0
22505765,11389642,home,0,0,0,0,0,0,0,0,0,0,0,0,0
22505765,11389643,home,0,0,0,0,0,0,0,0,0,0,0,0,0
22505765,11397075,home,0,0,0,0,0,0,0,0,0,0,0,0,0
22505765,11389644,home,0,0,0,0,0,0,0,0,0,0,0,0,0
22505765,11385054,home,0,0,0,0,0,0,0,0,0,0,0,0,0
22505765,11385051,home,0,0,0,0,0,0,0,0,0,0,0,0,0
22505765,11385521,home,0,0,0,0,0,0,0,0,0,0,0,0,0
22505765,11385055,home,0,0,0,0,0,0,0,0,0,0,0,0,0
22505771,11389539,away,4,1,1,0,0,0,2,0,0,0,0,0,0
22505771,11389540,away,2,0,0,0,0,0,0,0,0,1,0,0,0
22505771,11389541,away,2,0,0,0,0,0,1,1,1,0,0,0,0
22505771,11385550,away,3,1,1,0,0,0,0,0,1,0,0,0,0
22505771,11389542,away,2,1,0,0,0,0,0,1,0,0,0,0,0
22505771,11389543,away,2,0,0,0,0,0,0,1,1,0,0,0,0
22505771,11385547,away,2,2,0,0,0,0,0,2,0,0,1,0,0
22505771,11389544,away,3,0,0,0,0,0,1,0,0,0,0,0,0
22505771,11389545,away,3,0,0,0,0,0,0,1,0,0,0,0,1
22505771,11389546,away,3,0,1,0,0,0,1,0,1,0,1,0,0
22505771,11385545,away,2,1,1,0,0,0,1,1,1,0,0,0,0
22505771,11385548,away,2,0,1,0,0,0,0,0,0,1,1,0,0
22505771,11385549,away,4,2,1,0,1,0,1,0,1,0,1,0,0
22505771,11389632,home,3,0,1,0,0,0,0,0,0,0,0,0,0
22505771,11385502,home,2,1,0,0,0,0,0,1,0,0,1,0,1
22505771,11385498,home,2,1,1,0,0,0,0,1,0,0,0,0,0
22505771,11385510,home,2,1,0,0,0,0,0,1,1,0,0,0,0
22505771,11385497,home,1,1,1,0,0,0,0,2,0,0,2,0,0
22505771,11385507,home,3,0,0,0,0,0,0,0,1,0,0,0,0
22505771,11385496,home,3,0,3,0,0,0,2,0,0,0,2,0,0
22505771,11389634,home,3,0,1,0,0,0,0,0,0,0,0,0,0
22505771,11385500,home,3,1,1,0,0,0,0,0,1,0,0,0,0
22505771,11389635,home,3,0,2,0,0,0,0,0,0,0,0,0,0
22505771,11389638,home,3,1,1,0,0,0,2,0,0,0,0,0,0
22505771,11389636,home,3,0,1,0,0,0,1,0,2,0,0,0,0
22505771,11385495,home,3,0,0,0,0,0,0,0,0,0,0,0,0
22505771,11389637,home,3,0,1,0,0,0,0,0,0,0,0,0,0
22505768,11380982,away,3,0,0,0,0,0,0,0,2,0,0,0,0
22505768,11380992,away,3,0,0,0,0,0,0,0,3,0,0,0,0
22505768,11380986,away,3,0,0,0,0,0,0,0,2,0,0,0,0
22505768,11380985,away,3,0,2,0,0,0,0,0,0,0,0,0,0
22505768,11380987,away,3,0,1,0,0,0,0,0,0,0,0,0,1
22505768,11380977,away,2,2,2,0,0,0,1,1,0,0,3,0,0
22505768,11380988,away,3,1,1,0,0,0,1,0,0,0,1,0,0
22505768,11380990,away,3,0,1,1,0,0,0,0,0,0,2,0,0
22505768,11380984,away,2,0,1,0,0,0,0,1,1,0,1,0,0
22505768,11380989,away,3,0,1,0,0,0,1,0,1,0,0,0,0
22505768,11380980,away,4,0,0,0,0,0,0,0,4,0,0,0,0
22505768,11380991,away,2,1,1,0,0,0,0,0,0,1,0,0,0
22505768,11380983,away,2,0,1,0,0,0,2,0,1,0,1,0,0
22505768,11380981,away,3,1,1,0,0,0,0,0,1,0,0,0,0
22505768,11380978,away,3,1,2,0,0,0,0,0,0,0,1,0,1
22505768,11389650,home,2,0,0,0,0,0,0,1,1,0,0,0,1
22505768,11385129,home,1,1,0,0,0,0,0,2,0,0,0,0,0
22505768,11385123,home,3,0,1,0,0,0,0,0,1,0,0,0,0
22505768,11389651,home,3,0,1,0,0,0,1,1,0,0,0,0,1
22505768,11389652,home,3,1,0,1,0,0,2,1,1,0,0,0,0
22505768,11389653,home,3,0,0,0,0,0,0,0,1,0,0,0,1
22505768,11385124,home,3,1,0,0,0,0,0,1,0,0,0,0,0
22505768,11389657,home,3,1,2,0,0,0,1,0,0,1,0,0,0
22505768,11389654,home,2,0,0,0,0,0,0,1,1,0,0,0,0
22505768,11389655,home,3,1,1,0,0,0,1,1,0,0,0,0,1
22505768,11385122,home,3,1,2,0,0,0,1,0,0,0,0,0,0
22505768,11385130,home,0,0,0,0,0,0,0,0,0,0,0,0,0
22505768,11389656,home,3,1,0,0,0,0,0,1,2,0,0,0,0
22505768,11385127,home,0,0,0,0,0,0,0,0,0,0,0,0,0
22505768,11385126,home,2,1,1,0,0,0,1,1,0,0,0,0,0
22505768,11385128,home,3,1,1,0,0,0,1,0,0,0,0,0,0
22505769,11385044,away,3,2,1,0,0,0,0,1,0,0,0,0,0
22505769,11389665,away,4,2,3,0,0,0,4,0,0,0,0,0,0
22505769,11389667,away,3,0,0,0,0,0,0,1,0,0,0,0,0
22505769,11389668,away,3,0,2,0,0,0,1,0,1,0,0,0,0
22505769,11385043,away,4,0,1,1,0,0,0,0,1,0,0,0,0
22505769,11385078,away,3,0,1,0,0,0,2,1,0,0,0,0,0
22505769,11385083,away,3,0,1,0,0,0,1,0,1,0,0,0,0
22505769,11389669,away,3,1,2,0,0,0,2,0,1,0,0,0,0
22505769,11389670,away,3,2,2,0,0,0,0,0,0,1,1,0,0
22505769,11389672,away,2,1,2,0,0,0,0,0,0,0,0,0,0
22505769,11385046,away,3,0,1,0,0,0,0,0,2,0,0,0,0
22505769,11389671,away,3,0,0,0,0,0,0,0,1,0,0,0,0
22505769,11385045,away,3,2,2,0,1,0,0,1,0,0,0,0,0
22505769,11385053,home,1,0,0,0,0,0,0,2,1,0,0,0,0
22505769,11385050,home,3,1,2,0,0,0,2,0,0,0,1,0,0
22505769,11486302,home,2,0,0,0,0,0,0,0,0,0,0,0,0
22505769,11385515,home,2,0,0,0,0,0,0,1,1,0,0,0,1
22505769,11385516,home,3,1,1,1,0,0,0,0,0,0,1,0,0
22505769,11389639,home,2,0,0,1,0,0,0,1,1,0,0,0,0
22505769,11385052,home,1,1,1,0,0,0,0,1,0,0,1,0,0
22505769,11385517,home,3,1,1,0,0,0,0,1,1,0,0,0,0
22505769,11389642,home,3,0,2,0,0,0,1,0,0,0,0,0,0
22505769,11389643,home,2,1,0,1,0,0,1,1,0,0,0,0,0
22505769,11389644,home,3,0,0,0,0,0,0,0,1,0,0,0,0
22505769,11385054,home,3,1,0,0,0,0,0,0,0,0,1,0,0
22505769,11385051,home,2,0,0,0,0,0,1,1,0,0,0,0,1
22505769,11385521,home,3,0,0,0,0,0,0,0,1,0,0,0,0
22505769,11385055,home,3,1,1,0,0,0,0,1,0,0,1,0,0
22505774,11389632,away,0,0,0,0,0,0,0,0,0,0,0,0,0
22505774,11385505,away,3,0,1,0,0,0,1,0,1,0,0,0,0
22505774,11385502,away,3,1,1,0,0,0,0,0,1,0,0,0,0
22505774,11385498,away,1,1,1,0,0,0,1,1,0,0,3,1,0
22505774,11385510,away,0,2,0,0,0,0,0,3,0,0,1,0,0
22505774,11385497,away,3,1,1,0,0,0,0,0,1,0,1,0,0
22505774,11385507,away,2,0,0,0,0,0,0,1,2,0,0,0,0
22505774,11389633,away,2,0,1,0,0,0,1,0,0,0,0,0,0
22505774,11385496,away,3,0,0,0,0,0,0,0,1,0,0,0,0
22505774,11389634,away,3,1,1,0,0,0,1,0,0,0,4,0,0
22505774,11385500,away,2,1,1,0,0,0,0,1,0,0,1,0,0
22505774,11389635,away,3,1,1,0,0,0,2,0,0,0,0,0,0
22505774,11389638,away,3,2,1,0,0,0,1,1,0,0,0,0,1
22505774,11389636,away,3,0,1,0,0,0,1,0,0,0,0,0,0
22505774,11385495,away,3,0,1,1,0,0,2,0,0,0,0,0,0
22505774,11380979,home,4,1,1,0,0,0,0,0,0,0,3,0,0
22505774,11380992,home,3,1,1,0,0,0,1,0,2,0,1,0,0
22505774,11380986,home,3,2,1,1,0,0,0,0,0,0,1,0,0
22505774,11380985,home,3,0,0,0,0,0,0,0,0,0,0,0,0
22505774,11380987,home,2,0,2,0,0,0,1,1,0,0,2,0,0
22505774,11380977,home,3,1,1,0,0,0,1,0,0,0,1,0,0
22505774,11380988,home,4,0,2,1,0,0,3,0,0,0,0,0,0
22505774,11380990,home,3,0,1,0,0,0,1,0,0,0,1,0,0
22505774,11380984,home,2,0,0,0,0,0,0,1,0,0,0,0,1
22505774,11380980,home,3,1,2,0,0,0,0,0,1,0,0,0,0
22505774,11380983,home,2,1,1,0,0,0,1,0,0,0,1,0,0
22505774,11380981,home,3,1,1,0,0,0,0,0,0,0,0,0,0
22505772,11389664,away,3,1,0,1,0,0,0,0,1,0,0,0,0
22505772,11385044,away,3,0,2,0,0,0,1,0,0,0,1,0,0
22505772,11389666,away,3,0,0,0,0,0,0,0,3,0,0,0,0
22505772,11389667,away,3,1,1,0,0,0,0,0,1,0,0,0,0
22505772,11389668,away,1,0,0,0,0,0,0,1,0,0,0,0,0
22505772,11385043,away,3,0,1,0,0,0,1,0,0,0,3,0,2
22505772,11385078,away,3,0,0,0,0,0,0,0,0,0,0,0,0
22505772,11389669,away,3,0,0,0,0,0,0,0,1,0,0,0,0
22505772,11385046,away,3,0,1,0,0,0,0,0,1,0,0,0,0
22505772,11385045,away,2,1,0,0,0,0,1,1,0,0,1,0,0
22505772,11389650,home,2,1,0,0,0,0,0,0,1,0,0,0,1
22505772,11385129,home,2,0,0,0,0,0,0,0,0,0,0,0,0
22505772,11385123,home,1,0,0,0,0,0,0,1,0,0,0,0,1
22505772,11389651,home,3,1,1,0,0,0,1,0,0,0,0,0,0
22505772,11389652,home,3,0,0,1,0,0,2,0,1,0,0,0,0
22505772,11389653,home,0,0,0,0,0,0,0,2,0,0,0,0,0
22505772,11385124,home,0,0,0,0,0,0,0,0,0,0,0,0,0
22505772,11389657,home,2,0,1,0,0,0,0,1,0,0,0,0,0
22505772,11389654,home,2,0,0,0,0,0,0,0,1,0,0,0,0
22505772,11389655,home,2,1,0,0,0,0,0,1,0,0,0,0,0
22505772,11385122,home,2,1,2,0,0,0,0,1,0,0,0,0,0
22505772,11385126,home,3,0,1,0,0,0,1,0,0,0,0,0,0
22505772,11385128,home,1,0,0,0,0,0,0,1,0,0,0,0,0
22505773,11385053,away,2,0,0,0,0,0,0,0,0,0,0,0,0
22505773,11385050,away,2,1,1,0,0,0,0,0,0,1,4,0,0
22505773,11486302,away,1,0,0,0,0,0,0,0,0,1,1,0,0
22505773,11385516,away,2,0,0,0,0,0,0,0,1,0,2,0,0
22505773,11389639,away,2,0,0,0,0,0,0,0,1,1,0,0,0
22505773,11385052,away,0,0,0,0,0,0,0,1,0,1,2,0,0
22505773,11385517,away,3,0,0,0,0,0,0,0,1,0,0,0,0
22505773,11389643,away,3,0,0,0,0,0,0,0,1,0,0,0,0
22505773,11389644,away,3,0,0,0,0,0,0,0,0,0,0,0,0
22505773,11385051,away,3,0,1,0,0,0,1,0,1,0,0,0,0
22505773,11389539,home,2,1,1,0,0,0,0,0,0,0,0,0,0
22505773,11389540,home,2,0,2,0,0,0,3,0,0,0,1,0,0
22505773,11389541,home,2,0,0,0,0,0,0,0,0,0,0,0,0
22505773,11385550,home,2,0,0,0,0,0,0,0,1,0,0,0,0
22505773,11389542,home,2,1,1,1,0,0,0,0,0,0,0,0,0
22505773,11389543,home,1,0,0,0,0,0,0,1,0,0,0,0,0
22505773,11385139,home,0,1,0,0,0,0,0,0,0,1,0,0,0
22505773,11389544,home,1,0,0,0,0,0,0,1,0,0,0,0,0
22505773,11389545,home,1,0,0,0,0,0,0,1,1,0,0,0,0
22505773,11389546,home,2,0,1,0,0,0,1,0,1,0,0,0,0
22505773,11389547,home,1,0,1,0,0,0,1,0,0,0,0,1,0
22505773,11385545,home,2,0,0,0,0,0,0,0,0,0,0,0,0
22505773,11385548,home,1,2,1,0,0,0,0,0,0,1,0,0,0
22505773,11385549,home,2,1,0,0,0,0,0,0,0,0,0,0,1
22505779,11389538,away,3,1,0,0,0,0,0,1,0,0,1,0,0
22505779,11389539,away,0,0,0,0,0,0,0,0,0,0,0,0,0
22505779,11389540,away,0,0,0,0,0,0,0,0,0,0,0,0,0
22505779,11389541,away,4,0,1,0,0,0,0,0,0,0,0,0,0
22505779,11385550,away,4,3,2,0,0,0,3,0,0,0,1,0,1
22505779,11389542,away,4,0,1,0,0,0,1,0,0,0,1,0,0
22505779,11389543,away,4,1,0,1,0,0,0,0,2,0,1,0,0
22505779,11385547,away,4,2,1,0,0,0,2,0,0,0,3,0,2
22505779,11385139,away,0,0,0,0,0,0,0,0,0,0,0,0,0
22505779,11389544,away,3,1,1,0,0,0,0,0,0,1,0,0,0
22505779,11389545,away,0,0,0,0,0,0,0,0,0,0,0,0,0
22505779,11389546,away,4,0,1,0,0,0,2,0,1,0,0,0,0
22505779,11389547,away,3,2,2,0,0,0,1,1,0,0,2,0,0
22505779,11385545,away,3,0,0,0,0,0,0,0,0,1,0,0,1
22505779,11385548,away,4,1,2,0,0,0,1,0,0,0,1,0,0
22505779,11385549,away,3,2,1,0,0,0,0,1,0,0,3,0,0
22505779,11380982,home,3,0,1,0,0,0,0,0,0,0,1,0,1
22505779,11380979,home,4,0,1,0,0,0,0,0,0,0,0,0,0
22505779,11380992,home,3,0,1,0,0,0,0,0,1,0,0,0,0
22505779,11380986,home,3,0,0,0,0,0,1,0,2,0,0,0,0
22505779,11380985,home,3,0,0,0,0,0,0,0,0,0,0,0,0
22505779,11380977,home,3,0,1,0,0,0,1,1,2,0,0,0,0
22505779,11380990,home,3,2,1,1,0,0,0,0,0,0,2,0,0
22505779,11380980,home,3,1,0,0,1,0,0,0,2,0,0,0,0
22505779,11380991,home,3,0,0,0,0,0,0,0,0,0,0,0,0
22505779,11380983,home,3,1,2,1,0,0,1,0,0,0,1,0,0
22505779,11380981,home,3,0,0,0,0,0,0,0,0,0,0,0,1
22505779,11380978,home,2,1,0,0,0,0,0,1,0,0,1,0,0
22505778,11385129,away,3,0,1,0,0,0,1,0,0,0,0,0,0
22505778,11385123,away,4,0,0,0,0,0,0,0,1,0,0,0,0
22505778,11389651,away,5,1,2,0,0,0,0,0,0,0,0,0,1
22505778,11389653,away,4,1,2,0,0,0,2,0,0,0,0,0,0
22505778,11389657,away,5,1,3,0,0,0,4,0,1,0,1,0,0
22505778,11389654,away,4,0,1,0,0,0,0,0,1,0,0,0,0
22505778,11389655,away,4,2,2,0,0,0,0,1,0,0,0,0,0
22505778,11385122,away,3,1,0,0,0,0,0,0,1,2,0,0,0
22505778,11385127,away,4,2,1,0,0,0,1,0,1,0,1,0,0
22505778,11385126,away,4,3,4,0,0,0,1,1,0,0,0,0,0
22505778,11385128,away,4,0,1,0,0,0,1,0,0,0,0,0,0
22505778,11385053,home,5,1,1,0,0,0,1,0,2,0,0,0,0
22505778,11385050,home,5,2,2,1,0,0,3,0,1,0,0,0,0
22505778,11385515,home,5,1,1,0,0,0,0,0,1,0,0,0,0
22505778,11389639,home,4,1,1,1,0,0,1,0,0,1,0,0,0
22505778,11385052,home,5,0,0,1,0,0,1,0,0,0,0,0,0
22505778,11385517,home,5,1,3,0,0,0,1,0,0,0,0,0,0
22505778,11389643,home,4,1,1,1,0,0,0,0,1,1,0,0,0
22505778,11389644,home,5,1,2,1,0,0,2,0,2,0,1,0,0
22505778,11385521,home,3,1,1,0,0,0,0,1,0,0,0,0,0
22505778,11385055,home,4,3,3,0,0,0,1,1,0,0,3,0,0
22505777,11389664,away,4,1,0,0,0,0,0,0,2,0,0,0,1
22505777,11385044,away,4,2,3,0,0,0,0,0,0,0,0,0,0
22505777,11389666,away,4,0,1,0,0,0,1,0,0,0,0,0,1
22505777,11389667,away,4,2,1,0,0,0,0,1,0,0,1,0,1
22505777,11385047,away,4,1,1,0,0,0,1,1,1,0,2,0,0
22505777,11385043,away,3,1,2,0,0,0,0,0,0,1,0,0,0
22505777,11385078,away,3,0,0,1,0,0,1,1,0,0,0,0,0
22505777,11385083,away,4,0,0,0,0,0,0,0,2,0,0,0,0
22505777,11389669,away,4,0,1,1,0,0,0,0,1,0,0,0,0
22505777,11389670,away,4,1,1,0,0,0,0,0,0,0,0,0,1
22505777,11385046,away,3,0,0,0,0,0,0,1,3,0,0,0,0
22505777,11385045,away,4,1,2,0,0,0,2,1,0,0,1,0,0
22505777,11389632,home,3,0,1,0,0,0,1,0,0,0,0,0,0
22505777,11385505,home,3,0,1,0,0,0,0,0,0,0,0,0,0
22505777,11385502,home,1,1,0,0,0,0,0,0,0,1,0,0,0
22505777,11385498,home,3,1,2,0,0,0,1,0,1,0,0,0,0
22505777,11385510,home,1,1,0,0,0,0,0,1,1,0,0,0,0
22505777,11385497,home,2,1,1,0,0,0,0,0,1,0,1,0,0
22505777,11385507,home,3,0,1,0,0,0,0,0,1,0,0,0,0
22505777,11389633,home,3,1,1,0,0,0,0,0,2,0,1,0,0
22505777,11385496,home,2,1,1,0,0,0,2,0,0,0,0,0,0
22505777,11389634,home,3,0,1,0,0,0,0,0,0,0,0,0,0
22505777,11385500,home,3,0,1,0,0,0,1,0,0,0,1,0,0
22505777,11389635,home,3,1,2,0,0,0,2,0,0,0,0,0,0
22505777,11389638,home,1,2,0,0,0,0,1,2,1,0,0,0,0
22505777,11389636,home,3,0,0,0,0,0,0,0,1,0,0,0,0
22505777,11385495,home,3,0,2,0,0,0,0,0,0,0,0,0,0
22505777,11389637,home,3,0,0,0,0,0,0,0,2,0,0,0,0
22505782,11389632,away,4,1,1,0,0,0,1,0,0,0,0,0,0
22505782,11385505,away,3,2,1,0,0,0,0,0,1,1,0,0,0
22505782,11385502,away,3,1,2,0,0,0,0,0,0,0,0,0,1
22505782,11385498,away,4,3,2,1,0,0,2,0,0,0,0,0,0
22505782,11385510,away,4,1,3,0,0,0,0,0,1,0,0,0,0
22505782,11385507,away,4,0,0,0,0,0,0,0,1,0,0,0,0
22505782,11385496,away,4,1,2,0,0,0,1,0,0,0,2,0,0
22505782,11389634,away,3,3,1,0,0,0,1,1,0,0,0,0,1
22505782,11385500,away,4,1,3,0,0,0,4,0,0,0,0,0,0
22505782,11389635,away,4,0,2,0,0,0,1,0,0,0,0,0,0
22505782,11389638,away,3,0,0,0,0,0,0,0,0,1,0,0,0
22505782,11389636,away,4,1,1,0,0,0,1,0,1,0,1,0,1
22505782,11385495,away,4,0,0,0,0,0,0,0,0,0,0,0,1
22505782,11389637,away,4,2,2,0,0,0,1,0,1,0,0,0,0
22505782,11389650,home,4,0,0,0,0,0,0,0,2,0,0,0,0
22505782,11385123,home,1,1,0,0,0,0,0,1,0,0,0,0,0
22505782,11389653,home,4,0,0,0,0,0,0,0,1,0,0,0,1
22505782,11385124,home,4,1,1,0,1,0,3,0,0,0,0,0,0
22505782,11389657,home,4,0,1,0,0,0,0,0,1,0,0,0,0
22505782,11389654,home,2,1,0,0,0,0,0,1,0,0,0,0,0
22505782,11389655,home,4,2,2,0,0,0,2,0,0,0,0,0,0
22505782,11385122,home,2,1,0,0,0,0,1,2,0,0,0,0,0
22505782,11385130,home,3,1,0,1,0,0,0,0,1,0,1,0,0
22505782,11385127,home,4,2,3,0,0,0,1,0,0,0,0,0,0
22505782,11385128,home,4,0,0,0,0,0,1,0,0,0,0,0,0
22505783,11389538,away,3,0,0,0,0,0,0,0,3,0,0,0,0
22505783,11389539,away,2,1,1,0,0,0,1,0,0,0,0,1,0
22505783,11389540,away,2,1,0,0,0,0,1,1,0,0,0,0,0
22505783,11389541,away,3,0,0,0,0,0,0,0,1,0,0,0,0
22505783,11385550,away,4,2,1,1,0,0,1,0,0,0,1,0,0
22505783,11389542,away,2,1,0,0,0,0,2,1,1,0,1,0,0
22505783,11389543,away,1,1,1,0,0,0,0,2,0,0,0,0,0
22505783,11385547,away,4,1,1,0,0,0,1,0,0,0,0,0,1
22505783,11385139,away,2,1,0,0,0,0,1,1,1,0,1,0,1
22505783,11389544,away,2,0,0,0,0,0,1,0,0,1,0,0,0
22505783,11389545,away,3,1,0,0,0,0,0,1,0,0,1,0,0
22505783,11389546,away,3,1,0,1,1,0,2,0,0,0,1,0,1
22505783,11389547,away,2,0,1,0,0,0,0,0,1,1,1,0,0
22505783,11385545,away,2,1,1,0,0,0,0,0,0,1,0,0,0
22505783,11385549,away,3,3,2,0,0,0,2,0,0,0,3,0,0
22505783,11389664,home,2,2,1,0,0,0,1,2,1,0,1,0,0
22505783,11389665,home,4,1,0,2,0,0,4,0,0,0,0,0,0
22505783,11389666,home,4,2,3,0,0,0,3,0,0,0,0,0,1
22505783,11389667,home,3,1,1,0,0,0,0,0,0,1,1,0,0
22505783,11385047,home,3,1,0,1,0,0,3,0,0,1,0,0,0
22505783,11389668,home,2,1,0,0,0,0,0,1,0,0,0,0,0
22505783,11385043,home,4,1,2,0,0,0,1,0,0,0,1,0,0
22505783,11385083,home,3,1,1,0,0,0,2,0,0,0,0,0,0
22505783,11389669,home,3,2,2,0,0,0,1,1,0,0,0,0,0
22505783,11389670,home,3,1,1,0,0,0,0,1,0,0,0,0,0
22505783,11389672,home,4,1,1,0,0,0,1,0,0,0,0,0,0
22505783,11385046,home,4,1,1,0,0,0,0,0,1,0,0,0,1
22505783,11389671,home,4,2,3,0,0,0,2,0,0,0,0,0,0
22505783,11385045,home,2,3,2,0,0,0,2,2,0,0,0,0,0
22505781,11385053,away,1,0,0,0,0,0,2,2,0,0,0,0,0
22505781,11385522,away,0,0,0,0,0,0,0,0,0,0,0,0,0
22505781,11385050,away,3,2,2,0,0,0,0,1,0,0,1,0,0
22505781,11385514,away,4,0,3,0,0,0,1,0,0,0,2,0,0
22505781,11385515,away,3,4,3,0,0,0,1,1,0,0,0,0,0
22505781,11385516,away,2,0,0,0,0,0,0,1,1,1,0,0,0
22505781,11389639,away,3,0,0,0,0,0,0,1,2,0,0,0,0
22505781,11385052,away,2,1,1,0,0,0,1,1,1,1,1,0,0
22505781,11385517,away,4,0,1,0,0,0,1,0,1,0,1,0,0
22505781,11389644,away,3,2,1,0,0,0,1,1,1,0,0,0,0
22505781,11385054,away,4,1,0,0,0,0,0,1,0,0,1,0,1
22505781,11385051,away,3,0,2,0,0,0,3,1,0,0,0,0,0
22505781,11385521,away,4,3,3,0,0,0,1,0,1,0,0,0,0
22505781,11385055,away,4,1,3,0,0,0,3,0,0,0,1,0,0
22505781,11380982,home,2,1,1,0,0,0,0,0,0,0,0,0,0
22505781,11380979,home,3,1,1,0,0,0,0,0,0,0,1,0,1
22505781,11380986,home,3,0,0,0,0,0,0,0,2,0,0,0,0
22505781,11380987,home,3,0,0,0,0,0,0,0,0,0,0,0,0
22505781,11380977,home,4,0,2,1,0,0,2,0,0,0,2,0,0
22505781,11383612,home,3,0,2,0,0,0,1,0,0,0,0,0,0
22505781,11380988,home,3,0,1,0,0,0,0,0,0,0,0,0,0
22505781,11380989,home,2,1,2,0,0,0,0,0,0,0,0,0,0
22505781,11380980,home,2,0,1,0,0,0,2,0,1,0,0,0,0
22505781,11380991,home,2,0,0,0,0,0,0,0,1,0,0,0,0
22505781,11380983,home,2,0,0,0,0,0,0,1,2,0,1,0,0
22505781,11380981,home,2,0,0,0,0,0,0,0,0,0,0,0,0
22505781,11380978,home,3,2,0,1,0,0,0,0,0,0,0,0,0
22511150,11389538,away,1,0,0,0,0,0,0,1,0,0,1,0,0
22511150,11389539,away,4,2,2,0,0,0,3,0,0,0,1,0,0
22511150,11389541,away,3,0,1,0,0,0,0,1,1,0,0,0,0
22511150,11385550,away,4,2,2,0,0,0,0,1,0,0,1,0,0
22511150,11389542,away,5,1,3,0,0,0,0,0,0,0,2,0,0
22511150,11389543,away,4,0,0,0,0,0,1,0,0,0,0,0,0
22511150,11385547,away,2,1,1,0,0,0,1,2,0,0,0,0,0
22511150,11385139,away,3,0,2,0,0,0,1,1,0,0,1,0,0
22511150,11389544,away,4,1,2,0,0,0,1,0,0,0,0,0,0
22511150,11389545,away,3,0,0,0,0,0,0,1,0,0,0,0,0
22511150,11385545,away,4,0,0,0,0,0,0,0,3,0,0,0,0
22511150,11389650,home,3,1,0,0,0,0,0,0,0,0,1,0,1
22511150,11385129,home,2,1,1,0,0,0,1,0,0,1,0,0,1
22511150,11385123,home,2,1,0,0,0,0,0,1,0,0,0,0,0
22511150,11389651,home,3,1,0,0,0,0,0,0,0,0,0,0,1
22511150,11389652,home,3,0,1,0,0,0,2,0,0,0,0,0,0
22511150,11389653,home,3,0,0,0,0,0,0,0,1,0,0,0,0
22511150,11385124,home,2,2,2,0,0,0,0,1,0,0,1,0,0
22511150,11389657,home,3,2,1,0,0,0,0,0,0,0,0,0,0
22511150,11389654,home,3,0,0,0,0,0,0,0,0,0,0,0,0
22511150,11389655,home,2,1,0,0,0,0,1,1,0,0,0,0,0
22511150,11385122,home,3,0,1,0,0,0,2,0,0,0,1,0,1
22511150,11385130,home,3,1,1,0,0,0,0,0,0,0,1,0,1
22511150,11385127,home,4,1,1,0,0,0,2,0,0,0,0,0,0
22511150,11385126,home,3,1,1,0,0,0,1,0,0,0,0,0,0
22511150,11385128,home,3,0,1,0,0,0,3,0,0,0,0,0,1
22511152,11385053,away,1,1,0,0,0,0,0,2,0,0,1,0,0
22511152,11486302,away,4,2,2,0,0,0,1,0,1,0,2,0,0
22511152,11385515,away,4,0,1,0,0,0,0,0,1,0,1,0,1
22511152,11389639,away,4,1,0,1,0,0,0,0,1,0,0,0,1
22511152,11385052,away,4,2,3,1,0,0,2,0,0,0,2,0,0
22511152,11389642,away,3,0,1,0,0,0,1,0,2,0,0,0,0
22511152,11389643,away,3,0,0,0,0,0,0,0,3,0,0,0,0
22511152,11389644,away,4,1,1,0,0,0,0,0,0,0,1,0,0
22511152,11385054,away,4,0,1,0,0,0,1,0,0,0,0,0,1
22511152,11385051,away,4,1,2,1,0,0,4,0,0,0,0,0,0
22511152,11385521,away,3,0,1,0,0,0,0,1,1,0,0,0,0
22511152,11385055,away,4,2,2,1,0,0,0,0,0,0,3,0,0
22511152,11389632,home,4,3,2,0,0,0,0,1,1,0,1,0,0
22511152,11385505,home,3,1,2,0,0,0,1,1,0,0,0,0,1
22511152,11385498,home,5,2,3,0,0,0,4,0,0,0,1,0,0
22511152,11385510,home,3,2,1,0,0,0,1,1,0,0,0,0,0
22511152,11385497,home,4,3,2,0,0,0,1,1,0,0,0,0,1
22511152,11385507,home,2,2,0,1,0,0,0,2,1,0,1,0,0
22511152,11389633,home,0,0,0,0,0,0,0,0,0,0,0,0,0
22511152,11385496,home,4,0,1,0,0,0,2,0,1,0,0,0,0
22511152,11389634,home,4,2,3,1,0,0,3,0,0,0,0,0,0
22511152,11385500,home,3,1,3,0,0,0,3,1,0,0,1,0,0
22511152,11389635,home,3,1,2,0,0,0,0,1,0,0,0,0,0
22511152,11389638,home,4,1,1,0,0,0,1,0,0,0,0,0,0
22511152,11385495,home,4,2,0,0,0,0,1,0,0,0,0,0,1
22511152,11389637,home,2,1,0,0,0,0,1,2,2,0,0,0,0
22511151,11385044,away,4,2,2,0,0,0,0,0,0,0,0,0,0
22511151,11389666,away,2,3,1,0,0,0,0,2,0,0,0,0,0
22511151,11389667,away,3,3,0,2,0,0,4,2,1,0,0,0,0
22511151,11385043,away,3,3,2,0,0,0,2,1,0,1,1,0,1
22511151,11385078,away,4,3,2,0,0,0,2,1,0,0,0,0,0
22511151,11385083,away,2,0,1,0,0,0,2,3,0,0,0,0,0
22511151,11389670,away,3,1,1,0,0,0,1,2,1,0,0,0,0
22511151,11389672,away,5,2,3,0,0,0,1,0,0,0,0,0,0
22511151,11385046,away,4,0,1,0,0,0,1,1,2,0,0,0,0
22511151,11389671,away,5,1,2,1,0,0,4,0,0,0,0,0,0
22511151,11385045,away,3,1,0,0,0,0,0,2,1,0,0,0,1
22511151,11380979,home,4,2,3,0,0,0,1,0,1,0,2,0,0
22511151,11380992,home,2,0,0,0,0,0,0,2,2,0,0,0,0
22511151,11380986,home,4,1,1,0,0,0,1,0,2,0,1,0,0
22511151,11380985,home,3,0,0,0,0,0,1,0,0,1,0,0,0
22511151,11380987,home,4,2,2,0,0,0,0,0,0,0,2,0,1
22511151,11380977,home,4,1,2,0,0,0,1,0,0,0,2,0,0
22511151,11380988,home,4,1,2,0,0,0,1,0,0,0,2,0,0
22511151,11380984,home,3,0,1,0,0,0,0,1,1,0,0,0,0
22511151,11380980,home,4,1,1,1,0,0,1,0,1,0,0,0,0
22511151,11380983,home,2,1,1,0,0,0,2,2,0,0,3,0,0
22511153,11389650,away,3,1,1,0,0,0,1,0,0,0,0,0,0
22511153,11385129,away,3,0,0,0,0,0,1,0,0,0,0,0,0
22511153,11389651,away,3,0,1,0,0,0,0,0,0,1,0,0,1
22511153,11389652,away,4,0,2,0,0,0,0,0,0,0,0,0,0
22511153,11389653,away,3,1,2,0,0,0,1,0,1,0,0,0,0
22511153,11385124,away,4,2,1,0,0,0,0,0,1,0,1,0,0
22511153,11389657,away,4,0,0,1,0,0,0,0,0,0,0,0,0
22511153,11389654,away,3,0,1,0,0,0,1,0,1,0,0,0,0
22511153,11389655,away,3,0,2,0,0,0,2,1,0,0,0,0,0
22511153,11385122,away,2,1,0,0,0,0,0,1,0,0,0,0,0
22511153,11385127,away,4,0,2,0,0,0,1,0,1,0,0,0,0
22511153,11385126,away,4,2,0,0,0,0,0,0,0,0,0,0,2
22511153,11385128,away,2,2,1,0,0,0,1,1,0,1,0,0,0
22511153,11380982,home,3,1,1,0,0,0,0,0,1,0,2,0,1
22511153,11380979,home,3,1,0,0,0,0,1,1,0,0,2,0,0
22511153,11380992,home,4,0,0,0,0,0,0,0,3,0,0,0,0
22511153,11380986,home,3,1,1,0,0,0,1,1,2,0,3,0,0
22511153,11380987,home,4,1,2,0,0,0,1,0,1,0,2,0,0
22511153,11380977,home,4,1,2,1,0,0,3,0,0,0,1,0,0
22511153,11380988,home,4,2,2,0,0,0,0,0,0,0,2,0,0
22511153,11380990,home,3,2,2,0,0,0,1,0,0,1,2,0,0
22511153,11380984,home,4,0,1,0,0,0,1,0,1,0,1,0,0
22511153,11383644,home,3,1,0,1,0,0,0,1,2,0,0,0,0
22511153,11380981,home,4,0,1,0,0,0,0,0,1,0,1,0,0
22511153,11380978,home,4,0,1,0,0,0,1,0,0,0,0,0,0
22511154,11385053,away,3,1,2,0,0,0,3,2,0,0,0,0,0
22511154,11385522,away,0,0,0,0,0,0,0,0,0,0,0,0,0
22511154,11385050,away,3,3,3,0,0,0,2,2,0,0,4,0,0
22511154,11385515,away,2,2,2,0,0,0,0,2,0,0,0,0,0
22511154,11385516,away,3,0,0,0,0,0,0,2,2,0,1,0,0
22511154,11389639,away,4,2,2,0,0,0,2,0,0,0,0,0,1
22511154,11385052,away,2,1,0,0,0,0,1,2,0,0,1,0,0
22511154,11385517,away,4,2,3,0,0,0,0,0,0,0,2,0,0
22511154,11389642,away,3,0,0,0,0,0,0,1,3,0,0,0,0
22511154,11389643,away,3,2,2,0,0,0,1,0,1,1,0,0,0
22511154,11385054,away,4,2,2,0,0,0,1,0,1,0,0,0,0
22511154,11385051,away,4,1,2,0,0,0,2,0,0,1,0,0,0
22511154,11385521,away,3,1,1,0,0,0,1,1,0,0,0,0,1
22511154,11389664,home,3,1,0,0,0,0,0,0,0,1,0,0,1
22511154,11385044,home,4,1,1,1,0,0,3,0,1,0,0,0,0
22511154,11389666,home,3,0,0,0,0,0,0,0,1,0,0,0,1
22511154,11389668,home,4,1,1,0,0,0,0,0,1,0,2,0,0
22511154,11385083,home,3,0,1,0,0,0,0,0,0,0,0,0,0
22511154,11389669,home,3,2,1,1,0,0,0,0,0,1,0,0,0
22511154,11389670,home,4,0,0,0,0,0,0,0,0,0,0,0,1
22511154,11389672,home,4,0,0,0,0,0,1,0,1,0,0,0,1
22511154,11385046,home,2,0,0,0,0,0,0,1,0,0,0,0,1
22511154,11389671,home,2,0,1,0,0,0,0,0,0,0,0,0,0
22511155,11389632,away,3,4,3,0,0,0,0,1,0,0,1,0,0
22511155,11385498,away,4,3,1,0,1,0,2,1,0,0,0,0,1
22511155,11385510,away,4,0,1,0,0,0,1,0,2,0,0,0,0
22511155,11385497,away,3,1,1,0,1,0,1,1,0,0,2,0,0
22511155,11385507,away,3,1,1,0,0,0,0,1,1,0,0,0,0
22511155,11389633,away,0,0,0,0,0,0,0,0,0,0,0,0,0
22511155,11385496,away,4,3,3,1,0,0,6,0,0,0,4,0,0
22511155,11389634,away,4,0,3,0,0,0,1,0,0,0,0,0,0
22511155,11385500,away,2,0,1,0,0,0,0,1,0,0,2,0,0
22511155,11389635,away,4,0,2,0,0,0,2,0,0,0,0,0,0
22511155,11389638,away,1,0,0,0,0,0,0,1,1,0,0,0,0
22511155,11389636,away,4,0,0,0,0,0,0,0,1,0,0,0,0
22511155,11385495,away,4,0,0,0,0,0,0,0,1,0,0,0,0
22511155,11389637,away,3,1,0,0,0,0,0,0,0,0,2,0,0
22511155,11389539,home,4,1,2,0,0,0,2,0,0,0,1,0,0
22511155,11389540,home,4,0,1,1,0,0,0,0,1,0,0,0,1
22511155,11389541,home,4,0,0,0,0,0,1,0,0,0,0,0,0
22511155,11385550,home,2,3,0,1,0,0,1,2,1,0,1,0,0
22511155,11389542,home,4,3,3,0,0,0,2,0,0,0,2,0,0
22511155,11389543,home,4,0,0,0,0,0,0,0,1,0,1,0,0
22511155,11385547,home,4,0,1,0,0,0,1,0,1,0,0,0,0
22511155,11385139,home,2,1,0,0,0,0,0,2,1,0,1,0,0
22511155,11389544,home,4,1,2,0,0,0,0,0,0,0,0,0,0
22511155,11385545,home,3,0,0,0,0,0,1,1,1,0,0,0,0
22511155,11385548,home,3,1,1,1,0,0,3,1,0,0,1,0,0
22511155,11385549,home,5,2,1,0,1,0,0,0,0,0,2,0,1
22511156,11389650,away,3,0,0,0,0,0,0,0,1,0,0,0,0
22511156,11385129,away,3,2,2,0,0,0,1,0,0,0,0,0,0
22511156,11385123,away,2,0,0,0,0,0,0,1,0,0,0,0,0
22511156,11389651,away,4,1,1,0,0,0,1,0,1,0,0,0,0
22511156,11389653,away,3,1,1,1,0,0,2,1,0,0,0,0,0
22511156,11385124,away,4,2,0,0,0,0,0,0,1,0,0,0,0
22511156,11389657,away,4,0,3,0,0,0,2,0,1,0,0,0,0
22511156,11389654,away,2,1,1,0,0,0,0,1,0,0,0,0,0
22511156,11389655,away,3,2,2,1,0,0,5,1,0,0,0,0,0
22511156,11385122,away,3,2,1,0,0,0,0,1,1,0,0,0,0
22511156,11385130,away,2,1,2,0,0,0,0,1,0,0,1,0,0
22511156,11385127,away,2,2,2,0,0,0,0,1,0,0,0,0,0
22511156,11385126,away,4,1,2,0,0,0,2,0,1,0,0,0,0
22511156,11385128,away,3,0,1,1,0,0,2,0,0,0,0,0,1
22511156,11389664,home,2,0,0,0,0,0,0,0,2,0,0,0,0
22511156,11389665,home,2,0,1,0,0,0,0,0,1,0,0,0,0
22511156,11389666,home,3,0,0,0,0,0,0,0,1,0,0,0,0
22511156,11389667,home,3,0,0,0,0,0,0,0,1,0,0,0,0
22511156,11385047,home,3,1,1,0,0,0,0,0,0,0,0,0,1
22511156,11389668,home,3,0,1,0,0,0,0,0,1,0,0,0,0
22511156,11385078,home,3,0,0,0,0,0,0,0,0,0,0,0,1
22511156,11385083,home,2,0,0,0,0,0,0,1,1,0,0,0,0
22511156,11389670,home,3,1,2,0,0,0,0,0,0,0,0,0,0
22511156,11389672,home,3,0,1,0,0,0,1,0,0,0,0,0,0
22511156,11385046,home,2,0,2,0,0,0,0,1,0,0,0,0,0
22511156,11389671,home,3,0,1,0,0,0,0,0,1,0,0,0,0
22511156,11385045,home,3,0,0,0,0,0,0,0,0,0,0,0,0
22511159,11380982,away,3,0,0,0,0,0,0,0,1,0,0,0,0
22511159,11380979,away,3,0,0,0,1,0,1,0,1,0,0,0,0
22511159,11380992,away,2,0,0,0,0,0,0,0,1,0,0,0,0
22511159,11380986,away,1,0,0,0,0,0,0,0,1,0,0,0,0
22511159,11380985,away,3,0,0,0,0,0,0,0,0,0,0,0,0
22511159,11380987,away,3,0,2,0,0,0,0,0,0,0,1,0,0
22511159,11380977,away,3,1,3,0,0,0,3,0,0,0,2,0,0
22511159,11380990,away,3,1,2,0,0,0,1,0,0,0,0,0,0
22511159,11380984,away,2,1,0,0,0,0,0,1,0,0,1,0,0
22511159,11380989,away,3,0,0,0,0,0,0,0,1,0,0,0,0
22511159,11380980,away,3,0,1,0,0,0,0,0,2,0,1,0,0
22511159,11380991,away,2,0,0,0,0,0,0,1,0,0,0,0,0
22511159,11380983,away,2,0,0,0,0,0,0,0,1,0,0,0,0
22511159,11380981,away,3,0,1,0,0,0,0,0,0,0,0,0,0
22511159,11380978,away,3,2,2,0,0,0,0,0,0,0,2,0,0
22511159,11389632,home,4,2,2,0,0,0,0,0,0,0,1,0,0
22511159,11385505,home,2,1,1,0,0,0,0,1,0,0,0,0,0
22511159,11385502,home,3,1,2,0,0,0,1,0,0,0,0,0,0
22511159,11385498,home,3,1,1,0,0,0,1,0,0,0,0,0,0
22511159,11385510,home,2,1,1,0,0,0,2,1,0,0,0,0,0
22511159,11385497,home,4,1,1,1,0,0,3,0,0,0,0,0,0
22511159,11385507,home,3,0,1,1,0,0,1,0,0,0,0,0,0
22511159,11389633,home,1,1,0,0,0,0,1,1,1,1,0,0,0
22511159,11385496,home,3,0,1,0,0,0,0,0,0,0,0,0,0
22511159,11389634,home,3,0,0,0,0,0,0,0,0,0,0,0,0
22511159,11385500,home,3,1,1,0,0,0,1,0,0,0,0,0,0
22511159,11389638,home,2,1,1,0,0,0,0,1,1,0,0,0,0
22511159,11389636,home,2,0,0,0,0,0,0,1,0,0,0,0,0
22511159,11385495,home,2,0,0,0,0,0,0,1,0,0,0,0,0
22511159,11389637,home,2,1,2,0,0,0,1,1,0,0,0,0,0
22511157,11389539,away,3,2,2,0,0,0,1,1,0,0,1,0,1
22511157,11389540,away,3,1,1,0,0,0,0,1,0,0,0,0,1
22511157,11389541,away,3,2,3,0,0,0,2,0,0,1,0,0,0
22511157,11385550,away,5,1,2,1,0,0,1,0,1,0,3,0,0
22511157,11389542,away,4,1,2,0,0,0,0,0,0,1,3,0,0
22511157,11389543,away,4,0,2,0,0,0,3,0,1,0,0,0,0
22511157,11385547,away,4,1,1,0,0,0,1,1,1,0,1,0,0
22511157,11385139,away,4,2,1,0,0,0,0,0,1,0,1,0,1
22511157,11389544,away,4,1,3,0,0,0,3,0,0,0,0,0,0
22511157,11389545,away,4,2,2,0,0,0,1,0,1,0,2,0,0
22511157,11385545,away,3,0,0,0,0,0,0,0,1,0,0,0,0
22511157,11385548,away,4,2,1,0,0,0,0,1,1,0,1,0,0
22511157,11385053,home,1,1,0,0,0,0,0,0,0,1,1,0,0
22511157,11385050,home,3,2,2,0,0,0,3,0,0,0,3,1,1
22511157,11385515,home,3,1,1,0,0,0,1,0,0,0,1,0,0
22511157,11385516,home,2,0,0,0,0,0,1,0,1,1,1,0,0
22511157,11389639,home,4,2,1,0,0,0,1,0,1,0,3,0,1
22511157,11385052,home,4,1,1,1,0,0,1,0,0,0,2,0,0
22511157,11385517,home,4,1,1,0,0,0,2,0,0,0,1,0,0
22511157,11389642,home,3,0,0,0,0,0,0,0,1,0,0,0,0
22511157,11389644,home,4,0,1,0,0,0,1,0,0,0,0,0,0
22511157,11385054,home,4,2,2,0,0,0,2,0,1,0,1,0,0
22511157,11385521,home,2,0,0,0,0,0,0,1,1,0,0,0,0
22511157,11385055,home,4,3,2,1,0,0,1,0,0,0,3,0,0
22511160,11389632,away,4,2,1,0,0,0,1,0,0,1,0,0,0
22511160,11385505,away,4,1,1,0,0,0,2,0,0,0,0,0,0
22511160,11385502,away,4,1,1,0,0,0,1,0,0,0,0,0,0
22511160,11385498,away,3,2,1,1,0,0,0,0,1,1,0,0,0
22511160,11385510,away,4,0,0,1,0,0,1,0,1,0,0,0,0
22511160,11385497,away,5,3,3,0,0,0,2,0,0,0,0,0,0
22511160,11385507,away,4,2,1,0,0,0,0,0,2,0,1,0,1
22511160,11385496,away,4,2,2,1,0,0,4,0,0,0,0,0,1
22511160,11389634,away,1,1,1,0,0,0,2,2,0,0,0,1,0
22511160,11385500,away,3,2,1,0,0,0,2,1,1,0,0,0,0
22511160,11389638,away,5,0,0,0,0,0,0,0,1,0,0,0,0
22511160,11389636,away,3,2,2,0,0,0,0,1,1,0,0,0,0
22511160,11389637,away,4,2,3,0,0,0,2,0,0,0,2,0,1
22511160,11389664,home,3,0,0,0,0,0,0,0,3,0,0,0,0
22511160,11385044,home,3,2,1,0,0,0,0,0,0,0,1,0,1
22511160,11389665,home,1,2,1,0,0,0,1,2,0,0,0,0,0
22511160,11389666,home,3,0,1,0,0,0,1,0,0,0,0,0,0
22511160,11389667,home,4,1,1,0,0,0,0,0,0,0,0,0,0
22511160,11389668,home,3,1,1,2,0,0,2,0,0,0,0,0,0
22511160,11385078,home,2,1,2,0,0,0,2,1,0,0,0,0,0
22511160,11385083,home,3,0,0,0,0,0,0,0,1,0,0,0,0
22511160,11389669,home,3,1,1,0,0,0,0,0,0,1,0,0,0
22511160,11389670,home,3,0,0,0,0,0,0,0,0,0,0,0,0
22511160,11389672,home,2,3,0,1,0,0,0,2,0,0,0,0,0
22511160,11385046,home,1,0,1,0,0,0,2,2,0,0,0,0,0
22511160,11389671,home,3,1,1,1,0,0,0,0,1,0,0,0,0
22511161,11385050,away,4,2,3,0,0,0,1,0,0,1,4,0,0
22511161,11385516,away,5,1,1,0,0,0,1,0,1,0,1,0,1
22511161,11389639,away,0,0,0,0,0,0,0,0,0,0,0,0,0
22511161,11385052,away,4,3,4,0,0,0,4,1,0,0,4,0,0
22511161,11385517,away,5,0,1,0,0,0,1,0,0,0,0,0,0
22511161,11389643,away,4,0,0,1,0,0,1,1,0,0,0,0,0
22511161,11389644,away,5,1,1,1,0,0,2,0,0,0,1,0,0
22511161,11385054,away,5,1,2,0,0,0,1,0,0,0,2,0,0
22511161,11385051,away,2,0,1,0,0,0,0,0,0,0,0,0,0
22511161,11385521,away,4,0,0,0,0,0,0,0,4,0,0,0,0
22511161,11389650,home,2,2,1,0,0,0,0,1,0,0,0,0,0
22511161,11385129,home,3,0,1,0,0,0,0,0,0,0,0,0,0
22511161,11385123,home,3,0,1,0,0,0,0,0,0,0,0,0,0
22511161,11389651,home,3,0,0,1,0,0,1,1,0,0,0,0,0
22511161,11389652,home,4,0,1,0,0,0,1,0,0,0,0,0,0
22511161,11385124,home,3,1,1,0,0,0,0,0,0,0,2,0,0
22511161,11389657,home,3,0,1,0,0,0,0,0,0,0,0,0,0
22511161,11389654,home,3,0,0,0,0,0,0,0,1,0,0,0,0
22511161,11389655,home,3,0,1,0,0,0,1,0,0,0,0,0,0
22511161,11385122,home,3,2,2,0,0,0,1,1,0,0,1,0,0
22511161,11385130,home,3,0,0,0,0,0,1,0,0,0,0,0,1
22511161,11389656,home,2,1,0,0,0,0,0,1,2,0,0,0,0
22511161,11385126,home,3,0,2,0,0,0,0,0,0,0,0,0,0
22511161,11385128,home,3,1,0,1,0,0,1,0,1,0,0,0,0
22511162,11380982,away,4,1,2,0,0,0,1,0,0,0,1,0,0
22511162,11380979,away,4,0,0,0,0,0,0,0,1,0,0,0,0
22511162,11380992,away,4,1,0,0,1,0,2,0,2,0,0,0,0
22511162,11380986,away,2,0,0,0,0,0,1,1,1,0,0,0,0
22511162,11380987,away,3,0,1,0,0,0,1,1,0,0,0,0,0
22511162,11380977,away,3,0,1,0,1,0,0,1,0,0,0,0,0
22511162,11380988,away,4,0,1,0,0,0,0,0,0,0,0,0,0
22511162,11380990,away,3,0,1,0,0,0,1,0,0,0,0,0,0
22511162,11380984,away,4,1,3,0,0,0,0,0,0,0,0,0,0
22511162,11380980,away,4,2,2,0,0,0,0,0,2,0,0,0,0
22511162,11380981,away,4,0,0,0,0,0,0,0,1,0,0,0,0
22511162,11389539,home,4,1,1,1,0,0,3,0,0,0,1,0,2
22511162,11389540,home,1,2,1,0,0,0,1,3,0,0,0,0,0
22511162,11389541,home,4,1,1,0,0,0,1,0,0,0,0,0,0
22511162,11385550,home,3,3,1,1,1,0,5,1,0,0,0,0,0
22511162,11389542,home,4,2,2,0,0,0,0,0,0,0,1,0,1
22511162,11389543,home,4,0,2,0,0,0,1,0,0,0,0,0,0
22511162,11385547,home,4,2,4,0,0,0,4,0,0,0,0,0,0
22511162,11385139,home,3,3,2,0,0,0,1,0,0,0,0,0,1
22511162,11389544,home,4,0,1,1,0,0,4,0,0,0,0,0,0
22511162,11389545,home,4,1,1,0,0,0,1,0,0,0,0,0,0
22511162,11389546,home,3,4,1,0,0,0,1,1,0,0,0,0,1
22511162,11389547,home,4,4,3,0,0,0,1,0,0,0,2,0,0
22511162,11385545,home,3,1,0,0,0,0,0,1,2,0,0,0,0
22511165,11385044,away,5,1,1,0,0,0,0,0,0,0,0,0,1
22511165,11389665,away,3,2,1,0,0,0,0,1,0,1,0,0,0
22511165,11389666,away,3,2,2,0,0,0,2,0,0,0,0,0,1
22511165,11385047,away,3,4,2,0,0,0,0,2,0,0,0,0,0
22511165,11389668,away,4,3,1,1,0,0,2,0,1,0,0,0,1
22511165,11385043,away,4,1,3,1,0,0,4,0,0,0,2,0,0
22511165,11385078,away,5,3,3,0,0,0,0,0,0,0,0,0,1
22511165,11389670,away,4,2,3,0,0,0,0,1,1,0,0,0,0
22511165,11389671,away,3,1,2,0,0,0,0,0,0,1,0,0,0
22511165,11385045,away,3,0,0,0,0,0,1,1,0,0,1,1,1
22511165,11389539,home,3,0,0,0,0,0,1,0,0,0,0,0,1
22511165,11389540,home,2,1,2,0,0,0,1,1,0,0,0,0,0
22511165,11389541,home,2,0,0,0,0,0,0,1,1,0,0,0,0
22511165,11385550,home,3,1,2,0,0,0,2,1,0,0,2,0,1
22511165,11389542,home,4,1,2,0,0,0,0,0,0,0,2,0,0
22511165,11389543,home,2,0,0,0,0,0,1,0,1,0,0,1,0
22511165,11385547,home,2,2,1,0,0,0,0,0,0,1,0,0,0
22511165,11385139,home,3,2,0,1,0,0,0,0,0,0,0,0,1
22511165,11389544,home,3,0,2,0,0,0,2,0,0,0,1,0,0
22511165,11389545,home,3,2,1,0,0,0,0,0,0,0,1,0,1
22511165,11389546,home,1,2,1,0,0,0,0,2,0,0,1,0,0
22511165,11385548,home,4,1,1,0,0,0,2,0,1,0,1,0,1
22504901,11385053,away,3,1,2,0,0,0,2,1,1,0,1,0,0
22504901,11385050,away,5,1,2,1,0,0,4,0,0,0,3,0,1
22504901,11385515,away,4,0,2,0,0,0,2,1,0,0,1,0,0
22504901,11389639,away,5,0,0,0,0,0,0,0,3,0,0,0,0
22504901,11385052,away,3,3,3,0,0,0,0,1,0,0,3,0,0
22504901,11385517,away,5,0,0,0,0,0,0,0,1,0,0,0,0
22504901,11389642,away,3,2,0,0,0,0,0,0,0,1,0,0,2
22504901,11389643,away,2,1,0,0,0,0,0,1,2,0,0,0,0
22504901,11385054,away,3,2,1,0,0,0,0,1,1,0,0,0,0
22504901,11385051,away,3,2,1,0,0,0,2,1,1,0,0,0,0
22504901,11385521,away,2,3,1,0,0,0,2,2,0,0,0,0,0
22504901,11385055,away,1,1,0,0,0,0,0,1,0,0,2,0,0
22504901,11380979,home,3,0,0,0,0,0,0,0,2,0,0,0,0
22504901,11380992,home,3,1,2,0,0,0,0,0,1,0,1,0,0
22504901,11380987,home,3,0,1,0,0,0,0,0,1,0,3,0,1
22504901,11380977,home,4,1,1,0,0,1,2,0,1,0,1,0,0
22504901,11380988,home,2,0,0,0,0,0,0,0,0,0,0,0,0
22504901,11380990,home,4,0,1,0,0,0,1,0,2,0,0,0,0
22504901,11380984,home,3,0,1,0,0,0,0,0,0,0,0,0,0
22504901,11380980,home,3,0,1,0,0,0,0,0,2,0,0,0,0
22504901,11380991,home,3,0,0,0,0,0,0,0,2,0,0,0,0
22504901,11380983,home,3,0,0,0,0,0,1,0,0,0,0,0,0
22504901,11380981,home,3,0,1,0,0,0,0,0,2,0,0,0,0
22504901,11380978,home,4,2,1,1,1,0,0,0,0,0,0,0,0
22511164,11389632,away,4,4,2,1,0,0,1,0,0,0,1,0,1
22511164,11385505,away,3,0,0,0,0,0,0,0,1,0,0,0,0
22511164,11385502,away,3,1,0,0,0,0,1,1,0,0,1,0,0
22511164,11385498,away,4,1,2,0,0,0,1,0,1,0,2,0,1
22511164,11385510,away,3,1,1,0,0,0,0,0,0,0,0,0,0
22511164,11385497,away,3,3,1,1,0,0,3,1,0,0,1,0,1
22511164,11385507,away,3,0,1,0,0,0,2,0,2,0,0,0,0
22511164,11389633,away,3,0,2,0,0,0,1,0,0,0,0,0,1
22511164,11385496,away,3,2,2,0,0,0,0,0,0,0,2,0,1
22511164,11389634,away,3,1,1,0,0,0,0,0,2,0,0,0,0
22511164,11385500,away,3,1,2,0,0,0,2,1,0,0,2,0,0
22511164,11389635,away,2,2,0,0,0,0,2,1,0,0,0,0,0
22511164,11389638,away,3,0,2,0,0,0,0,0,1,0,0,0,0
22511164,11389636,away,3,0,0,0,0,0,0,0,1,0,0,0,1
22511164,11385495,away,3,2,1,1,0,0,2,0,0,0,0,0,0
22511164,11389650,home,3,2,1,0,1,0,2,0,0,0,0,0,0
22511164,11385129,home,3,2,2,0,0,0,1,0,1,0,0,0,0
22511164,11385123,home,2,1,0,0,0,0,0,1,0,0,0,0,0
22511164,11389651,home,3,2,2,0,0,0,2,0,0,0,0,0,0
22511164,11389652,home,3,1,0,1,0,0,1,0,0,0,0,0,1
22511164,11389653,home,3,1,2,0,0,0,0,0,0,0,0,0,0
22511164,11385124,home,3,1,0,0,0,0,0,0,0,0,0,0,0
22511164,11389657,home,2,1,2,0,0,0,1,1,0,0,0,0,0
22511164,11389654,home,2,0,0,0,0,0,0,1,1,0,0,0,0
22511164,11389655,home,3,2,2,1,0,0,3,0,0,0,0,0,0
22511164,11385122,home,3,1,1,1,0,0,1,0,1,0,0,0,0
22511164,11385130,home,1,1,0,1,0,0,3,1,0,0,1,1,0
22511164,11385127,home,4,3,3,0,0,0,1,0,0,0,1,0,0
22511164,11385128,home,3,0,1,0,0,0,2,0,1,0,0,0,1
22511168,11389632,away,2,0,0,0,0,0,0,0,0,0,0,0,0
22511168,11385505,away,1,0,0,0,0,0,0,1,1,0,0,0,0
22511168,11385502,away,2,0,0,0,0,0,0,0,0,0,0,0,0
22511168,11385498,away,2,0,0,0,0,0,0,0,0,0,0,0,0
22511168,11385510,away,1,0,0,0,0,0,0,0,0,0,0,0,0
22511168,11385497,away,2,0,0,0,0,0,0,0,0,0,0,0,1
22511168,11385507,away,2,0,0,0,0,0,0,0,1,0,0,0,0
22511168,11389633,away,1,0,0,0,0,0,0,0,1,0,0,0,0
22511168,11385496,away,2,1,2,0,0,0,1,0,0,0,2,0,0
22511168,11389634,away,1,0,1,0,0,0,0,1,0,0,1,0,0
22511168,11385500,away,1,0,0,0,0,0,0,0,0,0,0,0,0
22511168,11389635,away,2,0,1,0,0,0,1,0,0,0,0,0,0
22511168,11389638,away,2,0,0,0,0,0,0,0,1,0,0,0,0
22511168,11389636,away,2,0,0,0,0,0,0,0,0,0,0,0,0
22511168,11385495,away,1,0,0,0,0,0,0,0,0,0,0,0,0
22511168,11389637,away,2,1,2,0,0,0,0,0,0,0,1,0,0
22511168,11385053,home,3,2,1,1,0,0,1,0,0,0,1,0,0
22511168,11385050,home,3,2,2,1,0,0,2,1,0,0,3,0,0
22511168,11385516,home,4,1,0,1,0,0,0,0,0,0,1,0,0
22511168,11389639,home,3,1,1,0,0,0,0,0,0,0,0,0,0
22511168,11385052,home,4,2,1,0,0,0,0,0,0,0,2,0,1
22511168,11385517,home,4,0,1,0,0,0,2,0,0,0,0,0,0
22511168,11397075,home,3,1,1,0,0,0,3,0,0,0,0,0,1
22511168,11389644,home,3,1,2,0,0,0,0,0,1,0,0,0,0
22511168,11385051,home,3,0,2,0,0,0,3,0,0,0,0,1,0
22511168,11385521,home,2,1,1,0,0,0,0,1,0,0,0,0,0
22511166,11385129,away,4,0,1,0,0,0,0,0,0,0,0,0,0
22511166,11385123,away,5,3,1,0,0,0,0,0,0,0,1,0,1
22511166,11385124,away,3,2,3,0,0,0,2,0,0,0,0,0,0
22511166,11385122,away,5,2,2,0,0,0,0,0,0,0,0,0,0
22511166,11385130,away,4,0,4,0,0,0,2,0,0,0,1,0,0
22511166,11385127,away,4,1,3,0,0,0,1,0,0,0,0,0,0
22511166,11385126,away,4,0,2,0,0,0,3,0,0,0,0,0,0
22511166,11385128,away,4,1,3,0,0,0,0,0,0,0,0,0,0
22511166,11389540,home,2,1,0,0,0,0,0,1,0,0,0,0,0
22511166,11389541,home,2,2,2,0,0,0,2,1,0,0,0,0,0
22511166,11385550,home,4,2,2,1,1,0,3,0,0,0,2,0,0
22511166,11389543,home,3,1,1,0,0,0,0,0,1,0,0,0,1
22511166,11385139,home,3,1,1,0,0,0,1,0,1,0,0,0,0
22511166,11389544,home,3,1,1,1,0,0,0,0,0,0,0,0,0
22511166,11389545,home,1,2,0,0,0,0,0,2,0,0,0,0,0
22511166,11389546,home,4,1,2,0,0,0,1,0,1,0,1,0,0
22511166,11389547,home,3,1,2,0,0,0,0,0,1,0,2,0,0
22511167,11380982,away,3,2,2,0,0,0,0,0,0,0,1,0,0
22511167,11380979,away,3,2,1,0,1,0,2,0,0,0,1,0,0
22511167,11380992,away,3,1,1,0,0,0,1,0,1,0,0,0,0
22511167,11380986,away,2,0,0,0,0,0,0,1,1,0,0,0,0
22511167,11380987,away,3,2,2,0,0,0,1,0,0,0,0,0,0
22511167,11380977,away,3,1,2,0,0,0,3,0,0,0,1,0,0
22511167,11380990,away,3,1,2,0,0,0,0,0,0,0,0,0,0
22511167,11380984,away,4,0,1,0,0,0,0,0,1,0,0,0,0
22511167,11380980,away,3,1,2,0,0,0,1,0,1,0,0,0,0
22511167,11380991,away,3,1,3,0,0,0,3,0,0,0,0,0,0
22511167,11380983,away,3,0,2,1,0,0,4,0,0,0,1,0,0
22511167,11380981,away,3,2,2,0,0,0,0,0,0,0,1,0,0
22511167,11380978,away,3,2,2,0,0,0,0,0,0,0,2,0,0
22511167,11385044,home,3,2,1,1,0,0,3,0,0,0,2,0,0
22511167,11389666,home,3,0,0,0,0,0,0,0,2,0,0,0,0
22511167,11389667,home,4,2,2,0,0,0,0,0,0,0,0,0,0
22511167,11389668,home,2,0,1,0,0,0,1,1,0,0,1,0,0
22511167,11385043,home,4,2,2,0,0,0,1,0,0,0,2,0,0
22511167,11385078,home,2,2,1,0,0,0,1,1,0,0,0,0,1
22511167,11385083,home,3,0,0,0,0,0,0,0,1,0,0,0,0
22511167,11389669,home,3,0,2,0,0,0,0,0,1,0,0,0,0
22511167,11389670,home,3,1,1,1,0,0,1,0,0,0,0,0,1
22511167,11385046,home,1,0,0,0,0,0,0,1,1,1,0,0,0
22511167,11385045,home,3,2,1,1,0,0,1,1,0,0,0,0,0
22511170,11389664,away,5,1,0,1,0,0,1,0,2,0,0,0,0
22511170,11389666,away,5,0,0,0,0,0,0,0,1,0,0,0,1
22511170,11389667,away,5,2,2,0,0,0,0,0,3,0,0,0,0
22511170,11389668,away,5,3,2,1,0,0,3,0,1,0,0,0,1
22511170,11385043,away,5,0,1,0,0,0,1,0,0,0,0,0,0
22511170,11385078,away,4,1,1,0,0,0,2,1,0,0,0,0,0
22511170,11413026,away,5,1,3,1,0,0,2,0,0,0,0,0,0
22511170,11385083,away,2,0,0,0,0,0,0,1,1,0,0,0,0
22511170,11389670,away,4,3,3,1,0,0,3,1,0,0,0,0,0
22511170,11385045,away,4,3,0,0,0,0,0,1,0,0,0,0,2
22511170,11385053,home,2,2,0,0,0,0,0,2,0,0,0,0,0
22511170,11385050,home,5,2,0,0,0,0,2,0,0,0,1,0,0
22511170,11385515,home,2,3,0,0,0,0,2,2,1,1,1,0,1
22511170,11385516,home,3,4,2,0,0,0,0,2,1,0,4,0,0
22511170,11389639,home,5,1,2,1,0,0,2,0,0,0,0,0,1
22511170,11385517,home,5,0,4,0,0,0,2,0,0,0,0,0,0
22511170,11389642,home,2,0,0,0,0,0,2,1,0,0,0,1,1
22511170,11389643,home,3,3,0,0,1,0,1,2,1,0,0,0,0
22511170,11389644,home,4,1,4,0,0,0,1,1,0,0,1,0,0
22511170,11385051,home,4,4,2,1,0,0,3,1,0,0,0,0,0
22511170,11385521,home,4,0,1,0,0,0,1,0,0,0,0,0,0
22511169,11380982,away,3,0,0,0,0,0,0,0,1,0,0,0,0
22511169,11380979,away,2,0,1,0,0,0,0,1,0,0,2,0,0
22511169,11380986,away,3,1,0,0,0,0,0,0,1,0,1,0,1
22511169,11380987,away,4,0,0,0,0,0,0,0,1,0,0,0,0
22511169,11380977,away,3,3,2,0,0,0,2,0,0,1,4,0,0
22511169,11380988,away,3,0,1,0,0,0,1,0,0,0,0,0,0
22511169,11380990,away,4,1,0,1,0,0,0,0,1,0,0,0,1
22511169,11380984,away,3,0,2,0,0,0,2,0,1,0,1,0,0
22511169,11380980,away,2,0,0,0,0,0,0,1,2,0,0,0,0
22511169,11380991,away,3,0,0,0,0,0,0,0,0,0,0,0,2
22511169,11380983,away,2,0,0,0,0,0,0,0,0,0,0,0,0
22511169,11380981,away,3,0,0,0,0,0,0,0,2,0,1,0,1
22511169,11380978,away,4,1,1,0,0,0,0,0,0,0,1,0,0
22511169,11389650,home,2,1,1,0,0,0,1,0,0,0,0,0,0
22511169,11385129,home,3,0,0,0,0,0,0,0,1,0,0,0,0
22511169,11385123,home,2,0,0,0,0,0,0,0,0,1,0,0,1
22511169,11389651,home,3,1,1,1,0,0,1,0,0,0,0,0,0
22511169,11389652,home,0,0,0,0,0,0,1,2,0,0,0,1,0
22511169,11389653,home,1,1,0,0,0,0,0,1,0,0,0,0,1
22511169,11385124,home,1,3,0,1,0,0,1,2,0,0,1,0,0
22511169,11389657,home,3,1,0,0,0,0,0,0,0,0,0,0,1
22511169,11389654,home,3,0,0,0,0,0,0,0,0,0,0,0,1
22511169,11389655,home,2,1,0,0,0,0,0,0,0,1,0,0,0
22511169,11385127,home,3,1,0,1,0,0,1,0,0,0,0,0,0
22511169,11385126,home,3,0,1,0,0,0,1,0,1,0,0,0,0
22511169,11385128,home,2,1,1,0,0,0,0,1,0,0,0,0,0
22511171,11389539,away,4,1,2,0,0,0,1,0,1,0,1,0,0
22511171,11389540,away,2,1,1,0,0,0,2,1,0,0,0,0,0
22511171,11389541,away,2,2,0,0,0,0,0,2,1,0,0,0,1
22511171,11389542,away,3,1,1,0,0,0,1,1,0,0,0,0,0
22511171,11389543,away,2,2,0,0,0,0,0,2,0,0,1,0,0
22511171,11385547,away,3,0,1,0,0,0,1,0,1,0,0,1,0
22511171,11385139,away,3,1,0,0,0,0,0,1,0,0,0,0,0
22511171,11389544,away,3,1,0,0,0,0,0,1,0,0,0,0,1
22511171,11389545,away,3,1,2,0,0,0,2,1,0,0,2,0,0
22511171,11389546,away,4,1,0,1,0,0,0,0,0,0,0,0,1
22511171,11389547,away,3,0,1,0,0,0,0,1,0,0,2,0,0
22511171,11385545,away,4,0,1,0,0,0,1,0,0,0,0,0,0
22511171,11385548,away,3,0,1,0,0,0,0,0,0,0,1,0,0
22511171,11389632,home,3,2,1,0,0,0,1,1,0,0,2,0,0
22511171,11385505,home,3,0,1,0,0,0,0,0,0,0,0,0,0
22511171,11385502,home,3,1,1,0,0,0,0,0,0,0,1,0,0
22511171,11385498,home,3,3,1,0,0,0,3,0,0,0,1,0,1
22511171,11385497,home,3,1,1,0,0,0,1,0,1,0,1,0,0
22511171,11385507,home,3,2,0,2,0,0,0,1,0,0,0,0,0
22511171,11385496,home,4,1,3,0,0,0,2,0,0,0,1,0,0
22511171,11389634,home,2,0,1,0,0,0,0,1,1,0,0,0,0
22511171,11385500,home,4,0,1,0,0,0,2,0,0,0,0,0,0
22511171,11389635,home,1,1,0,0,0,0,1,0,0,1,0,1,0
22511171,11389638,home,4,1,1,0,0,0,0,0,1,0,0,0,0
22511171,11389636,home,4,1,0,0,0,0,1,0,1,0,0,0,2
22511171,11389637,home,3,0,1,0,0,0,0,0,0,0,0,0,1
22511179,11389632,away,6,4,2,2,0,0,2,1,0,0,1,0,0
22511179,11385502,away,5,1,0,0,0,0,1,1,1,0,2,0,0
22511179,11385498,away,4,3,0,1,1,0,2,1,0,0,0,0,1
22511179,11385497,away,6,3,2,1,0,0,1,0,0,0,0,0,1
22511179,11389634,away,6,2,3,0,0,0,1,0,1,0,0,0,0
22511179,11385500,away,4,1,2,0,0,0,1,2,0,0,3,0,0
22511179,11389635,away,5,1,3,0,0,0,4,1,0,0,1,0,0
22511179,11389636,away,6,3,2,1,0,0,1,0,0,0,2,0,2
22511179,11385495,away,5,2,2,0,0,0,0,1,1,0,0,0,0
22511179,11389637,away,6,1,3,0,0,0,1,0,0,0,0,0,1
22511179,11380982,home,5,1,3,0,0,0,0,0,1,0,0,0,1
22511179,11380979,home,4,0,1,0,0,0,0,1,1,0,0,0,0
22511179,11380992,home,4,0,1,0,0,0,0,0,0,0,1,0,0
22511179,11380986,home,2,0,0,0,0,0,0,0,1,0,0,0,0
22511179,11380987,home,5,2,4,0,0,0,0,0,0,0,2,0,0
22511179,11380977,home,5,3,3,0,0,0,3,0,0,0,4,0,1
22511179,11380984,home,4,0,2,0,0,0,3,0,1,0,0,0,0
22511179,11380980,home,3,1,1,0,0,0,1,2,1,0,0,0,0
22511179,11380991,home,4,0,0,0,0,0,1,0,0,0,0,0,0
22511179,11380983,home,0,0,0,0,0,0,0,0,0,0,0,0,0
22511179,11380981,home,4,1,1,0,0,0,0,0,1,0,1,0,0
22511179,11380978,home,5,2,2,0,0,0,1,0,0,0,1,0,0
22511175,11385044,away,4,2,2,0,0,0,0,0,1,0,0,0,0
22511175,11389665,away,4,0,2,1,0,0,2,0,0,0,0,0,0
22511175,11389667,away,3,0,1,0,0,0,0,0,2,0,0,0,0
22511175,11389668,away,3,3,1,1,0,0,0,1,0,0,0,0,0
22511175,11385043,away,4,4,2,1,0,0,4,1,0,0,0,0,0
22511175,11385078,away,4,2,3,1,0,0,5,0,0,0,0,0,0
22511175,11385083,away,4,0,0,0,0,0,0,0,1,0,0,0,0
22511175,11389669,away,4,2,4,0,0,0,3,0,0,0,0,0,0
22511175,11389670,away,5,3,2,0,1,0,1,0,0,0,0,0,0
22511175,11389672,away,3,0,1,0,0,0,1,1,1,0,0,0,0
22511175,11389671,away,2,1,1,0,0,0,2,1,1,0,0,0,0
22511175,11385045,away,5,3,3,1,0,0,1,0,0,0,2,0,0
22511175,11385129,home,4,1,2,0,0,0,0,0,1,0,0,0,1
22511175,11385123,home,3,0,0,0,0,0,0,1,0,0,0,0,1
22511175,11389651,home,5,0,2,0,0,0,2,0,0,0,0,0,0
22511175,11389653,home,4,2,2,0,0,0,1,1,0,0,0,0,1
22511175,11385124,home,3,1,1,0,0,0,2,1,1,1,0,0,0
22511175,11389654,home,3,1,1,0,0,0,0,1,1,0,0,0,0
22511175,11385130,home,5,3,2,0,0,0,0,0,1,0,1,0,0
22511175,11416959,home,5,0,0,0,0,0,0,0,1,0,0,0,1
22511175,11385127,home,5,0,1,0,0,0,0,0,1,0,0,0,0
22511175,11385128,home,3,0,0,0,0,0,0,1,0,0,0,0,0
22511177,11385522,away,0,0,0,0,0,0,0,0,0,0,0,0,0
22511177,11385050,away,5,2,2,0,0,0,1,0,0,0,2,0,0
22511177,11385515,away,4,1,2,1,0,0,2,0,0,0,0,0,0
22511177,11385516,away,3,0,2,0,0,0,2,1,0,0,2,0,0
22511177,11389639,away,5,2,2,0,0,0,1,0,1,0,1,0,1
22511177,11385052,away,4,1,1,0,0,0,2,1,0,0,1,0,0
22511177,11385517,away,5,1,5,0,0,0,3,0,0,0,1,0,0
22511177,11389643,away,3,1,0,0,0,0,1,0,0,0,0,0,2
22511177,11389644,away,5,1,3,0,0,0,2,0,0,0,1,0,0
22511177,11385054,away,4,2,1,1,0,0,1,0,0,0,0,0,0
22511177,11385051,away,3,2,1,0,0,0,0,1,0,0,0,0,0
22511177,11385521,away,3,1,0,0,0,0,0,0,0,0,0,0,0
22511177,11385055,away,5,2,2,0,1,0,1,0,0,0,1,0,0
22511177,11389538,home,4,1,1,0,0,0,0,0,1,0,0,0,1
22511177,11389539,home,4,0,1,0,0,0,1,0,0,0,0,0,0
22511177,11389540,home,4,2,2,0,0,0,1,0,0,0,1,0,1
22511177,11389541,home,4,0,1,0,0,0,0,0,1,0,1,0,0
22511177,11385550,home,4,1,1,1,0,0,3,0,0,0,1,0,0
22511177,11385547,home,4,1,2,1,0,0,1,0,0,0,0,0,0
22511177,11385139,home,3,0,0,0,0,0,2,0,0,1,0,0,0
22511177,11389544,home,4,0,1,0,0,0,0,0,0,0,0,0,0
22511177,11389545,home,1,1,0,1,0,0,1,2,0,0,0,0,1
22511177,11389546,home,4,1,0,0,0,0,0,0,1,0,0,0,1
22511177,11389547,home,2,2,1,0,0,0,0,1,0,1,2,0,0
22511177,11385545,home,3,0,0,0,0,0,0,0,2,0,0,0,0
22511185,11389650,away,2,1,0,0,0,0,0,1,0,0,0,0,0
22511185,11385129,away,2,1,0,0,0,0,1,1,1,0,0,0,0
22511185,11385123,away,3,1,1,0,0,0,1,0,0,0,0,0,0
22511185,11389651,away,4,1,1,1,0,0,0,0,0,0,0,0,0
22511185,11385124,away,2,2,1,0,0,0,1,1,0,0,0,0,0
22511185,11389657,away,4,0,0,0,0,0,0,0,1,0,0,0,0
22511185,11389654,away,3,0,1,0,0,0,1,0,0,0,0,0,0
22511185,11389655,away,4,0,2,0,0,0,2,0,0,0,0,0,0
22511185,11385122,away,4,1,0,0,0,0,0,0,0,0,0,0,0
22511185,11385130,away,3,0,0,0,1,0,1,0,0,0,0,0,0
22511185,11385126,away,4,0,2,1,0,0,1,0,0,0,0,0,0
22511185,11385128,away,3,1,1,0,0,0,0,0,0,0,0,0,0
22511185,11385053,home,3,1,1,0,0,0,1,0,0,0,0,0,0
22511185,11385050,home,4,2,2,1,0,0,2,0,0,0,2,0,0
22511185,11385515,home,4,0,0,0,0,0,1,0,2,0,0,0,0
22511185,11389639,home,3,0,0,0,0,0,0,0,2,0,0,0,0
22511185,11385052,home,3,1,1,0,0,0,0,0,0,1,2,0,0
22511185,11389642,home,3,0,0,0,0,0,0,0,0,0,0,0,0
22511185,11389643,home,3,0,2,0,0,0,1,1,0,0,0,0,0
22511185,11389644,home,4,1,2,0,0,0,0,0,0,0,2,0,0
22511185,11385521,home,4,1,1,0,0,0,2,0,0,0,0,0,1
22511185,11385055,home,4,1,2,0,0,0,0,0,1,0,2,0,0
22511184,11385044,away,5,2,2,0,0,0,1,0,0,0,1,0,0
22511184,11389666,away,4,1,2,0,0,0,1,1,1,0,0,0,0
22511184,11389667,away,4,1,1,1,0,0,3,1,0,0,0,0,0
22511184,11389668,away,4,3,1,1,0,0,1,1,0,0,1,0,0
22511184,11385043,away,3,2,1,0,0,1,2,1,0,1,1,0,0
22511184,11385078,away,3,1,1,0,0,0,2,1,0,1,0,0,0
22511184,11385083,away,2,1,0,0,0,0,0,3,1,0,1,0,0
22511184,11389669,away,4,1,2,0,0,0,2,0,0,1,0,0,0
22511184,11389670,away,5,0,2,0,0,0,4,0,0,0,0,0,0
22511184,11389672,away,3,4,2,0,0,0,0,2,0,0,0,0,0
22511184,11385045,away,4,1,1,0,0,0,1,1,0,0,1,0,0
22511184,11389632,home,4,1,0,0,0,0,1,1,0,0,2,0,0
22511184,11385505,home,3,0,0,0,0,0,0,0,3,0,0,0,0
22511184,11385502,home,4,0,0,0,0,0,0,0,0,0,0,0,0
22511184,11385498,home,4,1,3,0,0,0,2,0,0,0,2,0,0
22511184,11385510,home,2,0,1,0,0,0,0,2,0,0,0,0,0
22511184,11385497,home,4,1,1,0,0,0,0,0,1,0,1,0,0
22511184,11385507,home,1,0,0,0,0,0,0,3,1,0,0,0,0
22511184,11385496,home,4,1,1,0,0,0,0,0,0,0,2,0,0
22511184,11389634,home,4,1,1,0,0,0,0,0,0,0,0,0,0
22511184,11389635,home,3,1,0,1,0,0,1,1,0,0,0,0,0
22511184,11389636,home,0,0,0,0,0,0,0,0,0,1,0,0,0
22511184,11385495,home,4,0,1,0,0,0,0,0,0,0,0,0,0
22511184,11389637,home,3,0,1,0,0,0,2,1,0,0,1,0,0
22511186,11389538,away,4,0,3,1,0,0,1,0,0,0,2,0,0
22511186,11389539,away,3,0,0,0,0,0,0,0,0,0,0,0,0
22511186,11389540,away,3,1,1,0,0,0,1,0,1,0,0,0,0
22511186,11389541,away,2,1,0,0,0,0,1,1,0,0,0,0,0
22511186,11385550,away,3,2,1,1,0,0,1,1,0,0,1,0,1
22511186,11389542,away,4,0,1,0,0,0,1,0,1,0,0,0,0
22511186,11389543,away,2,1,0,0,0,0,0,1,0,0,1,0,1
22511186,11385547,away,2,1,0,0,0,0,0,0,0,0,0,0,0
22511186,11385139,away,3,1,1,0,0,0,1,0,0,0,1,0,0
22511186,11389545,away,3,0,0,0,0,0,1,1,0,0,0,0,0
22511186,11389546,away,3,0,0,0,0,0,0,1,0,0,0,0,0
22511186,11385545,away,2,0,0,0,0,0,1,0,0,1,0,0,0
22511186,11385548,away,3,1,2,0,0,0,0,0,1,0,0,0,0
22511186,11380982,home,4,1,2,0,0,0,1,1,0,0,0,0,0
22511186,11380992,home,4,1,2,0,0,0,0,0,1,0,1,0,0
22511186,11380986,home,4,0,0,0,0,0,1,0,3,0,0,0,0
22511186,11380985,home,4,1,1,0,0,0,1,0,0,0,0,0,2
22511186,11380987,home,4,0,0,0,0,0,0,0,2,0,0,0,1
22511186,11380977,home,5,3,4,1,0,0,7,0,0,0,1,0,0
22511186,11380988,home,4,3,2,1,0,0,3,0,1,0,1,1,0
22511186,11380990,home,5,4,3,0,1,0,2,0,0,0,3,0,0
22511186,11380984,home,4,2,2,0,0,0,0,1,1,1,0,0,0
22511186,11380989,home,4,2,1,0,0,0,0,0,1,0,1,0,0
22511186,11380991,home,3,1,2,0,0,0,2,1,0,0,0,0,0
22511186,11380983,home,4,2,1,1,0,0,2,1,0,0,1,0,0
22511189,11389538,away,4,2,1,0,0,0,0,0,1,0,0,0,1
22511189,11389539,away,5,3,3,0,0,0,1,0,0,0,2,0,0
22511189,11389540,away,4,1,2,1,0,0,1,0,0,0,2,0,0
22511189,11389541,away,5,0,1,0,0,0,0,0,0,0,0,0,0
22511189,11385550,away,5,0,2,0,0,0,0,0,0,0,0,0,0
22511189,11389543,away,2,3,1,0,0,0,2,3,0,0,2,0,1
22511189,11385139,away,4,3,2,0,0,0,1,0,0,0,0,0,0
22511189,11389546,away,0,0,0,0,0,0,0,0,0,0,0,0,0
22511189,11389665,home,3,0,2,1,0,0,2,1,0,0,0,0,0
22511189,11389666,home,4,0,1,0,0,0,0,0,1,0,0,0,1
22511189,11389667,home,5,1,0,0,0,0,0,0,0,0,1,0,1
22511189,11389668,home,4,2,2,0,0,0,0,0,0,0,0,0,0
22511189,11385083,home,4,1,0,0,0,0,0,0,0,0,0,0,1
22511189,11389671,home,3,0,0,0,0,0,0,1,1,0,0,0,0
22511188,11389650,away,4,1,2,0,0,0,1,0,1,0,1,0,0
22511188,11385129,away,3,2,1,0,0,0,1,1,0,0,1,0,0
22511188,11385123,away,3,1,0,0,0,0,1,2,0,0,0,0,0
22511188,11389652,away,4,1,1,0,0,0,1,1,1,0,0,0,0
22511188,11389653,away,5,0,1,0,0,0,0,0,2,0,0,0,0
22511188,11385124,away,4,1,0,1,0,0,2,1,1,0,1,0,0
22511188,11389657,away,4,1,3,1,0,0,3,1,0,0,1,0,0
22511188,11389654,away,4,0,0,0,0,0,0,0,1,0,0,0,0
22511188,11389655,away,5,2,2,1,0,0,3,0,0,0,2,0,0
22511188,11385122,away,3,2,1,0,0,0,0,1,0,1,2,0,1
22511188,11385130,away,4,1,2,0,0,0,0,0,0,0,0,0,0
22511188,11385126,away,4,2,1,0,0,0,0,1,1,0,1,0,1
22511188,11389632,home,5,4,4,0,0,0,0,1,0,0,4,0,0
22511188,11385505,home,2,0,0,0,0,0,0,1,0,2,1,0,0
22511188,11385502,home,5,0,1,0,0,0,1,0,1,0,0,0,0
22511188,11385498,home,5,2,1,2,0,0,3,1,1,0,1,0,0
22511188,11385507,home,5,0,0,0,0,0,1,0,1,0,0,0,0
22511188,11385496,home,5,4,4,0,0,0,3,1,0,0,3,0,0
22511188,11389634,home,6,1,2,1,0,0,3,0,0,0,1,0,0
22511188,11389638,home,5,0,1,0,0,0,1,0,1,0,0,0,0
22511188,11389636,home,5,0,2,0,0,0,0,0,1,0,0,0,0
22511188,11389637,home,5,1,3,0,0,0,0,0,0,0,2,0,0
22511187,11380982,away,4,1,1,0,0,0,1,1,1,0,1,0,0
22511187,11380979,away,4,1,2,0,0,0,0,0,0,0,0,0,0
22511187,11380992,away,4,0,1,0,0,0,1,1,2,0,0,0,0
22511187,11380986,away,5,2,2,0,0,0,1,0,1,0,1,0,1
22511187,11380985,away,4,0,1,0,0,0,1,0,0,0,0,0,1
22511187,11380977,away,4,2,2,0,0,0,0,0,0,0,3,0,1
22511187,11380988,away,5,1,2,0,1,0,3,0,0,0,0,0,1
22511187,11380990,away,4,1,2,0,0,0,1,0,0,0,3,0,0
22511187,11380984,away,3,0,0,0,0,0,0,0,1,0,0,0,0
22511187,11380980,away,4,2,2,0,0,0,0,0,0,0,0,0,0
22511187,11380983,away,3,1,1,0,0,0,0,0,1,0,0,0,0
22511187,11380981,away,3,0,3,0,0,0,1,0,1,0,0,0,0
22511187,11380978,away,5,1,3,0,0,0,1,0,0,0,1,0,0
22511187,11385053,home,2,1,0,0,0,0,0,2,1,0,1,0,0
22511187,11385050,home,2,1,2,0,0,0,0,2,0,0,4,0,0
22511187,11385516,home,0,2,0,0,0,0,0,2,0,1,3,0,0
22511187,11389639,home,3,0,0,0,0,0,1,0,1,1,0,0,0
22511187,11385052,home,4,1,2,0,0,0,1,0,1,0,3,0,0
22511187,11385517,home,4,1,1,0,0,0,1,0,0,0,0,0,0
22511187,11389642,home,2,0,0,0,0,0,1,1,2,0,0,0,0
22511187,11389644,home,3,1,1,0,0,0,1,1,1,0,0,0,0
22511187,11385054,home,4,0,2,0,0,0,1,0,0,0,1,0,0
22511187,11385051,home,3,0,1,0,0,0,1,1,0,0,0,0,0
22511187,11385521,home,4,0,1,0,0,0,1,0,0,0,0,0,1
22511187,11385055,home,3,2,1,0,0,0,0,1,0,0,3,0,0
22511192,11385053,away,3,1,2,0,0,0,0,0,0,0,1,0,0
22511192,11385050,away,3,0,0,0,0,0,0,0,0,0,0,0,0
22511192,11385515,away,3,0,1,0,0,0,0,0,0,0,0,0,0
22511192,11385516,away,3,1,1,0,0,0,1,0,0,0,0,0,1
22511192,11389639,away,3,1,1,0,0,0,1,0,0,0,0,0,0
22511192,11385052,away,4,0,0,0,0,0,1,0,0,0,0,0,1
22511192,11385517,away,3,0,0,0,0,0,0,0,0,0,0,0,0
22511192,11389642,away,3,0,0,0,0,0,0,0,0,0,0,0,0
22511192,11385054,away,3,1,2,0,0,0,0,0,0,0,3,0,0
22511192,11385051,away,3,0,0,0,0,0,0,0,0,0,0,0,0
22511192,11385521,away,3,0,0,0,0,0,1,0,0,0,0,0,0
22511192,11389632,home,4,0,3,1,0,0,1,0,0,0,1,0,0
22511192,11385505,home,4,0,1,0,0,0,0,0,0,0,0,0,0
22511192,11385502,home,4,0,3,0,0,0,0,0,0,0,0,0,0
22511192,11385510,home,3,0,1,0,0,0,1,0,0,0,0,0,0
22511192,11385497,home,4,1,2,0,0,0,1,0,0,0,0,0,0
22511192,11385507,home,3,1,0,0,0,0,0,1,2,0,0,0,0
22511192,11385496,home,3,1,0,2,0,0,0,0,0,0,0,0,0
22511192,11389634,home,4,1,1,0,0,0,0,0,1,0,0,0,0
22511192,11385500,home,4,0,0,0,0,0,0,0,0,0,1,0,0
22511192,11389635,home,4,0,0,0,0,0,0,0,1,0,0,0,0
22511192,11389638,home,2,0,0,0,0,0,0,1,1,0,0,0,0
22511192,11385495,home,3,0,1,0,0,0,0,0,0,0,0,0,0
22511192,11389637,home,3,0,2,0,0,0,1,0,0,0,0,0,0
22511190,11385129,away,5,2,2,0,0,0,1,0,2,0,0,0,0
22511190,11385123,away,3,1,0,0,0,0,0,2,2,0,0,0,0
22511190,11389653,away,5,0,1,0,0,0,0,0,2,0,0,0,0
22511190,11385124,away,4,1,1,0,0,0,2,1,0,0,0,0,0
22511190,11389657,away,5,0,3,0,0,0,1,0,0,0,0,0,0
22511190,11389654,away,4,2,0,0,0,0,1,1,0,0,0,0,1
22511190,11389655,away,4,2,3,0,0,0,4,1,0,0,0,0,1
22511190,11385122,away,4,3,1,0,0,0,0,0,0,1,0,0,2
22511190,11385130,away,4,1,1,1,0,0,2,0,1,0,1,0,0
22511190,11385128,away,5,1,2,0,0,0,2,0,0,0,0,0,0
22511190,11389538,home,3,2,0,2,0,0,2,2,1,0,0,0,0
22511190,11389539,home,4,2,2,0,0,0,2,0,0,0,2,0,0
22511190,11389540,home,3,2,1,0,1,0,1,1,1,0,0,0,0
22511190,11389541,home,4,0,1,0,0,0,1,0,0,0,0,0,0
22511190,11385550,home,4,0,1,0,0,0,1,1,1,0,1,0,0
22511190,11389542,home,4,2,1,0,0,0,1,1,1,0,2,0,0
22511190,11389543,home,3,1,0,0,0,0,1,1,0,0,0,0,0
22511190,11385139,home,2,1,1,0,0,0,0,2,0,0,1,0,0
22511190,11389544,home,4,1,2,0,0,0,2,0,0,0,0,0,0
22511190,11389545,home,3,1,0,1,0,0,2,0,0,0,1,0,0
22511190,11389546,home,5,2,2,0,0,0,1,0,0,0,3,0,0
22511190,11385545,home,4,0,2,0,0,0,0,0,0,0,1,0,0
22511191,11380979,away,4,0,1,0,0,0,2,0,0,0,0,0,0
22511191,11380992,away,4,1,2,0,0,0,0,0,1,0,1,0,0
22511191,11380986,away,4,1,0,0,0,0,0,0,2,0,0,0,0
22511191,11380985,away,4,0,1,0,0,0,0,0,1,0,0,0,0
22511191,11380977,away,4,2,1,1,0,0,2,0,0,0,1,0,1
22511191,11380990,away,4,2,2,0,0,0,2,0,0,0,1,0,0
22511191,11380984,away,3,1,1,0,0,0,0,0,1,0,0,0,0
22511191,11380989,away,4,1,3,0,0,0,3,0,0,0,0,0,0
22511191,11380980,away,4,0,0,0,0,0,0,0,3,0,0,0,0
22511191,11380991,away,2,1,1,0,0,0,0,1,0,0,0,0,0
22511191,11380983,away,4,2,1,2,0,0,2,1,0,0,0,0,0
22511191,11380981,away,3,1,1,0,0,0,0,1,0,0,0,0,0
22511191,11380978,away,4,1,2,0,0,0,1,0,0,0,1,0,0
22511191,11389664,home,3,0,0,0,0,0,0,1,2,0,0,0,0
22511191,11385044,home,4,0,2,0,0,0,3,0,0,0,0,0,0
22511191,11389665,home,4,3,3,1,0,0,0,0,0,0,0,0,0
22511191,11389666,home,4,1,0,0,0,0,0,0,0,0,0,0,0
22511191,11389668,home,4,0,0,0,0,0,0,0,1,0,0,0,1
22511191,11385043,home,3,1,3,0,0,0,4,1,0,0,1,0,0
22511191,11385078,home,5,2,3,0,0,0,0,0,0,0,0,0,0
22511191,11385083,home,3,1,0,0,0,0,0,1,3,0,0,0,0
22511191,11389669,home,4,2,1,0,0,0,1,1,0,0,0,0,1
22511191,11389670,home,4,0,1,0,0,0,0,0,0,0,0,0,0
22511191,11389672,home,4,0,0,0,0,0,1,0,0,0,0,0,0
23860597,11997472,away,37,10,11,1,0,0,3,6,7,1,2,0,0
23860597,11997473,away,43,5,9,0,0,0,2,3,8,0,1,0,0
23860597,11997474,away,0,0,0,0,0,0,0,0,0,0,0,0,0
23860597,11997475,away,0,0,0,0,0,0,0,0,0,0,0,0,0
23860597,11997476,away,0,0,0,0,0,0,0,0,0,0,0,0,0
23860597,11997477,away,0,0,0,0,0,0,0,0,0,0,0,0,0
23860597,11997478,away,0,0,0,0,0,0,0,0,0,0,0,0,0
23860597,11997479,away,0,0,0,0,0,0,0,0,0,0,0,0,0
23860597,11997480,away,0,0,0,0,0,0,0,0,0,0,0,0,0
23860597,11997481,away,0,0,0,0,0,0,0,0,0,0,0,0,0
23860597,11997487,away,0,0,0,0,0,0,0,0,0,0,0,0,0
23860597,11997482,away,0,0,0,0,0,0,0,0,0,0,0,0,0
23860597,11997483,away,0,0,0,0,0,0,0,0,0,0,0,0,0
23860597,11997484,away,0,0,0,0,0,0,0,0,0,0,0,0,0
23860597,11997485,away,0,0,0,0,0,0,0,0,0,0,0,0,0
23860597,11997486,away,0,0,0,0,0,0,0,0,0,0,0,0,0
22877814,11583817,away,3,0,3,0,0,0,0,0,0,0,2,0,0
22877814,11583818,away,3,1,2,0,0,0,3,0,1,0,0,0,0
22877814,11583820,away,3,0,0,0,0,0,0,0,1,0,0,0,0
22877814,11583812,away,3,1,3,0,0,0,4,0,0,0,0,0,0
22877814,11583811,away,2,2,1,0,0,0,0,0,0,1,0,0,0
22877814,11583816,away,1,2,0,0,0,0,1,2,1,0,0,0,0
22877814,11583814,away,3,0,0,0,0,0,0,0,1,0,0,0,1
22877814,11583813,away,2,0,0,0,0,0,1,0,1,0,0,0,0
22877814,11583819,away,3,1,0,0,0,0,0,0,1,0,0,0,0
22877814,11583809,away,3,1,0,0,0,0,0,1,2,0,0,0,0
22877814,11583821,away,1,1,0,1,0,0,2,2,0,0,1,0,0
22877814,11583822,away,3,1,2,0,0,0,0,0,0,0,0,0,1
22877814,11583810,away,3,2,2,0,0,0,1,0,0,0,0,0,0
22877814,11583815,away,2,1,0,0,0,0,0,1,0,0,0,0,0
22877814,11858134,home,3,2,1,0,0,0,2,0,0,0,3,0,1
22877814,11858136,home,3,0,0,0,0,0,0,0,1,0,0,0,1
22877814,11858137,home,2,0,0,0,0,0,0,0,0,0,0,0,0
22877814,11858138,home,3,3,2,1,0,0,3,0,0,0,4,0,0
22877814,11858139,home,2,2,1,0,0,0,1,1,0,0,4,0,0
22877814,11858140,home,2,0,0,0,0,0,0,0,0,0,0,0,0
22877814,11858141,home,2,0,2,0,0,0,1,1,0,0,1,0,0
22877814,11858142,home,1,1,0,0,0,0,0,1,0,0,1,0,0
22877814,11858143,home,2,0,1,1,0,0,0,1,0,0,0,0,0
22877814,11858144,home,3,0,1,0,0,0,0,0,0,0,0,0,1
22877814,11858145,home,3,0,1,0,0,0,1,0,0,0,0,0,0
22877814,11858146,home,2,1,0,0,0,0,0,0,0,1,1,0,0
22877814,11858147,home,2,0,0,0,0,0,0,0,0,0,0,0,0
22877814,11858148,home,2,1,1,1,0,0,2,0,1,0,0,0,0
22877813,11583777,away,3,0,1,0,0,0,0,0,0,0,0,0,0
22877813,11583776,away,3,2,1,1,0,0,2,0,0,0,0,0,0
22877813,11583782,away,3,0,1,0,0,0,0,0,2,0,0,0,0
22877813,11583780,away,3,0,1,0,0,0,0,0,1,0,1,0,0
22877813,11583779,away,3,0,0,0,0,0,0,0,0,0,0,0,0
22877813,11583778,away,3,0,1,0,0,0,1,0,0,0,0,0,0
22877813,11583774,away,3,1,0,1,0,0,1,0,0,0,0,0,0
22877813,11583772,away,4,1,0,1,0,0,1,0,0,0,0,0,0
22877813,11583773,away,3,2,2,0,0,0,0,0,0,0,1,0,0
22877813,11583784,away,3,0,0,0,0,0,0,0,1,0,0,0,0
22877813,11583775,away,3,2,1,1,0,0,1,0,0,0,0,0,1
22877813,11583781,away,3,0,0,0,0,0,0,0,2,0,0,0,1
22877813,11583783,away,3,0,0,0,0,0,0,0,0,0,0,0,0
22877813,11583771,away,3,1,2,0,0,0,0,1,0,0,1,0,0
22877813,11583786,home,2,1,1,0,0,0,0,1,0,1,1,0,0
22877813,11583798,home,3,0,0,0,0,0,0,0,0,0,0,0,0
22877813,11583790,home,4,1,2,0,0,0,2,0,0,0,0,0,0
22877813,11583787,home,3,3,1,0,0,0,0,1,0,0,1,0,1
22877813,11583793,home,1,1,0,0,0,0,0,2,1,0,1,0,0
22877813,11583788,home,4,1,1,0,0,0,1,0,0,0,0,0,0
22877813,11583792,home,4,0,0,0,0,0,2,0,0,0,0,0,1
22877813,11583791,home,2,1,0,0,0,0,0,2,0,0,0,0,1
22877813,11583789,home,3,2,2,0,0,0,2,1,0,0,0,0,0
22877813,11583800,home,2,0,0,0,0,0,0,0,2,1,0,0,0
22877813,11583799,home,3,0,0,0,0,0,0,0,1,0,0,0,0
22877813,11583794,home,2,0,0,0,0,0,0,1,1,0,0,0,0
22877813,11583795,home,2,0,1,0,0,0,2,1,1,0,0,0,0
23732814,11858237,away,0,0,0,0,0,0,0,0,0,0,0,0,0
23732814,11858238,away,3,1,1,0,0,0,0,0,1,0,0,0,0
23732814,11858239,away,4,1,1,0,0,0,0,0,1,0,0,0,0
23732814,11858240,away,3,1,2,0,0,0,3,0,0,0,0,0,0
23732814,11858241,away,2,0,0,0,0,0,1,0,0,1,0,0,0
23732814,11858242,away,3,0,2,0,0,0,0,0,0,0,1,0,0
23732814,11858243,away,2,3,1,1,0,0,1,1,0,0,0,0,0
23732814,11858244,away,3,0,2,0,0,0,1,0,0,0,0,0,0
23732814,11858245,away,3,0,1,0,0,0,0,0,1,0,0,0,0
23732814,11858246,away,3,1,1,1,0,0,1,0,1,0,0,0,0
23732814,11858247,away,2,1,0,0,0,0,0,1,0,0,0,0,0
23732814,11858248,away,3,0,0,0,0,0,0,0,1,0,0,0,0
23732814,11858250,away,2,0,0,0,0,0,0,0,1,0,1,0,0
23732814,11858251,away,4,1,1,0,0,0,0,0,0,0,0,0,0
23732814,11858181,home,2,2,1,0,0,0,0,2,0,1,2,0,0
23732814,11858189,home,5,3,1,2,0,0,2,0,0,0,1,0,0
23732814,11858192,home,4,2,2,0,0,0,0,0,0,0,0,0,1
23732814,11858193,home,4,1,2,0,0,0,1,0,0,0,1,0,0
23732814,11858194,home,5,1,2,0,0,0,1,0,2,0,0,0,0
23732814,11858195,home,5,5,2,1,0,0,0,0,0,0,4,0,2
23732814,11858196,home,5,2,2,0,0,0,1,0,0,0,2,0,0
23732814,11858197,home,4,0,1,0,0,0,1,1,1,0,0,0,0
23732814,11858198,home,4,1,1,0,0,0,1,0,2,0,1,0,0
23732814,11858199,home,4,1,2,0,0,0,0,1,1,0,1,0,0
23732814,11858200,home,0,0,0,0,0,0,0,0,0,0,0,0,0
23732814,11858201,home,3,1,1,0,0,0,2,1,0,0,1,0,1
23732814,11858202,home,3,0,2,0,0,0,3,2,1,0,0,0,0
23732814,11858203,home,2,3,1,1,0,0,2,3,0,0,3,0,0
23732821,11858134,away,4,0,0,0,0,0,0,0,1,0,0,0,1
23732821,11858135,away,4,1,1,0,0,0,1,0,1,0,1,0,0
23732821,11858136,away,2,1,1,0,0,0,0,0,0,0,0,0,0
23732821,11858137,away,3,1,0,0,0,0,0,1,0,0,0,0,1
23732821,11858138,away,3,2,2,0,0,0,2,0,0,0,2,0,1
23732821,11858139,away,4,1,1,0,0,0,1,0,1,0,1,0,0
23732821,11858140,away,3,0,1,0,0,0,2,0,0,0,0,0,0
23732821,11858141,away,3,1,2,0,0,0,1,1,0,0,0,0,0
23732821,11858142,away,0,0,0,0,0,0,0,0,0,0,0,0,0
23732821,11858143,away,4,1,2,0,0,0,0,0,0,0,0,0,1
23732821,11858144,away,3,1,2,0,0,0,1,0,0,0,0,0,0
23732821,11858145,away,4,2,3,1,0,0,1,0,0,0,1,0,0
23732821,11858146,away,4,2,2,1,0,0,0,0,0,0,1,0,0
23732821,11858147,away,2,0,0,0,0,0,1,1,0,0,0,0,0
23732821,11858148,away,4,0,0,1,0,0,0,0,2,0,0,0,0
23732821,11583786,home,3,1,1,0,0,0,1,0,0,0,2,0,1
23732821,11583798,home,3,0,1,0,0,0,2,0,0,0,0,0,0
23732821,11583790,home,2,1,1,0,0,0,0,0,0,1,0,0,0
23732821,11583807,home,3,0,0,0,0,0,0,0,1,0,0,0,0
23732821,11583793,home,2,1,1,0,0,0,1,0,1,1,0,0,0
23732821,11583788,home,2,0,0,0,0,0,0,0,0,1,0,0,0
23732821,11583792,home,2,0,0,0,0,0,0,1,1,0,0,0,0
23732821,11583791,home,1,1,0,0,0,0,0,2,0,0,1,0,0
23732821,11583789,home,3,0,1,0,0,0,0,0,0,0,0,0,0
23732821,11583800,home,3,0,0,0,0,0,0,0,1,0,0,0,0
23732821,11583799,home,3,0,0,0,0,0,0,0,0,0,0,0,0
23732821,11583794,home,3,0,0,0,0,0,0,0,0,0,0,0,1
23732821,11583795,home,2,0,0,0,0,0,1,1,1,0,1,0,0
23628511,11957636,away,2,1,1,0,0,0,0,2,0,0,0,0,0
23628511,11957629,away,5,2,3,0,0,0,0,0,0,0,2,0,0
23628511,11957638,away,4,2,3,0,0,0,2,0,0,0,1,0,1
23628511,11957631,away,4,2,1,1,0,0,1,0,0,0,0,0,0
23628511,11910873,away,4,1,2,0,0,0,2,0,0,0,1,0,0
23628511,11957641,away,4,1,1,0,0,0,0,0,3,0,0,0,0
23628511,11957628,away,4,1,1,2,0,0,2,0,0,0,1,0,0
23628511,11957632,away,3,3,2,0,0,0,0,1,0,0,0,0,0
23628511,11957637,away,4,2,3,0,0,0,3,0,0,0,0,0,0
23628511,11957639,away,4,1,3,0,0,0,2,0,0,0,0,0,0
23628511,11957634,away,2,2,0,0,0,0,0,2,0,0,0,0,1
23628511,11957635,away,4,0,1,0,0,0,1,0,1,0,0,0,0
23628511,11957640,away,4,1,1,0,0,0,0,0,0,0,0,0,1
23628511,11957630,away,3,2,2,0,0,0,1,1,0,0,0,0,0
23628511,11959800,home,2,2,0,0,0,0,1,2,2,0,0,0,0
23628511,11959813,home,2,0,0,0,0,0,0,2,2,0,0,0,0
23628511,11959806,home,4,1,3,0,0,0,1,0,0,0,0,0,0
23628511,11959807,home,3,0,0,0,0,0,1,0,2,1,0,0,0
23628511,11959809,home,5,1,1,0,0,0,0,0,0,0,0,0,1
23628511,11959814,home,1,1,0,0,0,0,2,3,0,0,0,0,0
23628511,11959805,home,4,0,2,0,0,0,1,0,1,0,0,0,0
23628511,11960041,home,1,1,0,0,0,0,1,3,0,0,0,0,0
23628511,11959801,home,2,2,1,0,0,0,1,2,0,0,1,0,0
23628511,11959811,home,4,1,1,0,0,0,1,0,0,0,0,0,0
23628511,11959804,home,1,0,0,0,0,0,0,2,1,1,0,0,0
23628510,11957702,away,3,1,1,0,0,0,1,0,0,0,1,0,1
23628510,11957700,away,4,2,3,0,0,0,1,0,0,0,3,0,0
23628510,11957699,away,3,1,1,1,0,0,0,0,0,0,0,0,0
23628510,11957708,away,3,0,0,0,0,0,0,0,3,0,0,0,0
23628510,11957710,away,2,0,0,0,0,0,0,1,1,0,0,0,0
23628510,11957698,away,3,1,1,0,0,0,0,0,0,0,1,0,0
23628510,11957697,away,2,2,1,0,0,0,1,0,0,0,3,0,1
23628510,11940654,away,2,1,2,0,0,0,3,0,0,0,1,0,0
23628510,11957701,away,4,0,0,0,0,0,0,0,1,0,0,0,0
23628510,11957707,away,2,0,0,0,0,0,0,0,0,0,0,0,0
23628510,11957703,away,3,0,0,0,0,0,0,0,0,0,0,0,0
23628510,11957705,away,3,0,1,0,0,0,0,0,0,0,0,0,0
23628510,11957706,away,2,1,0,0,0,0,0,2,1,0,2,0,0
23628510,11957704,away,3,0,1,0,0,0,2,0,1,0,0,0,0
23628510,11957678,home,4,0,0,0,0,0,0,0,3,0,0,0,0
23628510,11957677,home,4,1,1,0,0,0,0,1,0,0,0,0,0
23628510,11957669,home,1,1,1,0,0,0,0,1,0,0,0,0,0
23628510,11957674,home,4,0,3,0,0,0,1,0,0,0,0,0,0
23628510,11957670,home,2,1,2,0,0,0,0,0,0,0,0,0,0
23628510,11957672,home,3,1,2,0,0,0,0,1,0,0,0,0,0
23628510,11957676,home,4,1,1,1,0,0,3,0,1,0,0,0,0
23628510,11957668,home,1,0,0,0,0,0,0,0,0,0,0,0,0
23628510,11957679,home,3,0,0,0,0,0,0,1,0,0,0,0,0
23628510,11957666,home,4,1,2,0,0,0,0,1,1,0,0,0,0
23628510,11957673,home,4,0,1,0,0,0,1,0,2,0,0,0,0
23628510,11957667,home,4,1,3,0,0,0,1,0,0,0,0,0,0
23628510,11957680,home,4,0,0,0,0,0,0,0,3,0,0,0,0
23628509,11959860,away,2,0,0,0,0,0,0,1,1,0,1,0,0
23628509,11959861,away,2,0,0,0,0,0,1,1,0,0,0,0,0
23628509,11959862,away,2,0,2,0,0,0,0,2,0,0,0,0,0
23628509,11959853,away,3,2,1,0,0,0,0,1,1,0,0,0,0
23628509,11959851,away,3,1,1,0,0,0,1,1,0,0,1,0,0
23628509,11959858,away,3,0,0,0,0,0,0,1,1,0,0,0,1
23628509,11959850,away,4,1,1,0,0,0,2,0,0,0,0,0,1
23628509,11959849,away,3,0,0,0,0,0,0,1,0,0,0,0,1
23628509,11959859,away,3,0,1,0,0,0,0,0,1,0,0,0,0
23628509,11959848,away,3,1,1,0,0,0,0,1,0,0,0,0,0
23628509,11959855,away,4,0,0,0,0,0,0,0,2,0,0,0,0
23628509,11959854,away,2,0,0,0,0,0,0,0,0,0,0,0,0
23628509,11959857,away,4,1,1,1,0,0,3,0,0,0,0,0,1
23628509,11959852,away,3,2,0,0,0,0,1,1,2,0,0,0,0
23628509,11957653,home,5,1,0,2,0,0,2,0,0,0,0,0,1
23628509,11957655,home,5,0,1,0,0,0,0,0,2,0,0,0,0
23628509,11957660,home,4,0,3,0,0,0,1,1,0,0,0,0,0
23628509,11957658,home,5,2,2,0,0,0,2,0,2,0,2,0,0
23628509,11957661,home,4,1,1,0,0,0,0,0,2,0,0,0,0
23628509,11957663,home,3,0,0,0,0,0,0,1,2,0,0,0,0
23628509,11957652,home,3,1,2,0,0,0,0,1,0,1,0,0,0
23628509,11957651,home,2,1,1,0,0,0,1,0,0,0,0,0,0
23628509,11957650,home,4,0,3,0,0,0,2,1,1,0,0,0,0
23628509,11957657,home,4,1,2,0,0,0,0,1,1,0,1,0,0
23628509,11957654,home,3,1,1,0,0,0,0,1,1,1,1,0,0
23628512,11957694,away,0,0,0,0,0,0,0,0,0,0,0,0,0
23628512,11957690,away,3,0,0,0,0,0,0,0,3,0,0,0,0
23628512,11957682,away,2,0,0,1,0,0,0,2,0,0,2,0,0
23628512,11957692,away,3,0,0,0,0,0,0,0,0,0,0,0,0
23628512,11957691,away,3,0,1,0,0,0,1,0,1,0,0,0,0
23628512,11957681,away,0,0,0,0,0,0,0,0,0,0,0,0,0
23628512,11957687,away,3,1,1,0,0,0,0,0,0,0,0,0,0
23628512,11957685,away,2,1,0,0,0,0,0,0,0,1,2,0,1
23628512,11957693,away,3,0,1,0,0,0,0,1,2,0,0,0,0
23628512,11991407,away,3,1,1,0,0,0,0,0,1,0,0,0,1
23628512,11957686,away,3,0,0,0,0,0,0,1,1,0,0,0,0
23628512,11957688,away,2,0,0,0,0,0,0,1,0,0,0,0,0
23628512,11957689,away,2,0,1,0,0,0,2,0,0,1,0,0,0
23628512,11957683,away,4,0,0,0,0,0,0,0,0,0,0,0,0
23628512,11959825,home,4,1,1,0,0,0,0,0,1,0,0,0,0
23628512,11959823,home,4,1,2,0,0,0,0,0,1,0,0,0,0
23628512,11959818,home,5,1,0,0,0,0,0,0,2,0,1,0,1
23628512,11959829,home,4,1,3,0,0,0,0,0,0,0,0,0,0
23628512,11959827,home,3,2,0,0,0,0,0,1,0,0,1,0,1
23628512,11959820,home,5,1,3,0,0,0,4,0,0,0,0,0,0
23628512,11959826,home,3,0,2,0,0,0,2,0,1,1,0,0,0
23628512,11959816,home,5,1,3,0,0,0,1,0,1,0,1,0,1
23628512,11959819,home,2,1,1,0,0,0,1,2,1,0,0,0,0
23628512,11959828,home,4,1,1,0,0,0,2,0,0,0,0,0,0
23628512,11959821,home,4,0,1,1,0,0,0,0,0,0,0,0,0
23628512,11959817,home,5,2,3,0,0,0,1,0,0,0,2,0,0
23628579,11957677,away,5,5,4,0,0,0,2,1,0,0,1,0,0
23628579,11957669,away,4,1,3,0,0,0,4,2,0,0,0,0,0
23628579,11957674,away,6,2,2,0,0,0,3,0,0,0,1,0,0
23628579,11957668,away,4,0,2,1,0,0,2,1,0,0,0,0,0
23628579,11957679,away,3,1,0,0,0,0,0,2,1,0,0,0,1
23628579,11957666,away,5,4,4,1,0,0,2,0,0,0,0,0,0
23628579,11957673,away,3,1,0,0,0,0,0,2,2,0,0,0,1
23628579,11957667,away,5,0,2,0,0,0,4,0,2,1,0,1,0
23628579,11957680,away,2,4,0,0,0,0,1,3,1,0,0,0,0
23628579,11959800,home,3,0,0,0,0,0,0,0,2,0,0,0,0
23628579,11959802,home,2,0,0,0,0,0,0,0,1,0,0,0,0
23628579,11959813,home,1,0,0,0,0,0,0,2,1,0,0,0,0
23628579,11959806,home,3,1,1,0,0,0,0,0,0,0,0,0,1
23628579,11959809,home,3,0,0,0,0,0,0,0,1,0,0,0,0
23628579,11959814,home,2,1,2,0,0,0,1,0,0,0,0,0,0
23628579,11960041,home,3,2,2,0,0,0,1,0,0,0,1,0,1
23628579,11959801,home,3,0,1,0,0,0,0,0,1,0,1,0,0
23628579,11959812,home,2,1,0,0,0,0,0,0,0,0,0,0,1
23628579,12007359,home,3,3,2,0,0,0,1,0,1,0,2,0,0
23628579,11959804,home,3,0,1,0,0,0,0,0,2,0,0,0,0
23628579,11959803,home,2,1,0,0,0,0,0,1,1,0,0,0,0
23628578,11957690,away,3,1,1,0,0,0,0,2,2,0,0,0,0
23628578,11957682,away,5,0,0,0,0,0,0,0,0,0,0,0,1
23628578,11957692,away,4,0,0,0,0,0,0,0,0,0,0,0,0
23628578,11957691,away,4,0,1,0,0,0,0,0,0,0,0,0,0
23628578,11957681,away,4,0,2,0,0,0,1,0,0,0,0,0,0
23628578,11957685,away,5,0,2,0,0,0,1,0,3,0,0,0,0
23628578,11957693,away,0,0,0,0,0,0,0,0,0,0,0,0,0
23628578,11957686,away,5,1,3,0,0,0,1,0,0,0,0,0,0
23628578,11957688,away,4,0,0,0,0,0,0,0,1,0,0,0,1
23628578,11957683,away,4,1,1,0,0,0,0,1,0,0,0,0,0
23628578,11957695,away,1,0,0,0,0,0,0,2,0,1,0,0,1
23628578,11959860,home,3,0,0,0,0,0,0,0,2,0,0,0,0
23628578,11959856,home,2,0,1,0,0,0,0,0,0,0,0,0,0
23628578,11959861,home,2,0,1,0,0,0,0,0,1,0,0,0,0
23628578,11959862,home,2,0,0,0,0,0,0,0,0,0,0,0,0
23628578,11959853,home,2,1,0,0,0,0,0,1,0,0,0,0,0
23628578,11959851,home,3,1,3,0,0,0,0,0,0,0,0,0,0
23628578,11959858,home,3,0,1,0,0,0,0,0,1,0,0,0,0
23628578,11959850,home,2,0,2,0,0,0,1,0,0,1,0,0,0
23628578,11959849,home,2,0,1,0,0,0,2,0,1,0,0,1,0
23628578,11959859,home,2,0,1,0,0,0,0,0,0,0,0,0,0
23628578,11959848,home,3,1,1,0,0,0,0,0,1,0,0,0,0
23628578,11959855,home,3,0,1,0,0,0,0,0,0,0,2,0,0
23628578,11959854,home,1,0,0,0,0,0,0,1,0,0,1,0,0
23628578,11959857,home,3,0,1,0,0,0,0,0,0,0,0,0,0
23628578,11959852,home,3,2,0,0,1,0,2,0,0,0,0,0,0
23628580,11959825,away,1,1,0,0,0,0,0,2,0,0,1,0,0
23628580,11959823,away,3,0,0,0,0,0,0,0,2,0,0,0,0
23628580,11959818,away,1,1,1,0,0,0,0,2,0,0,0,0,0
23628580,11959829,away,3,0,0,0,0,0,0,0,1,0,0,0,0
23628580,11959815,away,3,1,0,2,0,0,2,1,1,0,1,0,0
23628580,11959827,away,0,0,0,0,0,0,0,0,0,0,0,0,0
23628580,11959820,away,4,1,1,0,0,0,0,0,1,0,0,0,0
23628580,11959816,away,2,1,0,0,1,0,1,1,0,1,2,0,1
23628580,11959819,away,3,0,1,0,0,0,1,0,1,0,0,0,0
23628580,11959828,away,4,0,1,0,0,0,1,0,3,0,0,0,0
23628580,11959824,away,2,0,2,0,0,0,0,0,0,0,1,0,0
23628580,11959821,away,2,0,0,0,0,0,0,1,1,0,0,0,0
23628580,11959817,away,2,1,0,0,0,0,1,2,1,0,1,0,0
23628580,11957636,home,0,0,0,0,0,0,0,1,0,1,0,0,0
23628580,11957629,home,3,0,0,0,0,0,0,0,0,0,0,0,0
23628580,11957638,home,2,3,1,0,1,0,2,0,0,0,1,0,0
23628580,11957631,home,1,2,0,0,0,0,0,1,1,1,2,0,0
23628580,11910873,home,3,0,1,0,0,0,2,0,0,0,0,0,0
23628580,11957641,home,3,1,1,0,1,0,2,0,1,0,1,0,0
23628580,11957628,home,2,2,1,0,0,0,0,1,0,0,1,0,0
23628580,11957633,home,2,1,0,0,0,0,1,1,2,0,0,0,0
23628580,11957632,home,3,0,0,0,0,0,0,0,1,0,0,0,0
23628580,11957639,home,2,2,1,0,0,0,0,1,1,0,0,0,1
23628580,11957634,home,3,2,1,1,0,0,1,0,0,0,1,0,0
23628580,11957635,home,2,0,1,0,0,0,2,1,1,0,0,0,0
23628580,11957640,home,0,0,0,0,0,0,0,0,0,0,0,0,0
23628580,11957630,home,3,1,2,0,0,0,1,0,0,0,1,0,0
23628577,11957655,away,5,1,1,0,0,0,0,0,2,0,0,0,1
23628577,11957659,away,5,1,1,0,0,0,0,0,2,0,0,0,1
23628577,11957660,away,5,0,2,0,0,0,0,0,2,0,0,0,0
23628577,11957661,away,5,1,1,0,0,0,0,0,0,0,0,0,1
23628577,11957663,away,3,1,1,0,0,0,0,1,0,0,0,0,0
23628577,11957652,away,5,1,1,0,0,0,0,0,0,0,0,0,2
23628577,11957656,away,5,2,2,0,0,0,0,0,0,0,2,0,2
23628577,11957650,away,5,1,1,0,0,0,1,0,0,0,2,0,0
23628577,11957657,away,2,0,1,0,0,0,1,1,0,0,0,0,0
23628577,11957654,away,5,1,1,0,0,0,0,0,1,0,0,0,0
23628577,11957702,home,1,2,1,0,0,0,0,3,0,0,2,0,0
23628577,11957700,home,4,1,3,0,0,0,3,0,1,0,1,0,0
23628577,11957699,home,2,1,1,0,0,0,0,1,0,0,0,0,0
23628577,11957708,home,1,2,0,0,0,0,0,2,0,0,1,0,0
23628577,11957698,home,4,2,0,1,0,0,0,0,0,0,1,0,1
23628577,11957697,home,3,1,2,0,0,0,2,1,0,0,0,0,0
23628577,11940654,home,3,1,0,0,0,0,0,1,0,0,1,0,0
23628577,11957701,home,2,2,0,0,0,0,0,2,1,0,1,0,0
23628577,11957707,home,3,1,1,1,0,0,3,1,0,0,0,0,0
23628577,11957703,home,3,1,2,0,0,0,3,1,0,0,0,0,0
23628577,11957705,home,2,0,0,0,0,0,0,0,2,0,0,0,0
23628577,11957709,home,3,1,2,0,0,0,2,0,1,1,0,0,0
23628577,12054065,home,4,2,1,0,0,0,1,0,0,0,0,0,0
23628577,11957704,home,3,0,0,0,0,0,0,1,1,0,0,0,0
23628597,11957629,away,2,2,1,1,0,0,4,1,0,0,0,0,0
23628597,11957638,away,3,0,0,0,0,0,0,0,1,0,0,0,0
23628597,11910873,away,4,1,2,1,0,0,3,1,0,0,0,0,0
23628597,11957641,away,5,2,1,1,0,0,1,0,0,0,0,0,0
23628597,11957633,away,4,2,4,0,0,0,2,0,0,0,1,0,0
23628597,11957632,away,4,2,2,0,0,0,1,0,0,0,0,0,0
23628597,11957637,away,4,5,1,0,0,3,6,1,0,0,0,0,0
23628597,12007390,away,4,0,0,0,0,0,0,0,1,0,0,0,0
23628597,11957634,away,5,1,0,0,0,0,0,0,2,0,0,0,1
23628597,11957635,away,4,1,1,0,0,0,0,1,1,0,0,0,0
23628597,11957630,away,4,2,1,2,0,0,1,0,0,1,0,0,0
23628597,11957694,home,3,1,0,0,0,0,0,0,1,0,0,0,0
23628597,11957690,home,5,0,1,0,0,0,1,0,4,0,0,0,0
23628597,11957682,home,5,1,1,1,0,0,3,0,0,0,0,0,0
23628597,11957692,home,4,0,1,0,0,0,0,0,0,0,0,0,0
23628597,11957691,home,3,1,1,0,0,0,1,0,0,1,0,0,2
23628597,11957687,home,3,1,1,0,0,0,0,1,0,0,0,0,0
23628597,11957693,home,2,0,0,0,0,0,0,2,0,0,0,0,0
23628597,11957688,home,2,1,0,0,0,0,1,2,2,0,0,0,0
23628597,11957695,home,3,1,1,0,0,0,0,1,1,0,0,0,1
23628596,11957702,away,4,0,0,0,0,0,0,0,0,0,0,0,0
23628596,11957700,away,2,1,1,0,0,0,1,2,0,0,1,0,0
23628596,11957708,away,4,0,0,0,0,0,0,0,1,0,0,0,0
23628596,11957697,away,2,1,0,0,0,0,0,1,0,0,1,0,1
23628596,11957701,away,3,1,1,1,0,0,1,1,0,0,1,0,0
23628596,11957707,away,4,1,1,0,0,0,1,0,1,0,0,0,0
23628596,11957703,away,2,1,1,0,0,0,0,2,0,0,0,0,1
23628596,11957705,away,4,1,1,0,0,0,0,0,0,0,1,0,0
23628596,11957709,away,4,1,2,0,0,0,2,0,1,0,1,0,0
23628596,12054065,away,3,0,0,0,0,0,0,1,2,0,0,0,0
23628596,11957704,away,3,1,0,0,0,0,2,1,2,0,0,0,0
23628596,11959825,home,4,0,0,0,0,0,1,0,1,0,0,0,0
23628596,11959823,home,3,0,0,0,0,0,0,0,0,0,0,0,1
23628596,11959818,home,3,1,2,0,0,0,0,0,0,0,3,0,0
23628596,11959829,home,3,0,0,0,0,0,0,0,0,0,0,0,0
23628596,11959815,home,3,2,1,0,0,0,1,1,0,0,3,0,1
23628596,11959820,home,2,2,1,0,0,0,0,2,0,0,2,0,0
23628596,11959819,home,3,0,0,0,0,0,1,0,1,0,0,0,0
23628596,11959828,home,4,0,2,0,0,0,1,0,0,0,1,0,0
23628596,11959824,home,2,0,0,0,0,0,0,1,0,0,0,0,0
23628596,11959821,home,3,0,0,0,0,0,0,0,1,0,0,0,0
23628596,11959817,home,3,2,0,0,0,0,0,1,0,0,4,0,0
23628594,11959800,away,2,2,0,0,0,0,0,2,1,1,0,0,1
23628594,11959802,away,4,1,2,1,0,0,0,0,0,0,1,0,0
23628594,11959813,away,4,2,0,0,0,0,0,1,2,0,0,0,0
23628594,11959806,away,4,2,1,0,0,0,1,0,0,1,0,0,0
23628594,11959807,away,4,3,4,0,0,0,6,1,0,0,0,0,1
23628594,11959814,away,2,0,0,0,0,0,0,2,0,0,0,0,0
23628594,11959812,away,0,3,0,0,0,0,0,2,0,2,0,0,0
23628594,12007359,away,1,4,0,0,0,0,0,3,1,1,2,0,0
23628594,11959804,away,3,0,2,0,0,0,1,0,0,0,0,0,0
23628594,11959803,away,1,2,0,0,0,0,0,3,0,0,0,0,0
23628594,11957655,home,2,1,0,0,0,0,1,1,0,0,1,0,0
23628594,11957659,home,3,0,1,0,0,0,1,0,0,0,1,0,0
23628594,11957660,home,2,2,0,0,0,0,0,1,0,0,0,0,1
23628594,11957658,home,3,0,0,0,0,0,0,0,0,0,0,0,0
23628594,11957661,home,3,1,1,0,0,0,0,0,0,0,1,0,0
23628594,11957663,home,1,1,0,0,0,0,0,2,0,0,0,0,0
23628594,11957652,home,2,2,1,0,0,0,1,0,0,0,1,0,0
23628594,11957656,home,2,0,1,0,0,0,0,1,0,0,0,0,0
23628594,11957650,home,2,0,0,0,0,0,0,1,0,0,0,0,0
23628594,11957657,home,3,0,2,0,0,0,1,0,0,0,0,0,0
23628594,11957654,home,3,0,2,0,0,0,1,0,1,0,0,0,0
23628595,11959860,away,4,0,0,0,0,0,0,0,1,0,1,0,1
23628595,11959856,away,3,2,0,1,0,0,1,0,0,1,0,0,1
23628595,11959861,away,2,1,0,0,0,0,0,0,1,0,0,0,1
23628595,11959862,away,2,0,0,0,0,0,2,1,0,1,0,0,0
23628595,11959853,away,4,2,1,0,0,0,0,0,0,0,0,0,1
23628595,11959858,away,4,0,2,0,0,0,0,0,1,0,1,0,0
23628595,11959849,away,3,2,0,1,0,0,0,1,1,0,0,0,0
23628595,11959859,away,2,0,0,0,0,0,1,1,1,0,0,0,0
23628595,11959855,away,3,1,1,0,0,0,0,0,0,0,0,0,0
23628595,11959854,away,4,1,2,0,0,0,2,0,0,0,0,0,0
23628595,11959857,away,4,1,3,0,0,0,1,0,0,0,0,0,0
23628595,11959852,away,3,1,1,0,0,0,2,1,1,0,0,0,0
23628595,11957678,home,3,0,1,0,0,0,1,0,0,0,0,0,0
23628595,11957677,home,3,3,2,1,0,0,0,1,0,0,0,0,0
23628595,11957669,home,4,3,3,0,0,0,1,0,0,0,0,0,1
23628595,11957674,home,4,2,3,0,0,0,2,0,0,0,0,0,0
23628595,11957670,home,3,3,1,1,0,0,1,0,0,1,0,0,0
23628595,11957672,home,3,0,0,1,0,0,0,0,1,0,0,0,0
23628595,11957668,home,4,1,3,0,0,0,3,0,0,0,0,0,0
23628595,11957679,home,3,0,0,0,0,0,0,0,0,0,0,0,0
23628595,11957671,home,4,2,2,1,0,0,3,0,0,0,0,0,0
23628595,11957666,home,4,3,0,2,1,0,2,0,0,0,0,0,0
23628595,11957673,home,3,0,2,0,0,0,0,0,1,0,0,0,0
23628595,11957667,home,3,1,1,0,0,0,2,0,1,0,0,1,0
23628595,11957680,home,3,0,1,0,0,0,1,0,1,0,0,0,0
23628606,11959860,away,2,2,1,0,0,0,0,1,0,0,1,0,0
23628606,11959856,away,3,0,1,0,0,0,0,0,0,0,0,0,0
23628606,11959861,away,2,1,1,0,0,0,0,1,0,0,0,0,0
23628606,11959862,away,3,0,1,0,0,0,0,0,0,0,0,0,0
23628606,11959853,away,4,2,2,0,0,0,1,0,0,0,1,0,1
23628606,11959858,away,3,0,1,0,0,0,0,0,0,0,0,0,1
23628606,11959849,away,2,0,2,0,0,0,2,1,0,0,0,0,0
23628606,11959859,away,2,1,1,0,0,0,1,1,0,0,0,0,0
23628606,11959848,away,4,2,3,0,0,0,1,0,0,0,1,0,0
23628606,11959854,away,3,0,0,0,0,0,0,0,0,0,0,0,0
23628606,11959857,away,3,0,1,0,0,0,1,1,1,0,0,0,0
23628606,11959852,away,2,0,0,0,0,0,1,1,0,0,0,0,0
23628606,11959800,home,2,1,0,1,0,0,0,0,0,0,0,0,0
23628606,11959813,home,3,0,0,0,0,0,0,0,0,0,0,0,1
23628606,11959806,home,3,0,2,0,0,0,1,0,0,0,0,0,0
23628606,11959807,home,3,0,0,0,0,0,0,0,3,0,0,0,0
23628606,11959809,home,2,1,2,0,0,0,1,0,0,0,0,0,0
23628606,11959814,home,3,0,1,0,0,0,1,0,1,0,0,0,1
23628606,11960041,home,3,0,0,0,0,0,0,0,0,0,0,0,1
23628606,11959801,home,2,0,0,0,0,0,0,0,0,0,0,0,0
23628606,11959812,home,2,0,1,0,0,0,1,0,0,0,0,0,0
23628606,12007359,home,3,1,1,0,0,0,0,0,0,0,0,0,0
23628606,11959804,home,1,1,0,0,0,0,0,0,1,1,1,0,0
23628606,11959803,home,2,1,0,0,0,0,0,1,0,0,0,0,0
23628605,11959823,away,3,0,1,0,0,0,1,0,0,0,0,0,0
23628605,11959818,away,3,1,1,0,0,0,0,0,0,0,2,0,0
23628605,11959829,away,2,0,0,0,0,0,0,1,1,0,0,0,0
23628605,11959815,away,2,1,0,0,0,0,0,2,0,0,1,0,0
23628605,11959820,away,3,1,0,0,0,0,0,1,0,0,1,0,0
23628605,11959816,away,3,0,2,0,1,0,1,0,0,0,1,0,0
23628605,11959819,away,3,2,1,0,0,0,0,0,1,0,0,0,0
23628605,11959828,away,3,1,2,0,0,0,1,0,1,0,2,0,0
23628605,11959824,away,2,0,0,0,0,0,0,1,0,0,0,0,0
23628605,11959821,away,3,1,0,0,0,0,0,0,2,0,1,0,0
23628605,11959817,away,3,0,2,0,0,0,1,1,0,0,2,0,0
23628605,11957653,home,3,0,3,0,0,0,1,0,0,0,2,0,0
23628605,11957655,home,2,0,0,0,0,0,1,1,1,0,0,0,0
23628605,11957659,home,2,0,1,0,0,0,0,1,1,0,1,0,0
23628605,11957660,home,2,1,0,0,0,0,0,0,2,1,0,0,0
23628605,11957658,home,3,0,0,0,0,0,0,0,1,0,0,0,0
23628605,11957661,home,3,0,1,0,0,0,0,0,1,0,0,0,0
23628605,11957663,home,2,0,0,0,0,0,0,0,0,0,0,0,0
23628605,11957651,home,3,1,3,0,0,0,0,0,0,0,3,0,0
23628605,12030061,home,3,0,1,0,0,0,0,0,2,0,0,0,0
23628605,11957650,home,2,0,0,0,0,0,0,0,0,0,0,0,0
23628605,11957657,home,2,0,1,0,0,0,0,1,1,0,0,0,0
23628607,11957684,away,2,2,1,0,0,0,0,1,1,0,0,0,0
23628607,11957694,away,0,0,0,0,0,0,0,0,0,0,0,0,0
23628607,11957690,away,4,1,1,0,0,0,0,0,0,0,0,0,0
23628607,11957682,away,4,0,0,0,0,0,0,0,0,0,0,0,0
23628607,11957692,away,3,0,1,0,0,0,1,0,1,0,0,0,1
23628607,11957691,away,3,1,2,0,0,0,1,0,0,0,0,0,0
23628607,11957687,away,2,1,0,0,0,0,0,1,0,0,0,0,1
23628607,11957685,away,3,1,1,1,0,0,1,1,1,0,0,0,0
23628607,11957686,away,4,0,3,0,0,0,0,0,0,0,0,0,0
23628607,11957688,away,2,0,2,0,0,0,2,1,0,0,0,0,0
23628607,11957689,away,2,1,1,0,0,0,2,1,0,0,0,0,0
23628607,11957683,away,3,1,1,0,0,0,0,0,0,0,1,0,2
23628607,11957695,away,3,1,0,0,0,0,0,0,0,0,0,0,1
23628607,11957702,home,2,0,1,1,0,0,3,0,0,1,1,0,0
23628607,11957700,home,3,0,0,0,0,0,0,0,1,0,0,0,0
23628607,11957699,home,3,1,2,0,0,0,0,0,0,0,1,0,0
23628607,11957697,home,2,0,0,0,0,0,0,1,0,0,2,0,1
23628607,11940654,home,2,1,2,0,0,0,0,1,0,0,2,0,0
23628607,11957701,home,3,0,1,0,0,0,0,0,1,0,0,0,1
23628607,11957703,home,3,2,2,0,0,0,0,0,0,0,1,0,0
23628607,11957705,home,4,0,0,0,0,0,0,0,0,0,0,0,0
23628607,12054065,home,3,0,1,0,0,0,0,0,0,0,0,0,0
23628607,11957704,home,3,0,0,0,0,0,0,0,0,0,0,0,0
23628608,11957636,away,2,0,0,0,0,0,0,0,2,0,0,0,0
23628608,11957629,away,2,1,1,0,0,0,0,0,0,0,0,0,0
23628608,11957638,away,2,1,0,0,1,0,0,0,0,0,0,0,0
23628608,11957631,away,2,0,0,0,0,0,0,0,0,0,0,0,0
23628608,11910873,away,2,0,1,0,0,0,1,0,0,0,1,0,0
23628608,11957641,away,2,0,1,0,0,0,0,0,0,0,0,0,0
23628608,11957628,away,2,0,0,0,0,0,0,0,0,0,0,0,0
23628608,11957633,away,2,1,2,0,0,0,0,0,0,0,1,0,0
23628608,11957632,away,2,0,0,0,0,0,0,0,0,0,0,0,0
23628608,11957637,away,2,1,1,0,1,0,2,0,0,0,0,0,0
23628608,12007390,away,2,0,0,1,0,0,1,0,1,0,0,0,0
23628608,11957639,away,1,0,0,0,0,0,0,1,0,0,0,0,0
23628608,11957635,away,2,0,0,0,0,0,0,0,1,0,0,0,0
23628608,11957640,away,2,0,0,0,0,0,0,0,0,0,0,0,0
23628608,11957630,away,2,0,0,1,0,0,0,0,0,0,0,0,1
23628608,11957678,home,3,0,0,0,0,0,0,0,1,0,0,0,0
23628608,11957677,home,3,1,2,0,0,0,0,1,0,0,1,0,0
23628608,11957669,home,2,1,1,0,0,0,0,1,0,0,0,0,0
23628608,11957674,home,3,0,1,0,0,0,1,0,0,0,0,0,0
23628608,11957670,home,3,1,0,1,0,0,0,0,0,0,0,0,0
23628608,11957672,home,3,0,2,0,0,0,0,0,0,0,0,0,0
23628608,11957679,home,2,0,0,0,0,0,1,1,0,0,0,0,0
23628608,11957671,home,4,0,2,0,0,0,0,0,0,0,0,0,0
23628608,11957666,home,3,0,1,0,0,0,0,1,1,0,0,0,0
23628608,11957680,home,2,0,1,0,0,0,0,1,0,0,0,0,0
23628619,11957678,away,4,0,2,0,0,0,2,0,1,0,0,0,0
23628619,11957677,away,5,0,1,0,0,0,0,0,0,0,0,0,0
23628619,11957675,away,2,0,0,0,0,0,0,0,2,0,0,0,0
23628619,11957674,away,4,0,0,0,0,0,0,0,0,0,0,0,0
23628619,11957672,away,3,2,2,0,0,0,0,1,0,0,0,0,0
23628619,11957668,away,4,1,2,1,0,0,0,0,0,0,0,0,0
23628619,11957679,away,3,0,2,0,0,0,1,1,0,0,0,0,0
23628619,11957671,away,4,0,0,0,0,0,0,0,0,0,0,0,0
23628619,11957673,away,1,0,1,0,0,0,0,3,0,0,0,0,0
23628619,11957667,away,4,0,1,0,0,0,0,0,0,0,0,0,0
23628619,11957680,away,4,0,0,0,0,0,0,0,2,0,0,0,0
23628619,11957702,home,3,1,0,1,0,0,2,0,0,0,0,0,0
23628619,11957699,home,3,1,0,1,0,0,2,1,0,0,0,0,0
23628619,11957708,home,3,0,0,0,0,0,0,1,1,0,0,0,0
23628619,11957698,home,4,0,1,0,0,0,1,0,0,0,0,0,0
23628619,11957697,home,3,1,2,0,0,0,0,0,0,0,1,0,0
23628619,11940654,home,2,1,0,0,0,0,0,1,0,0,0,0,0
23628619,11957703,home,3,1,1,0,0,0,1,1,0,0,0,0,0
23628619,11957705,home,2,1,0,0,0,0,0,0,0,1,0,0,0
23628619,11957709,home,4,0,1,0,0,0,0,0,1,0,0,0,0
23628619,11957704,home,3,0,0,0,0,0,0,0,0,0,0,0,0
23628616,11959823,away,3,1,1,0,0,0,0,0,1,1,0,0,0
23628616,11959829,away,3,0,0,0,0,0,0,1,1,0,0,0,0
23628616,11959815,away,4,2,2,1,0,0,1,0,0,0,1,0,0
23628616,11959827,away,4,1,1,0,0,0,0,0,2,0,0,0,0
23628616,11959826,away,4,0,1,0,0,0,0,0,0,0,0,0,0
23628616,11959816,away,4,1,1,2,0,0,2,0,0,0,0,0,0
23628616,11959819,away,2,0,0,0,0,0,1,1,0,0,0,0,1
23628616,11959828,away,4,0,1,0,0,0,1,0,2,0,0,0,0
23628616,11959824,away,4,1,0,0,0,0,0,0,1,0,0,0,0
23628616,11959821,away,4,0,1,0,0,0,1,0,1,0,0,0,0
23628616,11957684,home,4,1,2,0,0,0,1,0,1,0,0,0,0
23628616,11957694,home,0,0,0,0,0,0,0,0,0,0,0,0,0
23628616,11957690,home,4,2,1,0,0,0,0,1,2,0,0,0,0
23628616,11957682,home,5,3,4,0,0,0,1,0,0,0,2,0,0
23628616,11957692,home,4,0,0,0,0,0,0,0,1,0,0,0,0
23628616,11957691,home,4,0,2,0,0,0,1,0,0,0,0,0,0
23628616,11957681,home,3,0,1,0,0,0,0,1,0,0,0,0,0
23628616,11957687,home,3,1,0,0,0,0,1,1,1,0,0,0,0
23628616,11957685,home,4,0,1,0,0,0,0,0,1,0,1,0,0
23628616,11957688,home,3,1,1,0,0,0,0,1,2,0,2,0,0
23628616,11957689,home,3,0,1,1,0,0,3,0,0,1,0,0,0
23628616,11957683,home,3,1,3,0,0,0,2,1,0,0,1,0,0
23628616,11957695,home,3,0,1,0,0,0,0,1,2,0,0,0,0
23628617,11959800,away,3,2,1,1,0,0,3,1,0,0,1,0,0
23628617,11959813,away,4,0,0,0,0,0,0,0,0,0,0,0,0
23628617,11959806,away,2,0,0,0,0,0,1,1,0,0,0,0,0
23628617,11959807,away,2,1,1,0,0,0,2,2,0,0,0,0,0
23628617,11959809,away,3,0,1,0,0,0,1,1,0,0,0,0,0
23628617,11959814,away,4,0,0,0,0,0,0,0,0,0,0,0,0
23628617,11959805,away,3,2,2,0,0,0,1,1,0,0,0,0,0
23628617,11960041,away,3,2,1,0,0,0,1,1,0,0,0,0,0
23628617,11959801,away,4,2,1,1,0,0,3,0,0,0,0,0,0
23628617,11959812,away,2,1,1,0,0,0,0,2,0,0,0,0,0
23628617,12007359,away,1,2,0,0,0,0,1,3,0,0,1,0,0
23628617,11959804,away,3,1,1,0,0,0,0,1,1,0,1,0,0
23628617,11957636,home,3,1,1,1,0,0,0,0,0,0,0,0,0
23628617,11957629,home,3,2,1,0,1,0,1,0,0,0,1,0,0
23628617,11957631,home,3,0,1,0,0,0,1,0,0,0,1,0,0
23628617,11910873,home,3,0,1,0,0,0,1,0,0,0,1,0,0
23628617,11957641,home,3,0,0,0,0,0,0,0,0,0,0,0,0
23628617,11957628,home,4,0,1,0,0,0,1,0,0,0,0,0,0
23628617,11957633,home,3,1,1,0,0,0,0,1,1,0,0,0,1
23628617,12007390,home,3,0,1,0,0,0,1,0,0,0,0,0,0
23628617,11957639,home,3,1,1,0,0,0,1,0,0,0,2,0,0
23628617,11957634,home,1,2,1,0,0,0,0,1,0,0,2,0,0
23628617,11957635,home,3,0,1,0,0,0,1,0,1,0,0,0,0
23628617,11957640,home,2,0,0,0,0,0,0,0,0,0,0,0,0
23628617,11957630,home,2,0,0,0,0,0,0,1,0,0,0,0,0
23628623,11959825,away,5,1,3,0,0,0,3,0,0,0,0,0,1
23628623,11959823,away,4,0,1,0,0,0,1,0,0,0,0,0,0
23628623,11959829,away,4,0,1,0,0,0,1,0,0,0,0,0,0
23628623,11959815,away,4,2,1,1,1,0,3,0,0,0,0,1,0
23628623,11959827,away,4,0,1,0,0,0,0,0,2,0,0,0,0
23628623,11959820,away,4,4,3,0,0,0,0,0,0,0,3,0,0
23628623,11959826,away,5,1,2,0,0,0,1,0,1,0,1,0,1
23628623,11959816,away,3,1,1,0,0,0,0,1,0,0,1,0,0
23628623,11959819,away,4,0,1,0,0,0,0,0,0,0,0,0,0
23628623,11959828,away,5,1,1,0,0,0,1,0,0,0,1,0,0
23628623,11959824,away,4,0,2,0,0,0,0,0,1,0,1,0,1
23628623,11957678,home,3,0,0,0,0,0,0,1,1,0,1,0,0
23628623,11957675,home,1,0,0,0,0,0,0,0,0,0,0,0,0
23628623,11957669,home,5,0,3,0,0,0,4,0,0,0,0,0,0
23628623,11957674,home,3,3,1,0,0,0,0,1,0,1,0,0,0
23628623,11957670,home,5,2,2,0,1,0,3,0,0,0,0,0,0
23628623,11957672,home,3,2,1,0,0,0,0,1,0,0,0,0,0
23628623,11957679,home,4,1,2,0,0,0,3,0,1,0,1,0,0
23628623,11957666,home,2,2,0,0,0,0,0,3,0,0,1,0,0
23628623,11957673,home,4,0,1,0,0,0,1,0,1,0,0,0,0
23628623,11957680,home,4,1,0,0,0,0,0,0,0,0,0,0,0
23628625,11957636,away,4,1,2,0,0,0,0,1,0,0,0,0,0
23628625,11957629,away,5,2,2,0,0,0,0,0,0,0,3,0,1
23628625,11910873,away,5,2,3,0,1,0,6,0,0,0,1,0,0
23628625,11957628,away,5,2,3,0,0,0,0,0,0,0,0,0,0
23628625,11957639,away,4,1,2,0,0,0,0,0,0,0,0,0,0
23628625,11957634,away,1,3,0,0,0,0,1,4,1,0,2,0,0
23628625,11957635,away,5,0,3,0,0,0,1,0,0,0,0,0,0
23628625,11957640,away,4,0,2,0,0,0,1,1,0,0,0,0,0
23628625,11957630,away,5,1,1,0,0,0,2,0,0,0,0,0,0
23628625,11959860,home,3,0,0,0,0,0,0,0,1,0,0,0,0
23628625,11959856,home,4,1,1,0,0,0,0,0,0,0,0,0,0
23628625,11959861,home,3,0,0,0,0,0,0,0,3,0,0,0,0
23628625,11959862,home,0,0,0,0,0,0,0,0,0,0,0,0,0
23628625,11959853,home,3,0,1,0,0,0,0,1,0,0,0,0,0
23628625,11959850,home,3,0,1,1,0,0,2,0,0,0,1,0,0
23628625,11959859,home,2,0,0,0,0,0,0,1,0,0,0,0,0
23628625,11959855,home,2,0,1,0,0,0,0,1,1,0,0,0,0
23628625,11959854,home,4,0,1,0,0,0,0,0,0,0,0,0,0
23628625,11959857,home,2,0,0,0,0,0,0,0,0,0,0,0,0
23628625,11959852,home,1,1,0,0,0,0,0,2,0,0,0,0,0
23628622,11957702,away,4,1,1,0,0,0,0,1,0,0,0,0,1
23628622,11957708,away,5,1,2,0,0,0,1,1,1,0,0,0,0
23628622,11957698,away,5,3,1,1,0,0,2,1,1,0,0,0,0
23628622,11957697,away,5,1,2,0,0,0,3,0,0,0,0,0,1
23628622,11957701,away,4,2,1,0,0,0,0,2,0,0,0,0,0
23628622,11957709,away,5,2,1,0,0,0,2,0,0,0,0,0,1
23628622,12054065,away,4,1,2,0,0,0,1,0,0,0,0,0,1
23628622,11957704,away,3,1,0,1,0,0,0,3,1,0,0,0,0
23628622,11959800,home,5,2,3,1,0,0,2,0,0,0,0,0,0
23628622,11959802,home,5,1,3,0,0,0,1,0,1,0,0,0,0
23628622,11959813,home,4,1,1,0,0,0,1,1,0,0,0,0,1
23628622,11959807,home,4,0,0,0,0,0,0,0,3,0,0,0,0
23628622,11959814,home,4,0,1,0,0,0,0,0,1,0,0,0,0
23628622,11959805,home,5,3,3,1,0,0,4,0,0,0,0,0,1
23628622,11960041,home,3,3,1,0,0,0,0,1,0,1,0,0,0
23628622,11959801,home,5,1,2,0,0,0,0,0,1,0,0,0,0
23628622,11959812,home,5,0,2,0,0,0,0,0,0,0,0,0,0
23628622,12007359,home,4,1,1,0,0,0,0,1,0,0,0,0,0
23628622,11959803,home,3,1,2,0,0,0,2,1,0,0,0,0,1
23628624,11957694,away,0,0,0,0,0,0,0,0,0,0,0,0,0
23628624,11957690,away,5,1,3,0,0,0,1,0,2,0,1,0,0
23628624,11957682,away,3,3,1,1,0,0,2,1,0,1,3,0,0
23628624,11957692,away,5,0,2,0,0,0,1,0,0,0,0,0,0
23628624,11957691,away,4,0,2,0,0,0,0,1,1,0,0,0,0
23628624,11957681,away,4,1,2,0,0,0,1,0,0,0,0,0,0
23628624,11957687,away,3,0,1,0,0,0,0,0,0,1,0,0,0
23628624,11957685,away,3,1,1,0,0,0,0,0,0,0,0,0,0
23628624,11957686,away,4,1,0,0,0,0,1,1,0,0,1,0,1
23628624,11957689,away,5,0,2,0,0,0,2,0,0,0,0,0,0
23628624,11957683,away,3,1,1,0,0,0,0,1,0,0,0,0,0
23628624,11957653,home,4,1,2,1,0,0,0,1,0,0,2,0,0
23628624,11957658,home,5,0,2,0,0,0,0,0,1,0,1,0,0
23628624,11957661,home,4,0,1,0,0,0,0,0,2,0,0,0,0
23628624,11957663,home,3,0,1,0,0,0,0,1,0,0,0,0,0
23628624,11957651,home,4,1,1,0,0,0,1,1,0,0,0,0,0
23628624,12030061,home,2,1,1,0,0,0,0,2,1,0,0,0,0
23628624,11957656,home,4,0,0,0,1,0,2,0,0,0,0,0,0
23628624,11957650,home,4,0,1,0,0,0,0,0,0,0,0,0,0
23628624,11957657,home,5,1,3,0,0,0,1,0,2,0,2,0,0
23628624,11957654,home,4,2,0,0,0,0,0,1,0,0,0,0,1
23628629,11959860,away,3,0,1,0,0,0,1,1,0,0,0,0,0
23628629,11959861,away,4,0,0,0,0,0,0,0,1,0,0,0,0
23628629,11959862,away,0,0,0,0,0,0,0,0,0,0,0,0,0
23628629,11959853,away,4,1,1,0,0,0,0,1,0,0,2,0,0
23628629,11959858,away,3,0,1,0,0,0,1,1,0,0,0,0,0
23628629,11959850,away,5,1,1,0,0,0,2,0,1,0,0,0,0
23628629,11959849,away,3,0,1,0,0,0,1,2,0,0,0,0,0
23628629,11959859,away,4,0,0,0,0,0,0,0,1,0,0,0,0
23628629,11959848,away,4,2,3,0,0,0,1,1,0,0,0,0,0
23628629,11959854,away,4,1,2,0,0,0,0,1,0,0,0,0,1
23628629,11959857,away,3,2,1,0,0,0,0,2,0,0,0,0,0
23628629,11957702,home,4,0,2,0,0,0,2,0,0,1,0,0,0
23628629,11957699,home,4,0,2,0,0,0,1,0,0,0,0,1,0
23628629,11957708,home,2,2,0,0,0,0,0,1,2,1,1,0,0
23628629,11957698,home,5,3,3,0,0,1,7,0,0,0,2,0,0
23628629,11957697,home,3,2,2,0,0,0,0,1,1,0,0,0,0
23628629,11940654,home,5,3,1,3,0,0,4,0,0,0,0,0,0
23628629,11957701,home,4,4,2,2,0,0,1,1,0,0,2,0,0
23628629,11957703,home,4,2,0,0,1,0,0,1,2,0,0,0,0
23628629,12054065,home,3,1,0,1,0,0,0,1,0,0,0,0,0
23628629,11957704,home,4,1,0,0,0,0,0,1,1,0,0,0,0
23628632,11959800,away,2,2,0,0,0,1,1,1,1,1,0,0,0
23628632,11959802,away,3,1,2,0,0,0,0,0,0,0,0,0,0
23628632,11959813,away,3,0,1,0,0,0,1,1,0,0,0,0,0
23628632,11959806,away,3,0,2,0,0,0,0,0,1,0,0,0,0
23628632,11959809,away,3,1,1,0,0,0,2,1,0,0,1,0,0
23628632,11959814,away,4,0,1,0,0,0,0,0,0,0,0,0,0
23628632,11960041,away,4,0,1,0,0,0,0,0,1,0,0,0,0
23628632,11959812,away,4,0,3,0,0,0,2,0,0,0,0,0,0
23628632,12007359,away,3,2,1,0,0,0,0,1,2,0,0,0,0
23628632,11959804,away,3,2,1,0,0,0,1,1,0,0,0,0,1
23628632,11959803,away,3,1,2,0,0,0,2,0,0,1,1,0,0
23628632,11959825,home,5,2,3,0,0,0,0,0,0,0,0,0,1
23628632,11959823,home,5,0,3,0,0,0,1,0,0,0,0,0,0
23628632,11959818,home,4,3,1,0,1,0,1,1,0,0,0,0,0
23628632,11959815,home,5,1,2,1,0,0,1,0,0,0,0,0,0
23628632,11959827,home,3,3,1,0,0,0,0,1,0,0,0,0,1
23628632,11959826,home,3,1,0,0,0,0,0,1,0,1,0,0,0
23628632,11959819,home,4,3,3,0,0,0,3,1,0,0,0,0,0
23628632,11959828,home,5,2,2,1,0,0,3,0,0,0,0,0,0
23628632,11959824,home,5,3,3,0,0,0,1,0,1,0,1,0,0
23628630,11957677,away,4,1,1,0,0,0,0,1,0,0,1,0,0
23628630,11957675,away,0,1,0,0,0,0,0,1,0,0,0,0,0
23628630,11957669,away,4,0,1,0,0,0,2,0,0,0,0,0,0
23628630,11957674,away,4,1,1,0,0,0,0,0,1,0,0,0,0
23628630,11957672,away,3,0,0,0,0,0,1,1,0,0,0,0,1
23628630,11957679,away,4,1,2,0,0,0,1,0,0,0,0,0,0
23628630,11957666,away,2,0,2,0,0,0,1,0,0,0,1,0,0
23628630,11957673,away,3,0,2,0,0,0,0,1,1,0,0,0,0
23628630,11957680,away,4,0,1,0,0,0,0,0,0,0,0,0,0
23628630,11957684,home,2,1,1,0,0,0,0,1,1,0,0,0,0
23628630,11957690,home,3,0,2,0,0,0,1,0,1,0,0,0,0
23628630,11957682,home,1,3,1,0,0,0,0,2,0,0,3,0,0
23628630,11957692,home,3,0,0,0,0,0,0,0,1,0,0,0,0
23628630,11957691,home,0,0,0,0,0,0,0,0,0,0,0,0,0
23628630,11957681,home,3,0,2,0,0,0,2,0,0,0,0,0,0
23628630,11957687,home,2,0,0,0,0,0,0,0,0,0,0,0,0
23628630,11957685,home,2,0,0,0,0,0,2,1,0,0,0,0,0
23628630,11957693,home,4,1,3,0,0,0,0,0,0,0,0,0,0
23628630,11957686,home,2,0,0,0,0,0,0,1,0,0,0,0,0
23628630,11957688,home,2,0,0,0,0,0,0,0,1,0,0,0,0
23628630,11957689,home,2,1,0,0,0,0,0,1,0,0,0,0,0
23628630,11957683,home,3,0,0,0,0,0,0,0,0,0,0,0,0
23628630,11957695,home,3,0,1,0,0,0,0,0,1,0,0,0,0
23628631,11957659,away,3,0,2,0,0,0,2,1,0,0,0,0,0
23628631,11957660,away,3,1,0,0,0,0,0,1,0,0,0,0,0
23628631,11957658,away,4,1,1,0,0,0,1,0,1,0,1,0,0
23628631,11957661,away,3,1,0,0,0,0,0,2,2,0,0,0,0
23628631,11957651,away,5,1,2,0,1,0,3,0,1,0,0,0,0
23628631,12030061,away,4,1,1,0,0,0,0,0,2,0,0,0,0
23628631,11957656,away,4,2,1,0,0,0,0,1,1,0,1,0,0
23628631,11957650,away,4,1,2,0,0,0,1,0,1,0,0,0,0
23628631,11957657,away,3,2,1,0,0,0,0,1,1,0,0,0,0
23628631,11957654,away,5,1,2,1,0,0,2,0,1,0,0,0,0
23628631,11957636,home,2,1,0,0,0,0,0,2,1,0,1,0,0
23628631,11957629,home,4,1,3,0,0,0,1,1,0,0,1,0,0
23628631,11910873,home,4,0,1,0,0,0,1,0,0,0,0,0,0
23628631,11957628,home,5,2,2,0,1,0,3,0,1,0,0,0,0
23628631,11957633,home,4,5,2,0,0,0,0,1,0,0,2,0,1
23628631,11957632,home,3,2,2,0,0,0,0,1,0,0,0,0,0
23628631,11957637,home,3,0,1,1,0,0,3,0,0,0,0,2,1
23628631,12007390,home,4,0,1,0,0,0,1,0,1,0,0,0,1
23628631,11957639,home,4,0,1,0,0,0,1,0,2,0,0,0,0
23628631,11957634,home,3,1,1,0,0,0,0,1,1,0,2,0,0
23628631,11957635,home,3,0,1,0,0,0,1,1,1,0,0,0,0
23628631,11957630,home,4,0,0,0,0,0,0,0,0,0,0,0,0
23628669,11957653,away,4,1,2,0,0,0,4,0,0,0,2,0,0
23628669,11957655,away,3,1,2,0,0,0,0,0,0,0,0,0,0
23628669,11957659,away,2,0,1,0,0,0,0,1,1,0,2,0,0
23628669,11957660,away,3,0,0,0,0,0,0,0,1,0,0,0,0
23628669,11957658,away,4,1,1,0,0,0,0,0,1,0,1,0,0
23628669,11957661,away,3,1,1,0,0,0,0,0,1,0,1,0,0
23628669,11957663,away,3,0,1,0,0,0,0,0,1,0,0,0,0
23628669,11957652,away,0,0,0,0,0,0,0,0,0,0,0,0,0
23628669,11957651,away,4,3,1,1,0,0,2,0,0,0,1,0,0
23628669,12030061,away,2,0,1,0,0,0,2,1,0,0,0,0,0
23628669,11957656,away,4,2,2,1,0,0,1,0,1,0,1,0,0
23628669,11957650,away,2,2,1,0,0,0,0,0,0,1,2,0,0
23628669,11957657,away,3,0,1,1,0,0,2,0,1,0,1,0,0
23628669,11957654,away,4,1,0,0,0,0,0,0,0,0,0,0,1
23628669,11957678,home,0,0,0,0,0,0,0,0,0,0,0,0,0
23628669,11957677,home,5,2,3,0,0,0,0,0,0,0,1,0,1
23628669,11957675,home,3,1,0,0,0,0,0,0,1,0,0,0,0
23628669,11957674,home,3,1,1,0,0,0,1,2,1,0,1,0,0
23628669,11957670,home,4,1,1,0,0,0,1,1,1,0,0,1,0
23628669,11957672,home,4,1,0,0,0,0,0,1,1,0,0,0,0
23628669,11957668,home,5,0,3,0,0,0,4,0,1,0,2,0,0
23628669,11957679,home,5,1,3,0,0,0,1,0,0,0,0,0,1
23628669,11957673,home,4,0,0,0,0,0,0,0,4,1,0,0,0
23628669,11957680,home,5,1,2,0,0,0,1,0,2,0,0,0,0
23628670,11957702,away,3,2,1,1,0,0,3,1,0,0,0,0,0
23628670,11957698,away,5,2,2,0,0,1,3,0,1,0,0,0,0
23628670,11957697,away,5,3,2,1,0,0,1,0,0,0,2,0,0
23628670,11940654,away,4,2,1,0,0,0,0,1,1,0,1,0,0
23628670,11957701,away,4,1,1,1,0,0,0,0,2,1,1,0,1
23628670,11957703,away,4,1,0,0,0,0,1,1,3,0,0,0,0
23628670,12054065,away,3,0,0,0,0,0,0,1,1,0,0,0,1
23628670,11957704,away,3,0,0,1,0,0,1,1,1,0,0,0,0
23628670,11957636,home,3,0,2,0,0,0,1,1,1,0,0,0,0
23628670,11957629,home,3,2,2,0,0,0,1,0,0,0,1,0,1
23628670,11957638,home,3,1,1,1,0,0,2,1,0,0,0,0,0
23628670,11957631,home,2,0,0,0,0,0,0,0,1,0,0,0,0
23628670,11910873,home,2,2,2,0,0,0,1,1,0,1,1,0,0
23628670,11957628,home,4,2,0,0,0,0,1,0,0,0,2,0,0
23628670,11957632,home,4,2,2,1,0,0,3,0,1,0,0,0,0
23628670,12007390,home,3,1,1,0,0,0,2,0,0,0,0,0,0
23628670,11957639,home,4,1,2,0,0,0,1,0,0,0,0,0,1
23628670,11957634,home,3,1,0,1,0,0,2,1,1,0,0,0,0
23628670,11957635,home,4,2,1,0,0,0,1,0,0,0,1,0,0
23628670,11957640,home,3,1,1,0,0,0,0,0,0,0,0,0,0
23628670,11957630,home,4,2,2,0,1,0,2,0,0,0,0,0,0
23628671,11957694,away,0,0,0,0,0,0,0,0,0,0,0,0,0
23628671,11957690,away,6,4,2,2,0,0,5,0,0,0,0,0,0
23628671,11957682,away,5,4,2,1,0,0,4,1,0,0,0,0,0
23628671,11957692,away,6,3,5,0,0,0,0,0,0,0,0,0,0
23628671,11957691,away,6,2,3,0,0,0,2,0,0,0,0,0,1
23628671,11957681,away,5,3,4,0,0,0,3,0,0,0,0,0,0
23628671,11957687,away,5,1,2,0,0,0,1,1,1,0,0,0,1
23628671,11957685,away,6,1,1,2,0,0,2,0,0,0,0,0,0
23628671,11957686,away,6,2,3,1,0,0,4,0,0,0,0,0,1
23628671,11957683,away,5,0,1,0,0,0,0,1,0,0,0,0,0
23628671,11957695,away,4,4,3,0,0,0,1,2,0,0,0,0,0
23628671,11959800,home,3,1,1,0,0,0,0,0,1,0,2,0,0
23628671,11959802,home,3,0,1,0,0,0,0,0,0,0,0,0,0
23628671,11959813,home,2,0,1,0,0,0,0,1,1,0,1,0,0
23628671,11959806,home,3,0,0,0,0,0,0,0,1,0,1,0,0
23628671,11959809,home,2,0,1,0,0,0,0,1,0,0,0,0,0
23628671,11959814,home,3,0,1,0,0,0,0,0,1,0,0,0,0
23628671,11959805,home,2,1,1,0,0,0,1,0,0,1,0,0,0
23628671,11959801,home,3,0,0,0,0,0,0,0,1,0,0,0,0
23628671,11959812,home,3,1,0,0,0,0,1,0,1,1,0,0,0
23628671,12007359,home,4,0,1,0,0,0,0,0,0,0,0,0,0
23628671,11959804,home,3,0,1,0,0,0,1,0,0,0,1,0,0
23628683,11957636,away,5,0,0,0,0,0,1,0,1,0,0,0,1
23628683,11957629,away,4,4,1,0,1,0,2,1,0,0,1,0,1
23628683,11957638,away,4,4,3,0,1,0,0,1,0,0,0,0,0
23628683,11910873,away,5,1,3,0,0,0,2,0,1,0,1,0,1
23628683,11957628,away,4,3,1,1,0,0,1,0,0,0,0,0,1
23628683,11957633,away,5,2,4,0,0,0,1,0,0,0,0,0,0
23628683,11957639,away,3,1,1,1,0,0,1,0,1,1,0,0,0
23628683,11957635,away,4,1,2,0,0,0,2,0,1,0,0,0,1
23628683,11957640,away,4,0,1,0,0,0,1,0,1,0,0,0,0
23628683,11957630,away,5,2,1,2,0,0,4,0,0,0,1,0,0
23628683,11959825,home,5,1,2,0,0,0,1,0,0,0,0,0,1
23628683,11959829,home,5,1,2,0,0,0,2,0,0,0,0,0,1
23628683,11959826,home,2,2,0,0,0,0,0,3,1,0,1,0,0
23628683,11959816,home,5,3,3,0,0,0,1,0,1,0,4,0,0
23628683,11959828,home,6,2,3,0,0,0,1,0,1,0,0,0,0
23628683,11959824,home,4,0,1,0,0,0,0,1,1,0,0,0,0
23628683,11959821,home,5,0,0,0,0,0,0,0,1,0,0,0,0
23628683,11959817,home,4,2,3,0,0,0,2,1,0,0,4,0,1
23628682,11959800,away,1,1,0,1,0,0,1,3,0,0,1,0,0
23628682,11959802,away,4,0,0,0,0,0,1,0,0,0,1,0,0
23628682,11959813,away,3,0,0,0,0,0,1,1,0,0,0,0,1
23628682,11959806,away,4,0,1,0,0,0,3,0,0,0,1,0,2
23628682,11959807,away,4,1,0,0,0,0,0,0,2,0,1,0,0
23628682,11959809,away,4,1,2,0,0,0,1,0,1,0,1,0,0
23628682,11959814,away,3,0,2,0,0,0,0,0,0,0,0,0,0
23628682,11960041,away,3,1,0,0,0,0,2,2,0,0,2,0,1
23628682,11959801,away,3,2,0,1,0,0,0,0,1,0,1,0,0
23628682,11959812,away,0,0,0,0,0,0,0,0,0,0,0,0,0
23628682,12007359,away,2,1,1,0,0,0,0,2,1,0,1,0,0
23628682,11959803,away,4,2,1,0,1,0,0,0,1,0,1,0,0
23628682,11957678,home,3,0,0,0,0,0,0,1,1,0,0,0,1
23628682,11957677,home,3,1,0,0,0,0,0,0,0,1,1,0,0
23628682,11957675,home,2,0,0,0,0,0,0,1,1,0,0,0,0
23628682,11957669,home,4,0,2,0,0,0,0,0,0,0,2,0,0
23628682,11957674,home,2,0,0,0,0,0,0,2,1,0,0,0,0
23628682,11957670,home,4,0,2,0,0,0,1,0,1,0,1,0,0
23628682,11957668,home,2,1,1,0,0,0,1,2,0,0,2,0,0
23628682,11957679,home,2,0,0,0,0,0,0,2,0,0,0,0,1
23628682,11957673,home,3,0,1,0,0,0,0,1,0,0,0,0,0
23628682,11957667,home,4,2,3,0,0,0,2,0,0,0,2,0,0
23628682,11957680,home,3,1,0,0,0,0,1,1,0,0,0,0,0
23628684,11957700,away,3,1,1,0,0,0,0,2,0,0,0,0,1
23628684,11957708,away,3,1,1,0,0,0,0,0,0,1,0,0,1
23628684,11957698,away,4,0,2,0,0,0,1,1,1,0,2,0,0
23628684,11957697,away,4,2,1,0,0,0,0,1,1,0,0,0,0
23628684,11940654,away,4,1,2,0,0,0,0,1,0,0,2,0,0
23628684,11957701,away,5,1,0,2,0,0,1,0,1,0,0,0,0
23628684,11957703,away,5,0,2,0,0,0,0,0,0,0,1,0,1
23628684,11957705,away,5,0,2,0,0,0,3,0,1,0,0,0,0
23628684,12054065,away,4,0,2,0,0,0,0,0,0,0,0,0,0
23628684,11957704,away,5,0,0,0,0,0,0,0,1,0,0,0,1
23628681,11959861,away,4,0,1,0,0,0,0,0,1,0,0,0,0
23628681,11959862,away,3,0,0,0,0,0,0,1,2,0,0,0,0
23628681,11959853,away,3,2,2,0,0,0,0,1,0,0,0,0,0
23628681,11959858,away,4,0,0,0,0,0,1,0,1,0,0,0,0
23628681,11959850,away,3,2,0,1,0,0,0,1,0,0,0,0,0
23628681,11959849,away,3,2,2,0,0,0,0,1,0,0,0,0,0
23628681,11959859,away,3,0,1,0,0,0,0,1,1,0,1,0,0
23628681,11959848,away,4,1,1,0,2,0,3,0,0,0,0,0,0
23628681,11959855,away,2,1,1,0,0,0,0,0,0,0,0,0,0
23628681,11959854,away,3,0,1,0,0,0,4,1,0,0,0,0,1
23628681,11959857,away,4,1,1,0,0,0,0,0,0,0,0,0,0
23628681,11959852,away,4,0,2,0,0,0,1,0,0,0,0,0,0
23628681,11957684,home,2,2,0,0,0,0,0,1,1,1,0,0,0
23628681,11957694,home,0,0,0,0,0,0,0,0,0,0,0,0,0
23628681,11957690,home,4,1,1,0,0,0,2,0,1,0,1,0,0
23628681,11957682,home,4,2,3,0,0,0,1,0,0,0,2,0,0
23628681,11957691,home,4,1,1,0,0,0,0,0,0,0,0,0,0
23628681,11957681,home,4,1,3,0,0,0,2,0,0,0,1,0,0
23628681,11957687,home,4,1,2,0,0,0,3,0,0,0,1,0,0
23628681,11957693,home,3,0,0,1,0,0,1,1,0,0,0,0,0
23628681,11957686,home,4,1,2,0,0,0,2,0,0,0,0,0,1
23628681,11957688,home,4,1,0,0,0,0,0,0,1,0,0,0,0
23628681,11957689,home,3,2,0,1,0,0,2,1,1,0,0,0,0
23628681,11957683,home,4,1,2,0,0,0,0,0,0,0,0,0,0
23628681,11957695,home,0,0,0,0,0,0,0,2,0,0,0,0,0
23628692,11957678,away,5,0,1,0,0,0,0,0,1,0,1,0,0
23628692,11957669,away,5,0,3,0,0,0,1,0,0,0,0,0,0
23628692,11957674,away,5,2,2,0,0,0,0,0,0,0,0,0,0
23628692,11957672,away,5,1,2,1,0,0,1,0,0,0,0,0,0
23628692,11957679,away,5,0,1,0,0,0,0,0,0,0,0,0,0
23628692,11957666,away,5,3,0,1,0,2,4,0,0,0,0,0,1
23628692,11957665,away,3,1,0,0,0,0,0,1,0,0,0,0,0
23628692,11957667,away,5,0,2,0,0,0,1,0,0,0,3,0,0
23628692,11959860,home,4,0,0,0,0,0,0,0,0,0,0,0,0
23628692,11959856,home,4,1,3,0,0,0,0,0,0,0,0,0,0
23628692,11959861,home,4,2,3,1,0,0,3,0,0,0,0,0,0
23628692,11959862,home,2,2,0,0,0,0,0,1,1,1,0,0,0
23628692,11959853,home,2,2,1,0,0,0,0,2,0,1,0,0,0
23628692,11959858,home,4,0,1,0,0,0,0,0,0,0,0,0,0
23628692,11959850,home,4,0,1,1,0,0,3,0,1,0,0,0,0
23628692,11959859,home,4,1,2,0,0,0,2,0,0,0,0,0,0
23628692,11959848,home,4,2,2,0,0,0,2,1,0,0,0,0,0
23628692,11959855,home,4,1,1,0,0,0,0,0,1,0,0,0,0
23628692,11959854,home,3,2,1,0,0,0,0,0,0,1,0,0,0
23628692,11959857,home,4,0,1,0,0,0,1,0,0,0,0,0,0
23628692,11959852,home,3,1,2,0,0,0,3,1,0,1,1,0,0
23628693,11957653,away,7,2,3,1,0,0,5,0,0,0,0,0,1
23628693,11957658,away,7,2,6,0,0,0,3,0,0,0,1,0,0
23628693,11957661,away,6,3,2,0,0,0,3,1,1,0,0,0,0
23628693,11957663,away,4,3,2,0,0,0,1,2,0,0,0,0,0
23628693,11957652,away,5,3,2,0,0,0,3,2,0,0,0,0,0
23628693,11957651,away,6,3,2,1,0,0,2,1,0,0,0,0,1
23628693,11957656,away,5,5,3,0,0,0,2,2,0,0,1,0,0
23628693,11957650,away,5,2,2,0,0,0,1,2,0,0,0,0,1
23628693,11957657,away,5,4,3,1,0,0,4,1,0,0,1,0,0
23628693,11957654,away,7,2,3,0,0,0,1,0,0,0,0,0,1
23628693,11959800,home,2,0,0,0,0,0,0,0,0,0,0,0,0
23628693,11959802,home,3,1,0,1,0,0,0,0,0,0,0,0,0
23628693,11959813,home,2,0,0,0,0,0,0,1,0,0,0,0,0
23628693,11959806,home,3,0,0,0,0,0,0,0,0,0,0,0,0
23628693,11959807,home,3,0,2,0,0,0,0,0,0,0,0,0,0
23628693,11959809,home,3,0,0,0,0,0,0,0,0,0,0,0,0
23628693,11959814,home,3,0,2,0,0,0,0,0,1,0,0,0,0
23628693,11960041,home,4,0,0,0,0,0,0,0,1,0,0,0,0
23628693,12007359,home,4,0,1,0,0,0,0,0,0,0,0,0,0
23628693,11959804,home,1,1,0,0,0,0,0,2,1,0,0,0,0
23628694,11959825,away,3,1,1,0,0,0,0,1,0,1,0,0,0
23628694,11959818,away,1,0,0,0,0,0,0,0,0,0,0,0,0
23628694,11959829,away,3,0,0,0,0,0,0,2,2,0,0,0,0
23628694,11959815,away,5,1,2,2,0,0,4,0,0,0,1,0,0
23628694,11959827,away,4,1,1,1,0,0,0,1,1,0,1,0,1
23628694,11959826,away,5,2,1,0,0,0,0,0,0,0,0,0,1
23628694,11959819,away,3,2,0,0,0,0,1,2,0,0,2,0,0
23628694,11959828,away,5,0,1,0,0,0,1,0,0,0,0,0,0
23628694,11959824,away,5,1,1,0,0,0,0,0,1,0,0,0,0
23628694,11957702,home,4,1,1,0,0,0,1,1,1,0,1,0,0
23628694,11957700,home,5,3,2,1,0,1,3,0,1,0,1,0,0
23628694,11957699,home,6,4,2,2,2,0,8,0,0,0,0,0,0
23628694,11957708,home,3,2,0,0,0,0,1,2,0,0,2,0,0
23628694,11957698,home,6,2,0,2,0,0,2,0,1,0,0,0,0
23628694,11957697,home,5,0,4,0,0,0,1,0,0,0,2,0,0
23628694,11940654,home,6,4,4,0,0,0,1,0,0,0,3,0,0
23628694,11957701,home,5,3,4,0,0,0,1,0,0,0,1,0,0
23628694,11957703,home,6,3,3,0,0,0,1,0,0,0,1,0,1
23628694,11957705,home,5,0,1,0,0,0,1,0,1,0,0,0,1
23628694,12054065,home,5,2,3,0,0,0,0,0,0,0,0,0,0
23628694,11957704,home,4,0,2,0,0,0,1,1,1,0,0,0,0
23628710,11957678,away,4,1,1,0,0,0,2,1,0,0,0,0,0
23628710,11957677,away,4,2,1,0,0,0,1,0,0,1,0,0,0
23628710,11957674,away,4,3,2,1,0,0,2,1,0,0,2,0,0
23628710,11957679,away,2,1,1,0,0,0,2,3,0,0,0,0,0
23628710,11957666,away,4,4,3,1,0,0,3,1,0,0,1,0,0
23628710,11957673,away,2,2,2,0,0,0,2,2,0,0,0,0,0
23628710,11957665,away,3,1,0,0,0,0,2,1,0,0,0,0,1
23628710,11957680,away,3,1,0,0,0,0,0,2,2,0,0,0,0
23628710,11957636,home,3,1,1,0,0,0,0,2,0,0,0,0,0
23628710,11957629,home,4,1,1,0,0,0,2,1,0,0,1,0,0
23628710,11957631,home,4,4,3,0,0,0,2,1,0,0,3,0,1
23628710,11910873,home,5,2,3,0,0,0,2,0,0,0,0,0,0
23628710,11957641,home,3,1,1,0,0,0,3,2,0,0,0,0,1
23628710,11957628,home,4,2,4,0,0,0,2,0,0,0,3,0,0
23628710,11957633,home,3,2,3,0,0,0,3,0,0,0,2,0,0
23628710,11957639,home,3,3,1,0,0,0,2,2,0,0,3,0,1
23628710,11957640,home,4,0,0,0,0,0,0,0,2,0,0,0,0
23628709,11957690,away,6,3,2,0,0,0,0,0,1,0,1,0,0
23628709,11957692,away,5,1,1,1,0,0,3,0,1,1,0,0,0
23628709,11957681,away,5,2,1,1,0,0,2,1,1,0,0,0,0
23628709,11957687,away,4,2,3,0,0,0,0,1,0,0,1,0,0
23628709,11957693,away,4,0,1,0,0,0,1,1,1,0,1,0,0
23628709,11957686,away,6,2,2,1,0,0,2,0,0,0,2,0,0
23628709,11957688,away,4,3,2,0,0,0,1,1,0,0,1,0,0
23628709,11957689,away,5,2,3,1,0,0,3,0,0,0,0,0,0
23628709,11957683,away,6,2,2,2,0,0,5,0,0,0,1,0,0
23628709,11957702,home,4,1,2,0,0,0,3,0,0,0,3,0,0
23628709,11957700,home,3,0,1,0,0,0,2,2,1,0,1,0,0
23628709,11957708,home,4,1,3,0,0,0,0,0,1,0,1,0,0
23628709,11957698,home,4,2,1,0,1,0,1,1,0,0,0,0,0
23628709,11957697,home,4,1,1,0,0,0,1,1,1,0,1,0,1
23628709,11940654,home,4,2,1,1,0,0,4,1,1,0,2,0,0
23628709,11957701,home,2,4,0,0,0,1,3,3,0,0,2,0,0
23628709,11957703,home,3,0,0,0,0,0,0,1,0,0,0,0,0
23628709,11957705,home,4,2,1,1,0,0,1,0,1,0,1,0,0
23628709,12054065,home,4,1,1,0,0,0,1,0,1,0,0,0,0
23628709,11957704,home,2,2,0,0,0,0,0,2,0,0,0,0,0
23628707,11959825,away,6,0,1,0,0,0,1,0,1,0,0,0,0
23628707,11959829,away,3,2,1,1,0,0,2,3,0,0,0,0,0
23628707,11959827,away,6,0,3,0,0,0,1,0,0,0,0,0,0
23628707,11959820,away,5,1,2,0,0,0,0,1,1,0,1,0,0
23628707,11959826,away,4,0,2,0,0,0,0,1,0,0,0,0,0
23628707,11959816,away,6,2,4,1,0,0,1,0,0,0,4,0,0
23628707,11959819,away,3,0,0,0,0,0,2,1,1,1,0,0,0
23628707,11959824,away,6,2,1,1,0,0,0,0,0,0,0,0,0
23628707,11959821,away,5,2,2,0,0,0,2,1,1,0,0,0,0
23628707,11957653,home,5,3,2,2,0,0,1,0,0,0,3,0,0
23628707,11957655,home,1,1,1,0,0,0,1,1,0,0,1,0,0
23628707,11957659,home,3,2,2,1,0,0,0,2,0,0,0,0,0
23628707,11957658,home,4,1,0,0,0,0,1,1,1,0,1,0,0
23628707,11957661,home,5,0,0,1,0,0,1,0,3,0,0,0,1
23628707,11957663,home,4,1,2,0,0,0,2,0,1,0,0,0,0
23628707,11957652,home,3,2,2,0,0,0,2,1,0,1,0,0,0
23628707,11957651,home,5,3,2,1,0,0,2,0,0,0,2,0,1
23628707,12030061,home,4,1,1,0,0,0,2,1,1,0,0,0,0
23628707,11957656,home,5,3,2,0,0,0,3,0,0,0,3,0,1
23628707,11957650,home,4,0,1,0,0,0,2,0,1,0,1,0,0
23628708,11959800,away,3,2,1,1,1,0,1,1,0,0,0,0,0
23628708,11959802,away,2,1,1,0,0,0,0,0,0,0,1,0,0
23628708,11959813,away,3,0,0,0,0,0,0,0,1,0,0,0,0
23628708,11959806,away,3,1,0,1,0,0,1,0,0,0,0,0,0
23628708,11959807,away,2,0,1,0,0,0,0,1,0,0,0,0,0
23628708,11959809,away,3,0,1,0,0,0,1,0,0,0,0,0,0
23628708,11959814,away,3,0,0,0,0,0,0,0,2,0,0,0,0
23628708,11960041,away,3,0,0,0,0,0,0,0,2,0,0,0,0
23628708,12007359,away,3,2,1,0,0,0,1,0,2,1,0,0,0
23628708,11959804,away,4,1,1,0,0,0,0,0,0,0,0,0,0
23628708,11959803,away,4,0,1,0,0,0,0,0,0,0,2,0,0
23628708,11959860,home,2,2,1,0,0,0,0,1,0,0,0,0,0
23628708,11959856,home,3,1,3,0,0,0,2,0,0,0,0,0,0
23628708,11959853,home,2,0,0,0,0,0,1,0,0,0,0,1,0
23628708,11959851,home,4,1,1,0,0,0,1,0,0,0,0,0,0
23628708,11959858,home,2,1,0,0,0,0,1,1,0,0,0,0,1
23628708,11959849,home,1,1,0,1,0,0,0,1,0,1,0,0,0
23628708,11959859,home,3,0,0,0,0,0,0,0,0,0,0,0,0
23628708,11959848,home,3,0,1,2,0,0,1,1,0,0,0,0,0
23628708,11959855,home,4,2,2,0,0,0,2,0,1,0,0,0,0
23628708,11959854,home,3,0,1,0,0,0,1,0,0,0,0,0,0
23628708,11959857,home,3,0,0,0,0,0,0,0,0,0,0,0,0
23628708,11959852,home,4,1,1,0,0,0,0,0,0,0,0,0,0
25051844,12597869,away,3,0,1,0,0,0,2,1,0,0,0,0,0
25051844,12597879,away,4,0,2,0,0,0,0,0,1,0,0,0,0
25051844,12597867,away,3,1,2,0,0,0,0,1,1,0,0,0,0
25051844,12597880,away,4,0,1,0,0,0,0,0,1,0,0,0,0
25051844,12597873,away,2,1,0,0,0,0,0,2,1,0,0,0,0
25051844,12597878,away,4,1,2,0,0,0,2,0,1,0,0,0,0
25051844,12597866,away,2,1,0,1,0,0,0,2,1,0,1,0,0
25051844,12597876,away,2,1,0,0,0,0,0,1,1,0,0,0,0
25051844,12597877,away,3,0,1,0,0,0,0,0,0,0,0,0,0
25051844,12597868,away,4,1,0,0,0,0,2,0,0,0,0,0,0
25051844,12586244,home,3,0,0,0,0,0,0,0,1,0,0,0,0
25051844,12599139,home,0,0,0,0,0,0,0,0,0,0,0,0,0
25051844,12599140,home,2,1,1,0,0,0,0,1,0,0,0,0,0
25051844,12586249,home,2,0,0,0,0,0,0,1,1,0,0,0,0
25051844,12586242,home,3,1,1,0,0,0,0,0,0,0,1,0,0
25051844,12586245,home,3,1,2,0,0,0,0,0,0,0,0,0,0
25051844,12586252,home,3,0,0,0,0,0,0,0,1,0,0,0,0
25051844,12586243,home,3,1,1,1,0,0,2,0,0,0,0,0,0
25051844,12586250,home,4,0,2,0,0,0,0,0,0,0,0,0,0
25051844,12586253,home,3,0,2,1,0,0,1,0,0,0,1,0,0
25051844,12586256,home,3,0,0,0,0,0,0,0,1,0,0,0,0
25051844,12586254,home,3,0,0,0,0,0,0,0,2,0,0,0,0
25051844,12586247,home,3,1,1,0,0,0,1,0,0,0,0,0,0
25051847,12597981,away,2,1,0,0,0,0,0,2,0,0,1,0,0
25051847,12597974,away,3,1,1,0,0,0,0,1,0,1,1,0,0
25051847,12597977,away,2,1,0,0,0,0,1,2,0,0,0,0,0
25051847,12597983,away,5,1,1,0,0,0,2,0,0,0,0,0,0
25051847,12597982,away,4,0,3,0,0,0,1,0,1,0,0,0,0
25051847,12597985,away,5,0,2,0,0,0,2,0,2,0,0,0,0
25051847,12597973,away,2,1,0,0,0,0,0,1,0,1,1,0,0
25051847,12597984,away,6,1,0,0,0,0,0,0,2,0,1,0,1
25051847,12597976,away,4,1,2,0,1,0,1,1,0,0,4,0,0
25051847,12597986,away,4,0,2,0,0,0,0,0,1,0,2,0,0
25051847,12597932,home,3,0,1,0,0,0,0,0,1,1,0,0,0
25051847,12597922,home,4,2,2,0,0,0,1,1,0,0,2,0,0
25051847,12597923,home,4,2,1,1,0,0,3,1,0,0,1,0,0
25051847,12597924,home,1,1,1,0,0,0,1,3,0,0,1,0,0
25051847,12597925,home,3,1,0,0,0,0,2,1,1,0,1,1,0
25051847,12597930,home,3,3,1,0,0,0,0,2,1,0,3,0,0
25051847,12597931,home,4,1,1,0,0,0,1,0,1,1,1,0,1
25051847,12597929,home,4,1,1,0,0,0,1,0,1,0,0,0,1
25051847,12597927,home,4,1,1,0,0,0,1,1,1,0,0,0,0
25051845,12597969,away,5,0,3,0,0,0,1,0,1,0,0,0,0
25051845,12597957,away,5,2,2,0,0,0,1,0,1,0,0,0,0
25051845,12597965,away,5,3,4,0,0,0,1,0,0,0,1,0,0
25051845,12599143,away,4,2,1,0,0,0,0,2,1,0,0,0,0
25051845,12597966,away,5,1,1,0,0,0,1,1,3,0,0,0,0
25051845,12597968,away,4,0,2,0,0,0,0,1,0,0,0,0,0
25051845,12597958,away,5,2,2,0,0,0,0,0,0,0,1,0,0
25051845,12597967,away,3,0,0,0,0,0,0,1,1,1,0,0,0
25051845,12597959,away,6,4,3,2,0,0,1,0,0,0,1,0,0
25051845,12597964,away,5,1,2,0,0,0,2,0,0,0,1,0,0
25051845,12599145,home,3,3,2,0,0,0,0,1,0,0,0,0,0
25051845,12597842,home,1,1,0,0,0,0,1,3,0,0,0,0,0
25051845,12597839,home,3,3,2,1,0,0,3,0,0,0,2,0,0
25051845,12597837,home,3,1,1,0,0,0,1,1,0,0,1,0,0
25051845,12597831,home,3,2,2,0,0,0,2,0,1,1,2,0,0
25051845,12597843,home,4,0,1,0,0,0,1,0,0,0,0,0,0
25051845,12597840,home,4,1,3,0,0,0,0,0,0,0,1,0,0
25051845,12597848,home,4,2,2,0,0,0,0,0,0,0,2,0,0
25051845,12597838,home,3,2,1,0,0,0,3,1,0,0,0,0,0
25051845,12597844,home,3,1,1,0,0,0,1,1,0,0,0,0,0
25051845,12597836,home,2,2,0,0,0,0,0,2,0,0,0,0,1
25051845,12597847,home,5,0,2,0,0,0,2,0,0,0,0,0,0
25051846,12597861,away,4,0,0,0,0,0,0,0,2,0,0,0,0
25051846,12597851,away,3,1,1,0,0,0,2,0,0,0,0,0,0
25051846,12597858,away,2,1,2,0,0,0,1,2,0,0,2,0,0
25051846,12597859,away,2,1,1,0,0,0,0,2,0,0,0,0,0
25051846,12597857,away,2,2,1,0,0,0,1,2,0,0,0,0,0
25051846,12597864,away,3,1,1,0,0,0,0,1,0,0,0,0,0
25051846,12597854,away,4,1,1,0,0,0,2,0,0,0,0,0,0
25051846,12597863,away,4,2,1,0,0,0,1,0,1,0,0,0,0
25051846,12597850,away,3,2,2,1,0,0,3,0,0,0,2,1,0
25051846,12597856,away,4,3,3,0,0,0,1,0,0,0,2,0,0
25051846,12597860,away,2,1,1,1,0,0,0,0,0,1,0,0,0
25051846,12597862,away,1,1,0,0,0,0,2,3,0,0,0,0,0
25051846,12597852,away,3,1,1,0,0,0,1,0,2,0,0,0,0
25051846,12599142,away,2,0,0,0,0,1,1,0,0,0,0,0,0
25051846,12597888,home,1,3,1,0,0,0,0,3,0,0,2,0,0
25051846,12597884,home,2,0,2,0,0,0,0,0,0,1,2,0,0
25051846,12597885,home,3,3,1,0,1,0,2,1,1,0,0,0,0
25051846,12597895,home,2,0,0,0,0,0,0,1,2,0,0,0,0
25051846,12599141,home,3,0,0,0,0,0,0,0,1,0,0,0,0
25051846,12597887,home,3,2,1,1,0,0,4,1,0,0,0,0,0
25051846,12597893,home,4,2,1,1,0,0,2,0,2,0,0,0,0
25051846,12597886,home,1,0,0,0,0,0,0,0,0,0,0,0,0
25051846,12597892,home,3,1,1,1,1,0,4,0,0,0,0,0,0
25051846,12597883,home,4,3,2,0,0,0,1,0,0,0,4,0,1
25051846,12597896,home,2,0,0,0,0,0,0,0,1,0,0,0,0
25051846,12597891,home,3,0,1,0,0,0,1,0,1,0,0,0,0
25051846,12597889,home,2,0,0,0,0,0,0,0,1,0,2,0,0
25051846,12597890,home,3,0,1,0,0,0,0,0,1,0,0,0,0
25051861,12586244,away,4,0,1,1,0,0,2,0,0,0,0,0,0
25051861,12586251,away,4,1,0,0,0,0,0,0,0,0,0,0,1
25051861,12599139,away,0,0,0,0,0,0,0,0,0,0,0,0,0
25051861,12599140,away,5,1,3,0,0,0,1,0,0,0,0,0,0
25051861,12586249,away,4,2,3,0,0,0,1,0,0,0,1,0,1
25051861,12586242,away,3,1,0,0,0,0,1,1,0,0,1,0,0
25051861,12586245,away,4,2,0,1,0,0,2,0,0,1,1,0,0
25051861,12586243,away,4,2,3,0,0,0,3,0,0,0,1,0,0
25051861,12586250,away,4,1,2,0,0,0,1,0,1,0,0,0,0
25051861,12586253,away,1,2,1,0,0,0,0,1,0,0,1,0,0
25051861,12586256,away,3,2,1,0,0,0,0,0,1,0,0,0,1
25051861,12586246,away,4,1,1,1,0,0,0,0,0,0,0,0,0
25051861,12586247,away,5,1,4,0,0,0,4,0,0,0,0,0,0
25051861,12597969,home,2,0,1,0,0,0,1,0,0,1,0,0,0
25051861,12597957,home,1,1,0,0,0,0,0,1,0,1,0,0,0
25051861,12597965,home,2,1,2,0,0,0,1,0,0,0,1,0,0
25051861,12599143,home,1,2,0,0,0,0,1,2,1,0,1,0,1
25051861,12597966,home,2,2,1,0,0,0,0,1,0,0,0,0,0
25051861,12597968,home,3,0,0,0,0,0,1,0,0,0,0,0,0
25051861,12597958,home,2,1,1,0,0,0,1,1,1,0,0,0,0
25051861,12597963,home,1,0,0,0,0,0,0,2,0,0,1,0,0
25051861,12597967,home,2,0,0,0,0,0,0,0,1,0,0,0,0
25051861,12597960,home,2,0,2,0,0,0,1,1,0,0,1,0,0
25051861,12597959,home,1,1,1,0,0,0,2,2,0,0,0,0,0
25051861,12597970,home,2,0,0,0,0,0,0,0,1,1,0,0,0
25051861,12597964,home,2,2,1,0,0,0,0,1,0,0,0,0,0
25051861,12597956,home,3,1,1,0,0,0,0,0,0,0,1,0,0
25051860,12599145,away,3,0,1,0,0,0,0,0,0,0,0,0,0
25051860,12597842,away,2,0,0,0,0,0,0,0,0,0,0,0,0
25051860,12597839,away,2,1,0,0,0,0,0,1,1,0,0,0,0
25051860,12597837,away,3,0,0,0,0,0,0,0,2,0,0,0,0
25051860,12597831,away,2,1,2,0,0,0,0,1,0,0,0,0,0
25051860,12597834,away,3,0,0,0,0,0,0,0,1,0,0,0,0
25051860,12597843,away,3,0,1,0,0,0,0,0,0,0,0,0,0
25051860,12597840,away,4,0,0,0,0,0,0,0,1,0,0,0,0
25051860,12597848,away,3,1,1,0,0,0,1,0,0,0,0,0,0
25051860,12597841,away,2,1,0,0,0,0,0,0,0,1,0,0,0
25051860,12597838,away,2,1,1,0,0,0,2,0,0,0,0,0,1
25051860,12597844,away,2,1,0,0,0,0,0,0,0,1,0,0,1
25051860,12597836,away,2,0,1,0,0,0,0,0,1,1,0,0,0
25051860,12597847,away,3,0,2,0,0,0,1,1,0,0,2,0,0
25051860,12597874,home,2,2,1,0,0,0,1,2,1,0,0,0,0
25051860,12597879,home,3,0,0,0,0,0,0,0,1,0,0,0,0
25051860,12597867,home,2,1,0,0,0,0,0,1,0,0,0,0,0
25051860,12597880,home,2,0,0,0,0,0,0,1,1,0,0,0,0
25051860,12597870,home,3,2,2,0,0,0,0,1,0,0,0,0,0
25051860,12597873,home,4,1,0,2,0,0,4,0,1,0,0,0,0
25051860,12597878,home,1,1,1,0,0,0,0,2,0,0,0,0,0
25051860,12597866,home,4,1,2,1,0,0,0,0,0,0,2,0,1
25051860,12597876,home,2,0,1,0,0,0,2,1,0,0,0,0,0
25051860,12597872,home,3,3,2,0,0,0,0,1,1,0,0,0,0
25051860,12597877,home,3,0,1,0,0,0,1,0,0,0,0,0,0
25051860,12597868,home,4,0,0,0,0,0,0,0,0,0,0,0,1
25051860,12597875,home,4,1,2,1,0,0,3,0,0,0,1,0,0
25051860,12597871,home,2,1,1,1,0,0,0,2,0,0,0,0,0
25051859,12597888,away,2,3,0,0,0,0,0,3,1,0,0,0,0
25051859,12597895,away,3,2,3,0,0,0,1,1,0,0,0,0,0
25051859,12599141,away,5,1,4,0,0,0,4,0,1,0,0,0,0
25051859,12597887,away,3,3,1,0,0,0,2,2,0,0,0,0,1
25051859,12597893,away,5,3,3,0,0,0,2,0,1,0,1,0,0
25051859,12597886,away,4,3,4,0,0,0,2,1,0,0,0,0,0
25051859,12597883,away,4,1,4,0,0,0,4,1,0,0,1,0,0
25051859,12597896,away,4,2,0,0,0,0,0,1,2,0,0,0,0
25051859,12597889,away,0,3,0,0,0,0,1,4,0,0,0,0,0
25051859,12597890,away,3,2,2,0,0,0,2,2,0,0,2,0,0
25051859,12597981,home,3,2,2,1,0,0,2,1,0,0,0,0,0
25051859,12597975,home,3,2,2,0,0,0,0,0,0,0,0,0,0
25051859,12597987,home,4,1,1,0,0,0,1,0,1,0,0,0,1
25051859,12597974,home,4,1,2,0,0,0,1,0,0,0,1,0,0
25051859,12597977,home,3,0,0,0,0,0,0,1,0,0,0,0,1
25051859,12597983,home,4,1,1,0,0,0,3,0,0,0,0,0,0
25051859,12597982,home,4,2,3,0,0,0,1,1,1,0,1,0,0
25051859,12599146,home,3,3,2,0,0,0,1,0,0,1,1,0,0
25051859,12597985,home,3,0,0,0,0,0,0,1,0,0,0,0,1
25051859,12597980,home,3,1,1,0,0,0,0,0,1,1,0,0,0
25051859,12597984,home,3,1,0,0,0,0,0,1,0,0,0,0,0
25051859,12597986,home,3,1,3,0,0,0,2,0,0,0,0,0,0
25051858,12597932,away,3,0,0,0,0,0,0,0,1,0,0,0,0
25051858,12597921,away,3,1,0,2,0,0,1,1,0,0,0,0,0
25051858,12597934,away,3,0,1,0,0,0,0,0,1,0,0,0,0
25051858,12597923,away,3,0,0,0,0,0,0,0,0,0,0,0,0
25051858,12597924,away,4,0,1,0,0,0,1,0,1,0,0,0,0
25051858,12597933,away,4,1,1,0,0,0,0,0,1,0,0,0,1
25051858,12597935,away,3,0,1,0,0,0,0,0,1,0,0,0,1
25051858,12597925,away,3,0,0,0,0,0,0,0,2,0,0,0,0
25051858,12597930,away,3,2,2,0,0,0,0,0,1,0,1,0,0
25051858,12597931,away,3,0,1,0,0,0,0,0,0,0,0,0,0
25051858,12597929,away,3,1,2,0,0,0,1,0,0,0,0,0,0
25051858,12597927,away,3,0,0,0,0,0,0,0,0,0,0,0,1
25051858,12597926,away,0,0,0,0,0,0,0,0,0,0,0,0,0
25051858,12597861,home,3,0,0,0,0,0,0,0,1,0,0,0,0
25051858,12597851,home,4,1,3,0,0,0,1,0,0,0,1,0,0
25051858,12597858,home,4,1,2,0,0,0,0,0,1,0,0,0,0
25051858,12597859,home,3,0,0,0,0,0,0,1,1,0,0,0,0
25051858,12597857,home,4,0,1,0,0,0,2,0,0,0,0,0,0
25051858,12597854,home,3,1,2,0,0,0,1,1,0,0,0,0,0
25051858,12597863,home,3,1,2,0,0,0,1,0,0,0,0,0,0
25051858,12597850,home,3,1,2,0,0,0,0,1,0,0,0,0,0
25051858,12597856,home,3,1,1,0,0,0,0,0,0,0,0,0,0
25051858,12597860,home,4,0,1,0,0,0,0,0,1,0,0,0,1
25051858,12597855,home,3,0,1,0,0,0,0,0,0,0,0,0,0
25051858,12597862,home,3,0,2,0,0,0,1,0,0,0,0,0,0
25051870,12586244,away,4,1,3,0,0,0,2,1,0,0,1,0,0
25051870,12586251,away,2,1,1,0,0,0,1,2,0,0,0,0,0
25051870,12599140,away,2,3,0,0,0,0,0,3,0,0,1,0,0
25051870,12586249,away,5,1,0,0,0,0,0,0,2,0,0,0,1
25051870,12586242,away,5,3,2,0,1,0,3,0,0,0,1,0,0
25051870,12586245,away,3,4,2,0,0,1,5,1,0,1,2,0,0
25051870,12586252,away,4,0,1,0,0,0,2,1,0,0,0,0,0
25051870,12586243,away,3,3,1,1,0,0,1,2,0,0,0,0,0
25051870,12586250,away,2,1,1,0,0,0,2,3,0,0,0,0,0
25051870,12586247,away,4,1,1,0,0,0,0,1,0,0,2,0,0
25051870,12597975,home,3,2,1,1,0,0,1,1,1,1,0,0,0
25051870,12597974,home,5,3,4,0,0,0,0,0,0,0,2,0,1
25051870,12597983,home,4,1,0,0,0,0,0,1,0,0,0,0,0
25051870,12597982,home,4,1,1,0,0,0,1,0,1,0,0,0,1
25051870,12597985,home,5,1,0,1,0,0,0,0,2,0,0,0,0
25051870,12597980,home,4,0,0,1,0,0,1,0,3,0,0,0,0
25051870,12597984,home,4,1,3,0,0,0,2,0,0,0,2,0,0
25051870,12597986,home,5,0,1,0,0,0,1,0,1,0,0,0,0
25051871,12597861,away,5,1,1,0,0,0,0,0,3,0,0,0,0
25051871,12597851,away,3,3,2,1,0,0,2,2,0,0,1,0,0
25051871,12597858,away,5,3,3,0,0,0,2,1,0,0,0,0,0
25051871,12597859,away,4,1,2,0,0,0,1,1,1,0,0,0,0
25051871,12597857,away,4,2,2,0,0,0,2,0,0,0,0,0,0
25051871,12597864,away,4,1,1,0,0,0,0,1,1,0,0,0,0
25051871,12597854,away,5,2,3,0,0,0,3,0,0,0,0,0,0
25051871,12597850,away,4,3,3,0,0,0,2,1,0,0,2,0,0
25051871,12597856,away,3,2,0,1,0,0,2,3,0,0,1,0,0
25051871,12597855,away,4,0,0,0,0,0,1,1,0,0,0,0,1
25051871,12597862,away,5,1,2,0,0,0,2,0,0,0,0,0,0
25051871,12597852,away,5,1,4,1,0,0,3,0,0,0,0,0,0
25051871,12599145,home,3,2,3,0,0,0,0,1,0,0,3,0,0
25051871,12597842,home,4,0,0,0,0,0,0,0,0,0,0,0,0
25051871,12597839,home,2,2,0,2,0,0,3,2,0,0,2,0,0
25051871,12597837,home,4,1,3,0,0,0,0,0,1,0,0,0,0
25051871,12597831,home,3,1,3,0,0,0,3,1,0,0,0,0,0
25051871,12597834,home,4,0,2,0,0,0,0,0,1,0,0,0,0
25051871,12597843,home,4,0,1,0,0,0,2,0,1,0,0,0,0
25051871,12597840,home,4,3,1,0,0,0,0,1,0,0,1,0,1
25051871,12597848,home,3,1,0,0,0,0,1,1,1,0,0,0,0
25051871,12597841,home,4,0,0,0,0,0,0,0,3,0,0,0,0
25051871,12597836,home,4,1,1,0,0,0,2,0,0,0,0,0,0
25051868,12597874,away,3,1,0,1,0,0,1,0,1,0,0,0,0
25051868,12597869,away,4,0,1,1,0,0,1,0,0,0,0,0,0
25051868,12597879,away,2,0,0,0,0,0,0,2,0,0,0,0,0
25051868,12597880,away,3,0,0,0,0,0,0,0,0,0,0,0,1
25051868,12597870,away,4,2,0,0,0,0,0,0,0,0,0,0,1
25051868,12597873,away,4,0,0,0,0,0,0,0,0,0,0,0,2
25051868,12597878,away,2,1,1,0,0,0,0,0,0,0,0,0,1
25051868,12597866,away,4,2,2,0,2,0,2,0,0,0,0,0,0
25051868,12597876,away,2,0,0,0,0,0,0,1,2,0,0,0,0
25051868,12597872,away,3,0,1,0,0,0,0,0,0,0,0,0,0
25051868,12597877,away,2,1,0,0,0,0,0,1,0,0,0,0,0
25051868,12597868,away,2,2,0,0,0,0,0,1,0,0,0,0,0
25051868,12597875,away,3,2,1,0,0,0,1,1,1,0,0,0,0
25051868,12597871,away,3,0,1,0,0,0,0,1,1,0,0,0,0
25051868,12597932,home,2,0,0,0,0,0,1,1,1,0,0,0,0
25051868,12597922,home,2,2,1,1,0,0,2,2,0,0,1,0,0
25051868,12597921,home,4,4,3,0,0,0,2,0,0,0,1,0,0
25051868,12597934,home,4,0,0,0,0,0,0,0,4,0,0,0,0
25051868,12597923,home,3,2,1,1,0,0,3,1,0,0,0,0,0
25051868,12597924,home,2,2,1,0,0,0,0,2,0,0,0,0,0
25051868,12597933,home,3,2,1,0,0,0,0,1,0,0,0,0,1
25051868,12597925,home,4,0,1,0,0,0,0,0,0,0,0,0,0
25051868,12597930,home,2,1,0,0,0,0,2,1,0,0,0,0,0
25051868,12597929,home,4,1,1,0,0,0,0,0,2,0,0,0,0
25051868,12597927,home,0,0,0,0,0,0,0,0,0,0,0,0,0
25051869,12597969,away,2,0,1,0,0,0,0,2,0,0,2,0,0
25051869,12597957,away,4,2,3,0,0,0,1,0,0,0,1,0,0
25051869,12597966,away,4,0,0,0,0,0,0,0,2,0,0,0,0
25051869,12597968,away,4,0,0,0,0,0,1,0,1,0,0,0,0
25051869,12597958,away,2,0,0,0,0,0,0,2,0,0,0,0,0
25051869,12597963,away,2,2,1,0,0,0,1,2,0,0,2,0,0
25051869,12597967,away,3,0,1,0,0,0,1,1,2,0,0,0,0
25051869,12597960,away,3,0,1,0,0,0,0,0,1,0,0,0,0
25051869,12597961,away,4,2,1,0,0,0,0,0,0,0,1,0,0
25051869,12597970,away,3,0,0,0,0,0,1,1,0,0,0,0,1
25051869,12597964,away,4,0,1,0,0,0,0,0,2,0,1,0,0
25051869,12597956,away,4,2,0,2,0,0,0,0,0,0,3,0,1
25051869,12597884,home,4,3,3,0,0,0,1,0,1,0,2,0,0
25051869,12597885,home,5,2,1,2,0,0,2,0,0,0,1,0,1
25051869,12599141,home,3,1,1,0,0,0,1,0,0,1,0,0,0
25051869,12597894,home,0,0,0,0,0,0,0,0,0,0,0,0,0
25051869,12597887,home,5,2,3,0,0,0,2,0,0,0,0,0,0
25051869,12597893,home,4,0,1,0,0,0,0,0,0,0,0,1,0
25051869,12597886,home,4,0,0,2,0,0,1,0,1,0,0,0,1
25051869,12597892,home,5,2,1,2,1,0,5,0,0,0,0,0,0
25051869,12597883,home,4,2,2,1,0,0,1,1,0,0,1,0,0
25051869,12597896,home,2,0,0,0,0,0,0,2,0,0,0,0,0
25051869,12597891,home,3,1,1,0,0,0,0,1,1,0,0,0,0
25051869,12597889,home,3,1,1,0,0,0,0,0,1,0,1,0,0
25051869,12597890,home,4,0,2,0,0,0,0,0,1,0,0,0,0
25327960,12597981,away,4,0,2,0,0,0,1,0,1,0,0,0,0
25327960,12597975,away,4,1,2,1,0,0,3,1,0,0,1,0,0
25327960,12597974,away,5,4,3,0,0,0,3,0,0,0,1,0,1
25327960,12597977,away,5,1,3,0,0,0,2,0,0,0,0,0,0
25327960,12597982,away,4,1,0,0,0,0,1,1,3,0,1,0,0
25327960,12599146,away,5,1,2,1,0,0,5,0,1,0,0,0,0
25327960,12597973,away,5,3,2,0,0,0,0,0,1,0,1,0,0
25327960,12597980,away,4,1,1,1,0,0,0,1,2,0,0,0,0
25327960,12597984,away,2,1,1,0,0,0,1,2,0,0,1,0,0
25327960,12597976,away,3,4,2,1,0,0,1,2,0,0,2,0,1
25327960,12597986,away,5,1,1,0,0,0,0,0,1,0,0,0,0
25327960,12597861,home,3,0,1,0,0,0,0,1,0,0,0,0,0
25327960,12597851,home,2,2,1,0,0,0,2,2,1,0,2,0,0
25327960,12597858,home,3,1,0,0,0,0,0,1,1,0,0,0,0
25327960,12597857,home,3,0,1,0,0,0,1,1,1,0,0,0,0
25327960,12597864,home,3,0,0,0,0,0,0,0,2,1,0,0,0
25327960,12597854,home,3,2,1,0,0,0,0,1,0,0,1,0,1
25327960,12597863,home,3,1,0,0,0,0,1,1,3,0,0,0,0
25327960,12597850,home,2,0,0,0,0,0,0,2,1,0,1,0,0
25327960,12597856,home,4,2,2,1,0,0,3,0,0,0,1,0,0
25327960,12597855,home,3,0,1,1,0,0,2,1,0,0,1,0,0
25327960,12597862,home,3,0,2,0,0,0,0,1,0,0,0,0,0
25327960,12597852,home,3,1,0,0,0,0,0,1,1,0,1,0,0
25327961,12599145,away,3,0,1,0,0,0,2,0,0,0,0,0,0
25327961,12597842,away,3,1,1,0,0,0,1,0,0,0,0,0,0
25327961,12597837,away,1,0,0,0,0,0,0,1,0,1,0,0,1
25327961,12597831,away,3,1,0,0,0,0,0,1,1,0,0,0,0
25327961,12597832,away,3,1,1,0,0,0,0,1,0,0,0,0,0
25327961,12597834,away,1,0,0,1,0,0,0,2,0,0,0,0,0
25327961,12597843,away,3,1,1,0,0,0,0,0,0,0,0,0,0
25327961,12597840,away,4,2,0,1,0,0,0,0,0,0,1,0,0
25327961,12597848,away,3,0,1,0,0,0,0,0,0,0,1,0,1
25327961,12597841,away,2,0,0,0,0,0,0,1,1,0,0,0,0
25327961,12597838,away,0,0,0,0,0,0,0,2,0,0,0,0,0
25327961,12597844,away,3,1,1,0,0,0,0,0,1,0,0,0,0
25327961,12597836,away,3,1,2,0,0,0,2,1,0,0,0,0,0
25327961,12597847,away,3,0,0,0,0,0,0,1,0,0,0,0,1
25327961,12586244,home,5,4,4,1,0,0,1,0,0,0,0,0,0
25327961,12586251,home,5,2,2,0,0,0,0,0,1,0,0,0,0
25327961,12599140,home,4,3,3,0,0,0,3,0,1,1,0,0,0
25327961,12586249,home,4,0,1,0,0,0,0,1,0,0,1,0,1
25327961,12586242,home,4,1,2,1,0,0,5,0,0,1,1,0,0
25327961,12586245,home,4,4,1,0,0,2,8,1,0,0,0,0,0
25327961,12586252,home,4,0,1,0,0,0,1,0,0,1,0,0,0
25327961,12586243,home,4,1,2,0,0,0,1,1,0,0,0,0,0
25327961,12586250,home,4,3,1,0,0,0,2,0,0,1,0,0,0
25327961,12586253,home,4,3,2,0,0,0,0,1,1,0,0,0,0
25327961,12586246,home,5,3,3,0,0,0,1,0,0,0,0,0,0
25327963,12597874,away,3,1,2,0,0,0,2,0,0,1,1,0,0
25327963,12597879,away,3,1,1,0,0,0,0,0,1,0,0,0,0
25327963,12597880,away,4,0,3,0,0,0,1,0,0,0,0,0,0
25327963,12597873,away,4,1,1,0,0,0,1,0,1,0,0,0,0
25327963,12597878,away,3,1,0,0,0,0,0,1,0,0,0,0,1
25327963,12597866,away,3,0,0,0,0,0,0,1,0,0,0,0,0
25327963,12597876,away,3,0,0,0,0,0,1,0,3,1,0,0,0
25327963,12597872,away,3,2,2,0,0,0,1,2,1,0,0,0,0
25327963,12597877,away,4,1,1,0,0,0,0,0,0,0,0,0,0
25327963,12597868,away,4,1,2,1,0,0,2,1,0,0,0,0,0
25327963,12597875,away,5,0,0,0,0,0,0,0,1,0,0,0,0
25327963,12597871,away,4,2,2,1,0,0,1,0,0,0,0,0,0
25327963,12597969,home,3,0,1,0,0,0,0,0,1,0,0,0,0
25327963,12597957,home,3,2,1,1,0,0,0,1,0,0,0,0,0
25327963,12597965,home,3,1,0,1,0,0,1,0,1,0,0,0,0
25327963,12599143,home,3,1,1,0,0,0,0,0,1,0,0,0,0
25327963,12597966,home,3,0,0,0,0,0,0,0,3,0,0,0,0
25327963,12597968,home,2,0,0,0,0,0,0,1,0,0,0,0,0
25327963,12597958,home,4,0,3,0,0,0,4,0,1,0,1,0,0
25327963,12597963,home,4,2,1,2,0,0,3,0,0,0,0,0,0
25327963,12597967,home,3,1,1,0,0,0,0,0,0,0,0,0,0
25327963,12597960,home,3,2,1,0,0,0,0,0,1,1,0,0,0
25327963,12597961,home,3,0,0,0,0,0,0,0,1,0,0,0,1
25327963,12597970,home,1,0,0,0,0,0,0,0,1,0,0,0,0
25327963,12597964,home,3,0,1,0,0,0,0,0,0,0,1,0,0
25327963,12597956,home,4,2,2,0,0,0,0,0,0,0,0,0,1
25327959,12597888,away,3,2,2,0,0,0,0,0,0,1,0,0,0
25327959,12597884,away,3,1,1,0,0,0,1,0,0,0,0,0,0
25327959,12597895,away,4,0,0,0,0,0,2,0,0,0,0,0,0
25327959,12599141,away,3,0,1,0,0,0,1,0,0,0,0,0,0
25327959,12597893,away,4,0,1,0,0,0,0,0,0,0,0,0,0
25327959,12597886,away,4,2,2,1,0,0,1,0,1,0,0,0,1
25327959,12597892,away,3,1,1,0,0,0,1,0,0,0,0,1,0
25327959,12597883,away,4,0,1,0,0,0,0,0,0,0,0,0,0
25327959,12597896,away,3,0,2,0,0,0,0,0,0,0,0,0,0
25327959,12597889,away,3,2,0,0,0,0,0,0,0,0,0,0,0
25327959,12597890,away,3,0,0,0,0,0,0,0,1,0,0,0,0
25327959,12597932,home,2,2,1,0,0,0,2,1,0,0,0,0,0
25327959,12597922,home,2,1,0,0,1,0,2,2,1,0,0,0,0
25327959,12597921,home,4,2,3,0,0,0,1,0,0,0,1,0,0
25327959,12597934,home,3,0,1,0,0,0,1,1,0,0,0,0,0
25327959,12597923,home,3,3,0,1,0,0,2,0,0,0,0,0,0
25327959,12597933,home,4,2,2,0,0,0,0,0,0,0,1,0,0
25327959,12597935,home,3,2,2,0,0,0,1,0,0,0,0,0,0
25327959,12597925,home,3,1,0,0,0,0,0,1,0,0,0,0,0
25327959,12597930,home,3,1,2,0,0,0,0,0,0,0,0,0,0
25327959,12597931,home,3,0,1,0,0,0,0,1,0,0,1,0,0
25327959,12597929,home,2,0,1,0,0,0,0,1,1,0,0,0,0
25327959,12597927,home,4,0,2,0,0,0,3,0,0,0,0,0,0
25327959,12597926,home,4,0,0,0,0,0,0,0,0,0,0,0,0
25327945,12597932,away,2,0,1,0,0,0,0,2,0,1,0,0,0
25327945,12597922,away,5,3,2,2,0,1,6,0,0,0,0,0,0
25327945,12597921,away,5,4,3,0,1,0,2,1,0,0,0,0,0
25327945,12597934,away,4,2,1,0,0,0,1,0,2,0,0,0,1
25327945,12597923,away,5,0,3,1,0,0,2,0,1,0,0,0,0
25327945,12597924,away,4,2,0,0,1,0,0,0,1,1,0,0,0
25327945,12597925,away,4,1,1,0,0,0,0,0,2,0,0,0,0
25327945,12597930,away,5,0,0,0,0,0,0,0,1,0,0,0,1
25327945,12597931,away,4,1,0,0,0,0,0,1,2,0,0,0,0
25327945,12597927,away,5,3,3,0,0,0,1,0,0,0,0,0,1
25327945,12586251,home,4,0,0,0,0,0,0,0,3,0,0,0,1
25327945,12586242,home,4,0,1,0,0,0,1,0,0,0,0,0,0
25327945,12586245,home,4,0,2,0,0,0,2,0,0,0,1,0,0
25327945,12586252,home,4,2,4,0,0,0,0,0,0,0,0,0,0
25327945,12586243,home,4,1,1,0,0,0,0,0,1,0,1,0,0
25327945,12586250,home,2,0,0,0,0,0,0,1,1,1,0,0,0
25327945,12586253,home,3,1,2,0,0,0,0,0,1,0,0,0,0
25327945,12586254,home,4,0,0,0,0,0,0,0,1,0,0,0,0
25327945,12586247,home,4,0,0,0,0,0,0,0,0,0,0,0,1
25327943,12597861,away,4,0,2,0,0,0,0,0,0,0,0,0,0
25327943,12597851,away,5,1,0,0,0,0,0,0,0,0,1,0,0
25327943,12597859,away,4,0,0,0,0,0,0,1,2,0,0,0,0
25327943,12597857,away,4,0,0,0,0,0,0,0,1,0,0,0,1
25327943,12597864,away,5,0,0,0,0,0,0,0,2,0,0,0,1
25327943,12597854,away,5,1,1,0,0,0,0,0,1,0,1,0,0
25327943,12597850,away,5,0,2,1,0,0,3,0,0,0,0,0,0
25327943,12597856,away,4,2,3,0,0,0,0,1,0,0,0,0,0
25327943,12597862,away,4,0,1,0,0,0,1,0,0,0,0,0,0
25327943,12597874,home,3,0,0,0,0,0,0,0,0,0,0,0,0
25327943,12597879,home,3,0,0,0,0,0,0,0,2,0,0,0,0
25327943,12597880,home,2,0,1,0,0,0,1,1,0,0,0,0,0
25327943,12597870,home,4,0,0,0,0,0,0,0,0,0,0,0,1
25327943,12597873,home,3,1,2,0,1,0,1,0,0,0,0,0,0
25327943,12597878,home,3,0,1,0,0,0,0,0,1,0,0,0,0
25327943,12597866,home,2,0,0,0,0,0,0,0,0,1,2,0,0
25327943,12597876,home,3,0,0,0,0,0,0,0,2,0,0,0,0
25327943,12597872,home,3,0,0,0,0,0,0,0,1,1,0,0,0
25327943,12597868,home,3,0,0,0,0,0,0,1,1,0,0,0,0
25327943,12597875,home,0,0,0,0,0,0,0,0,0,0,0,0,0
25327943,12597871,home,2,1,0,0,0,0,0,1,0,0,0,0,0
25327942,12597981,away,4,0,2,0,0,0,0,0,0,0,0,0,0
25327942,12597975,away,2,1,1,0,0,0,2,0,0,1,2,0,0
25327942,12597974,away,3,1,1,0,0,0,1,1,0,0,1,0,0
25327942,12597977,away,3,1,2,0,0,0,1,0,0,0,0,0,0
25327942,12597983,away,2,1,1,0,0,0,1,1,0,0,1,0,1
25327942,12597972,away,4,2,1,0,0,0,0,0,1,0,0,0,1
25327942,12597982,away,2,1,0,0,0,0,0,1,0,0,1,0,1
25327942,12597985,away,2,0,0,0,0,0,0,1,1,0,0,0,0
25327942,12597980,away,3,1,0,0,0,0,0,1,3,0,0,0,0
25327942,12597984,away,4,1,1,0,0,0,1,0,1,0,2,0,1
25327942,12597976,away,3,1,2,0,0,0,0,0,0,0,1,0,0
25327942,12597986,away,4,2,0,0,1,0,1,0,0,0,0,0,1
25327942,12597969,home,3,0,0,0,0,0,0,1,2,0,0,0,0
25327942,12597957,home,4,2,1,0,0,0,1,0,0,0,4,0,1
25327942,12597965,home,2,1,0,0,0,0,0,0,0,0,1,0,0
25327942,12599143,home,3,3,2,1,0,0,1,1,0,0,2,0,0
25327942,12597966,home,4,1,1,0,0,0,1,0,1,0,0,0,0
25327942,12597958,home,3,1,1,1,0,0,1,0,0,0,0,0,0
25327942,12597963,home,2,0,0,0,0,0,3,0,0,0,0,0,1
25327942,12597967,home,4,0,0,0,0,0,0,0,1,0,0,0,0
25327942,12597960,home,1,4,1,0,0,0,0,2,0,1,3,0,0
25327942,12597961,home,2,1,0,0,0,0,0,2,0,0,1,0,0
25327942,12597970,home,3,0,0,0,0,0,1,0,1,1,0,0,0
25327944,12599145,away,5,2,3,0,0,0,5,0,0,0,0,0,1
25327944,12597842,away,4,1,1,0,0,0,0,0,0,0,0,0,0
25327944,12597839,away,5,1,1,0,0,0,0,0,1,0,0,0,0
25327944,12597837,away,3,0,2,0,0,0,1,1,0,0,0,0,1
25327944,12597831,away,5,3,4,0,0,0,0,0,0,0,1,0,0
25327944,12597832,away,4,0,2,0,0,0,1,1,1,0,0,0,1
25327944,12597848,away,4,1,3,0,0,0,0,0,0,0,0,0,0
25327944,12597841,away,3,2,0,0,0,0,0,1,0,0,0,0,1
25327944,12597838,away,4,1,0,0,0,0,0,0,1,0,0,0,1
25327944,12597844,away,4,2,0,0,0,0,0,1,2,0,0,0,0
25327944,12597836,away,5,1,3,0,0,0,0,0,0,0,0,0,0
25327944,12597847,away,4,3,3,0,0,0,1,1,0,0,0,0,0
25327944,12597888,home,4,0,1,1,0,0,0,0,0,0,0,0,0
25327944,12597884,home,4,1,1,0,0,0,1,0,0,0,1,0,0
25327944,12597885,home,3,1,0,0,0,0,0,1,0,0,1,0,0
25327944,12599141,home,3,0,3,0,0,0,0,0,0,0,1,0,0
25327944,12597887,home,3,2,1,0,0,0,0,1,1,0,1,0,0
25327944,12597893,home,2,2,0,0,1,0,2,2,0,0,0,0,0
25327944,12597886,home,4,1,1,0,0,0,2,0,2,0,1,0,0
25327944,12597892,home,1,2,0,0,0,0,0,3,0,0,0,0,1
25327944,12597883,home,4,1,1,0,0,0,0,0,0,0,2,0,0
25327944,12597896,home,3,0,1,0,0,0,0,0,1,0,0,0,0
25327944,12597891,home,0,1,0,0,0,0,0,0,0,1,0,0,0
25327944,12597889,home,2,0,1,0,0,0,1,1,0,0,0,0,0
25327944,12597890,home,3,0,1,0,0,0,3,0,1,0,0,1,0
25353322,12597874,away,3,1,1,0,0,0,0,1,2,0,1,0,0
25353322,12597869,away,4,0,1,1,0,0,1,0,0,0,0,0,1
25353322,12597879,away,3,2,0,0,0,0,0,1,1,0,0,0,0
25353322,12597867,away,4,2,3,0,0,0,1,0,0,0,0,0,0
25353322,12597880,away,0,3,0,0,0,0,0,3,0,0,0,0,0
25353322,12597873,away,4,1,1,0,0,0,1,0,1,0,0,0,1
25353322,12597878,away,2,2,0,0,0,0,0,2,0,0,1,0,1
25353322,12597866,away,2,2,1,0,0,0,0,2,0,0,0,0,0
25353322,12597876,away,2,0,0,0,0,0,1,1,1,1,0,0,0
25353322,12597872,away,4,2,0,2,0,0,1,0,0,0,0,0,0
25353322,12597877,away,4,0,1,0,0,0,1,0,0,0,0,0,0
25353322,12597868,away,3,0,1,0,0,0,1,1,0,0,0,0,0
25353322,12597875,away,4,2,3,0,0,0,2,0,0,0,2,0,0
25353322,12599145,home,4,2,2,0,0,0,1,1,0,0,1,0,1
25353322,12597842,home,2,1,0,0,0,0,0,1,0,0,0,0,0
25353322,12597839,home,3,0,2,0,0,0,1,0,1,0,0,0,0
25353322,12597837,home,3,1,1,0,0,0,0,0,0,0,0,0,1
25353322,12597831,home,1,2,1,0,0,0,0,2,0,0,1,0,0
25353322,12597832,home,4,1,1,0,0,0,0,1,0,0,0,0,0
25353322,12597843,home,3,1,1,0,0,0,2,0,1,0,0,0,0
25353322,12597840,home,5,1,3,0,0,0,2,0,0,0,0,0,1
25353322,12597848,home,3,1,2,0,0,0,2,0,0,0,1,0,0
25353322,12597841,home,3,0,1,0,0,0,0,0,1,0,0,0,0
25353322,12597838,home,3,0,1,0,0,0,0,0,0,0,0,0,0
25353322,12597844,home,3,1,1,0,0,0,0,0,0,0,0,0,0
25353322,12597836,home,2,1,1,0,0,0,1,1,0,0,0,0,0
25353320,12597861,away,3,1,1,0,0,0,1,0,0,0,0,0,0
25353320,12597851,away,4,0,2,0,0,0,2,0,0,0,1,0,0
25353320,12597858,away,3,2,2,0,0,0,0,1,0,0,0,0,0
25353320,12597859,away,2,0,0,0,0,0,0,1,1,0,0,0,0
25353320,12597857,away,2,0,0,0,0,0,0,0,0,0,0,0,0
25353320,12597864,away,3,1,1,0,0,0,0,0,1,0,0,0,0
25353320,12597854,away,4,2,3,0,0,0,1,0,0,0,1,0,0
25353320,12597863,away,3,2,3,0,0,0,2,0,0,0,1,0,0
25353320,12597850,away,3,2,2,0,0,0,0,1,0,0,2,0,0
25353320,12597856,away,3,1,1,0,0,0,1,0,0,0,0,0,0
25353320,12597860,away,3,0,0,1,0,0,0,0,0,0,0,0,0
25353320,12597862,away,2,0,1,0,0,0,3,1,0,0,0,0,1
25353320,12597852,away,3,0,0,0,0,0,0,0,2,0,0,0,0
25353320,12597932,home,3,0,0,0,0,0,0,0,1,0,0,0,0
25353320,12597922,home,3,0,1,1,0,0,2,1,0,0,0,0,0
25353320,12597921,home,3,0,0,2,0,0,1,0,0,0,1,0,0
25353320,12597934,home,1,2,0,0,1,0,3,2,0,0,0,0,0
25353320,12597923,home,1,1,0,0,0,0,0,1,1,0,0,0,1
25353320,12597924,home,1,1,0,0,1,0,0,0,0,0,1,0,0
25353320,12597933,home,4,1,1,0,0,0,0,0,1,0,0,0,1
25353320,12597925,home,0,3,0,0,0,0,0,3,0,0,0,0,0
25353320,12597930,home,3,2,1,1,0,0,1,0,1,0,0,0,0
25353320,12597931,home,3,0,1,0,0,0,1,0,1,0,0,0,0
25353320,12597929,home,1,1,0,0,0,0,0,1,1,1,1,0,0
25353320,12597927,home,3,1,0,0,0,0,0,0,0,0,0,0,1
25353320,12597926,home,3,0,2,0,0,0,2,0,1,0,0,0,0
25353323,12597981,away,4,2,1,0,0,0,0,1,1,0,0,0,0
25353323,12597987,away,4,0,0,0,0,0,0,3,0,0,0,0,0
25353323,12597974,away,4,2,2,1,0,0,2,1,1,0,0,0,0
25353323,12597977,away,4,1,2,0,0,0,4,1,0,0,0,0,0
25353323,12597983,away,4,1,3,0,0,0,1,0,0,0,2,0,0
25353323,12597972,away,5,3,0,0,0,0,0,0,2,0,0,0,0
25353323,12597982,away,4,1,0,0,0,0,0,0,2,0,0,0,0
25353323,12597985,away,4,1,1,0,0,0,0,0,0,0,0,0,2
25353323,12597984,away,5,0,0,0,0,0,0,2,2,0,0,0,0
25353323,12597976,away,4,0,2,0,0,0,0,1,0,0,0,0,0
25353323,12597986,away,5,1,0,0,0,0,0,3,2,0,0,0,0
25353323,12597888,home,1,1,0,0,0,0,0,1,0,0,0,0,0
25353323,12597884,home,3,0,0,0,0,0,0,1,1,0,0,0,0
25353323,12597895,home,4,1,0,0,0,0,0,1,0,0,0,0,0
25353323,12599141,home,3,0,0,0,0,0,0,2,0,0,0,0,0
25353323,12597887,home,4,1,0,0,0,0,0,1,0,0,0,0,0
25353323,12597893,home,4,1,0,0,0,0,0,1,1,0,0,0,0
25353323,12597886,home,3,1,0,0,0,0,1,1,0,1,0,0,0
25353323,12597892,home,4,1,4,0,0,0,2,0,0,1,2,0,0
25353323,12597883,home,4,4,0,2,0,0,0,2,0,0,2,0,0
25353323,12597896,home,3,0,0,0,0,0,0,2,1,0,0,0,0
25353323,12597891,home,3,0,0,1,0,0,0,0,0,0,0,0,0
25353323,12597889,home,3,0,0,0,0,0,1,1,1,1,0,0,0
25353323,12597890,home,4,1,2,0,0,0,2,1,1,0,0,0,0
25353321,12597969,away,4,0,1,0,0,0,0,0,3,0,0,0,0
25353321,12597957,away,4,1,0,0,0,0,0,0,0,0,0,0,1
25353321,12599143,away,4,1,1,0,1,0,2,0,2,0,1,0,0
25353321,12597966,away,4,0,0,0,0,0,0,0,0,0,0,0,0
25353321,12597967,away,3,0,0,0,0,0,0,0,0,0,0,0,0
25353321,12597960,away,2,3,0,1,0,0,0,2,1,0,4,0,0
25353321,12597959,away,2,0,0,0,0,0,0,0,2,1,2,0,0
25353321,12597961,away,3,0,0,0,0,0,0,0,1,0,0,0,0
25353321,12597970,away,2,0,0,0,0,0,0,1,0,0,0,0,0
25353321,12586244,home,6,3,2,2,0,0,5,0,1,0,0,0,0
25353321,12599140,home,5,3,2,1,0,0,1,0,0,0,0,0,0
25353321,12586249,home,5,4,3,1,0,0,5,0,0,0,0,0,0
25353321,12586242,home,5,1,3,0,1,0,3,0,0,0,0,0,0
25353321,12586245,home,5,2,2,0,0,0,1,0,1,0,0,0,1
25353321,12586243,home,5,5,2,1,1,0,2,1,0,0,1,0,0
25353321,12675454,home,3,3,1,0,0,0,1,1,2,1,1,0,0
25353321,12586250,home,3,2,1,0,0,0,0,1,0,0,0,1,0
25353321,12586246,home,5,4,1,2,0,0,2,0,0,0,0,0,1
25353321,12586247,home,6,2,4,1,0,0,6,0,0,0,1,0,0
25353327,12599145,away,5,1,1,2,0,0,2,0,0,0,1,0,0
25353327,12597842,away,3,0,0,0,0,0,0,2,3,0,0,0,0
25353327,12597831,away,4,1,2,0,0,0,1,0,0,0,2,0,0
25353327,12597840,away,5,0,1,0,0,0,1,0,1,0,0,0,0
25353327,12597848,away,4,4,4,0,0,0,1,1,0,0,3,0,0
25353327,12597841,away,5,0,1,1,0,0,4,0,2,0,0,0,0
25353327,12597838,away,4,1,1,0,0,0,0,0,1,0,1,0,0
25353327,12597844,away,5,0,0,0,0,0,0,0,3,0,0,0,1
25353327,12597847,away,5,2,0,0,2,0,0,0,1,0,0,0,0
25353327,12597861,home,4,0,2,0,0,0,0,0,1,0,0,0,0
25353327,12597859,home,4,2,2,0,0,0,1,0,1,0,1,0,0
25353327,12597857,home,4,0,1,0,0,0,1,0,0,0,2,0,1
25353327,12597864,home,3,0,0,0,0,0,0,1,2,0,0,0,0
25353327,12597854,home,4,2,0,1,0,0,1,0,0,0,0,0,1
25353327,12597863,home,4,0,1,0,0,0,0,0,0,0,0,0,0
25353327,12597850,home,3,1,1,0,0,0,0,1,0,0,1,0,0
25353327,12597856,home,4,0,2,0,0,0,1,0,0,0,0,0,0
25353327,12597860,home,2,0,0,0,0,0,0,1,0,0,0,0,0
25353327,12597855,home,3,0,0,0,0,0,0,0,0,0,0,0,0
25353327,12597862,home,4,0,0,0,0,0,0,0,0,0,0,0,2
25353327,12597852,home,2,2,1,1,0,0,0,0,0,0,1,0,0
25353326,12597981,away,4,0,2,0,0,0,2,0,1,0,0,0,0
25353326,12597975,away,2,2,1,0,0,0,1,2,0,0,1,0,0
25353326,12597987,away,3,2,1,0,0,0,2,1,0,0,1,0,0
25353326,12597974,away,4,2,2,0,0,0,0,0,0,0,1,0,0
25353326,12597977,away,3,0,0,0,0,0,1,1,1,0,0,0,0
25353326,12597983,away,4,1,2,0,0,0,0,0,1,0,2,0,0
25353326,12597972,away,4,1,1,0,0,0,1,0,1,0,0,0,1
25353326,12597985,away,2,0,0,0,0,0,0,2,1,0,0,0,0
25353326,12597973,away,2,1,2,0,0,0,0,2,0,0,2,0,0
25353326,12597984,away,2,1,2,0,0,0,2,0,0,0,1,0,0
25353326,12597976,away,3,2,1,0,0,0,0,1,1,0,0,0,0
25353326,12597986,away,4,0,1,0,0,0,0,0,0,0,0,0,0
25353326,12586244,home,4,2,0,2,0,0,0,0,0,0,0,0,0
25353326,12586251,home,4,0,1,1,0,0,2,0,1,0,0,0,1
25353326,12599140,home,3,1,1,0,0,0,0,0,0,1,0,0,1
25353326,12586249,home,3,2,1,0,0,0,1,0,2,1,0,0,0
25353326,12586242,home,4,0,0,0,0,0,0,0,1,0,0,0,0
25353326,12586252,home,4,1,0,1,0,0,3,0,2,0,0,0,0
25353326,12586250,home,4,1,0,1,0,0,0,0,0,0,0,0,1
25353326,12586254,home,3,0,0,0,0,0,0,1,1,0,0,0,0
25353326,12586246,home,3,1,0,0,0,0,1,1,2,0,1,0,0
25353326,12586247,home,3,1,1,0,0,0,0,1,0,0,0,0,1
25353324,12597884,away,4,1,2,0,0,0,0,0,0,0,2,0,0
25353324,12597885,away,4,2,1,1,0,0,4,0,0,0,1,0,0
25353324,12597895,away,4,0,0,0,0,0,0,0,0,0,0,0,0
25353324,12599141,away,4,1,0,0,0,0,0,0,2,0,0,0,0
25353324,12597894,away,0,0,0,0,0,0,0,0,0,0,0,0,0
25353324,12597893,away,5,2,2,0,0,0,0,1,0,0,1,0,0
25353324,12597886,away,4,1,1,0,0,0,0,0,1,0,3,0,0
25353324,12597892,away,5,0,1,0,0,0,0,0,1,0,0,0,0
25353324,12597883,away,5,2,3,0,0,0,0,0,0,0,4,0,0
25353324,12597891,away,4,0,2,0,0,0,3,0,0,0,0,0,0
25353324,12597889,away,4,0,0,0,0,0,0,2,1,0,0,0,0
25353324,12597890,away,4,0,0,0,0,0,0,0,0,0,0,0,0
25353324,12597969,home,4,1,0,0,0,0,0,1,1,0,0,0,0
25353324,12599143,home,5,1,0,0,1,0,0,1,0,0,0,0,0
25353324,12597968,home,4,1,3,0,0,0,2,0,0,0,0,0,0
25353324,12597958,home,4,0,1,0,0,0,0,0,0,0,1,0,0
25353324,12597963,home,2,0,0,0,0,0,0,0,1,0,0,0,0
25353324,12597967,home,4,0,0,0,0,0,0,0,2,0,0,0,0
25353324,12597960,home,5,0,1,0,0,0,1,0,0,1,1,0,0
25353324,12597961,home,4,1,1,0,0,0,0,0,0,0,0,0,0
25353324,12597964,home,4,1,0,0,0,0,0,1,1,0,1,0,0
25353324,12597956,home,4,0,1,0,0,0,0,0,0,0,0,0,0
25353325,12597932,away,1,1,0,0,0,0,0,2,1,0,0,0,0
25353325,12597922,away,3,2,2,0,0,0,0,1,0,0,1,0,0
25353325,12597921,away,4,0,0,0,0,0,1,1,0,0,0,0,0
25353325,12597934,away,4,1,0,0,0,0,0,0,2,0,0,0,0
25353325,12597923,away,4,2,2,0,0,0,0,0,0,0,0,0,0
25353325,12597924,away,4,0,1,0,0,0,0,0,0,0,0,0,0
25353325,12597933,away,3,1,1,0,0,0,0,0,0,1,0,0,0
25353325,12597925,away,4,1,1,0,0,0,1,0,1,0,0,0,0
25353325,12597930,away,3,0,2,0,0,0,1,0,1,0,0,0,0
25353325,12597931,away,3,1,2,1,0,0,2,0,0,0,0,0,0
25353325,12597927,away,4,0,4,0,0,0,1,0,0,0,0,0,0
25353325,12597874,home,3,0,1,0,0,0,0,0,0,0,0,0,0
25353325,12597869,home,2,0,2,0,0,0,0,0,0,1,0,0,0
25353325,12597879,home,3,0,1,0,0,0,1,0,2,0,0,0,0
25353325,12597867,home,3,0,0,0,0,0,0,0,1,0,0,0,0
25353325,12597880,home,3,0,1,0,0,0,0,0,0,0,0,0,0
25353325,12597870,home,2,2,2,0,0,0,1,1,0,0,0,0,0
25353325,12597873,home,3,0,1,0,0,0,0,1,0,0,0,0,0
25353325,12597878,home,1,0,0,1,0,0,0,2,1,0,0,0,0
25353325,12597866,home,2,0,1,0,0,0,0,1,0,0,0,0,0
25353325,12597876,home,2,0,0,0,0,0,0,1,1,0,0,0,0
25353325,12597872,home,3,1,2,0,0,0,0,0,0,0,1,0,0
25353325,12597868,home,4,1,2,0,0,0,1,0,0,0,0,0,0
25353325,12597875,home,2,0,0,0,0,0,0,1,0,0,0,0,0
25353325,12597871,home,3,0,0,1,0,0,2,0,0,0,0,0,0
25353334,12597861,away,3,0,1,0,0,0,1,1,2,1,0,0,0
25353334,12597851,away,3,4,1,2,0,0,2,3,0,0,2,0,0
25353334,12597858,away,5,3,2,0,0,0,3,1,1,0,0,0,0
25353334,12597859,away,4,2,1,0,0,0,0,1,2,0,0,0,0
25353334,12597857,away,5,0,0,0,0,0,0,0,0,0,0,0,0
25353334,12597864,away,4,0,1,0,0,0,1,0,0,0,0,0,0
25353334,12597863,away,4,2,2,0,0,0,2,0,2,0,2,0,1
25353334,12597850,away,6,2,3,1,0,0,5,0,0,0,2,0,0
25353334,12597856,away,5,2,3,0,0,0,0,0,0,0,1,0,0
25353334,12597860,away,4,3,2,1,0,0,1,1,0,0,0,0,0
25353334,12597855,away,3,0,0,0,0,0,1,1,0,0,0,0,1
25353334,12597852,away,2,2,0,0,0,0,1,2,0,0,0,0,1
25353334,12586244,home,5,1,1,1,0,0,0,0,0,0,0,0,0
25353334,12586249,home,3,3,2,0,0,0,3,0,0,0,2,0,1
25353334,12586242,home,3,2,1,2,0,0,2,0,0,0,2,1,0
25353334,12586245,home,4,1,0,1,0,0,0,0,1,0,0,0,0
25353334,12586252,home,5,0,1,0,0,0,0,0,1,0,0,0,0
25353334,12586250,home,4,0,1,1,0,0,2,0,0,0,0,0,0
25353334,12586254,home,2,0,0,0,0,0,0,0,0,0,0,0,0
25353334,12586247,home,4,2,3,0,0,0,2,0,0,0,0,0,0
25353337,12597874,away,3,1,1,0,0,0,1,2,1,0,0,0,0
25353337,12597880,away,4,0,0,1,0,0,0,0,1,0,0,0,0
25353337,12597870,away,3,0,0,0,0,0,0,0,0,1,0,0,0
25353337,12597873,away,4,1,3,0,0,0,0,1,0,0,0,0,0
25353337,12597878,away,3,0,1,0,0,0,1,1,0,0,0,0,0
25353337,12597866,away,4,1,0,0,0,0,0,1,0,0,2,0,1
25353337,12597876,away,3,0,1,0,0,0,1,1,0,0,0,0,0
25353337,12597872,away,5,1,2,1,0,0,1,0,0,0,1,0,0
25353337,12597868,away,3,1,2,0,0,0,0,0,0,0,2,0,2
25353337,12597875,away,4,0,0,0,0,0,0,1,1,0,0,0,0
25353337,12597871,away,5,1,1,0,0,0,1,0,0,0,0,0,0
25353337,12597987,home,4,0,2,0,0,0,0,1,2,0,0,0,0
25353337,12597974,home,4,1,0,0,0,0,0,1,3,0,0,0,1
25353337,12597977,home,4,0,0,0,0,0,1,1,0,0,0,0,0
25353337,12597983,home,5,1,2,0,0,0,2,0,2,0,1,0,0
25353337,12597982,home,5,5,0,1,0,0,2,0,4,0,0,0,0
25353337,12597984,home,4,0,3,0,0,0,1,1,1,0,0,0,0
25353337,12597986,home,5,1,1,0,0,0,0,0,3,0,0,0,0
25353336,12597957,away,6,1,3,1,0,0,2,0,0,0,0,0,0
25353336,12599143,away,6,3,3,0,0,0,1,0,2,0,0,0,1
25353336,12597968,away,6,0,5,0,0,0,1,0,0,0,0,0,0
25353336,12597958,away,6,1,2,0,0,0,1,0,0,0,0,0,0
25353336,12597963,away,6,1,0,1,0,0,1,0,0,0,0,0,1
25353336,12597967,away,5,0,1,0,0,0,0,0,1,0,0,0,0
25353336,12597961,away,5,1,1,0,0,0,1,1,1,0,0,0,1
25353336,12597964,away,6,2,3,0,0,0,0,0,1,0,0,0,0
25353336,12597956,away,7,1,3,0,0,0,1,0,1,0,1,0,0
25353336,12597932,home,2,1,0,0,0,0,0,2,0,0,0,0,0
25353336,12597922,home,2,1,0,1,0,0,0,1,0,0,0,0,0
25353336,12597921,home,2,0,0,0,0,0,0,1,0,0,1,0,0
25353336,12597934,home,3,0,0,0,0,0,0,0,1,0,0,0,0
25353336,12597923,home,3,0,1,1,0,0,1,0,0,0,1,0,0
25353336,12597924,home,4,0,1,0,0,0,0,0,0,0,1,0,0
25353336,12597933,home,1,0,0,0,0,0,0,1,0,0,1,0,0
25353336,12597935,home,3,0,0,0,0,0,0,0,1,0,0,0,0
25353336,12597925,home,2,0,0,0,0,0,0,1,1,0,1,0,0
25353336,12597930,home,3,0,0,0,0,0,0,1,2,0,0,0,0
25353336,12597931,home,3,0,1,1,0,0,0,0,1,0,0,0,0
25353336,12597929,home,3,1,1,0,0,0,0,0,0,0,0,0,0
25353336,12597927,home,2,0,0,0,0,0,0,0,0,0,0,0,0
25353335,12597884,away,4,1,0,1,0,0,2,0,0,0,2,0,1
25353335,12597885,away,4,0,1,1,0,0,0,0,0,0,0,0,0
25353335,12597895,away,3,1,0,0,0,0,0,1,0,0,0,0,0
25353335,12599141,away,4,0,0,0,0,0,1,0,1,0,0,0,0
25353335,12597887,away,4,1,2,1,0,0,0,0,0,0,0,0,0
25353335,12597893,away,4,0,0,1,0,0,2,0,1,0,0,0,0
25353335,12597886,away,4,0,0,0,0,0,0,0,1,0,1,0,0
25353335,12597883,away,4,2,2,0,0,0,0,0,0,0,1,0,1
25353335,12597891,away,4,0,1,0,0,0,0,0,1,0,0,0,0
25353335,12597889,away,3,0,0,0,0,0,0,0,1,0,0,0,1
25353335,12597890,away,4,1,2,0,0,0,1,0,0,0,0,0,0
25353335,12599145,home,4,1,1,0,0,0,1,1,0,0,0,0,0
25353335,12597842,home,3,2,1,0,0,0,0,1,1,0,1,0,0
25353335,12597839,home,5,0,1,0,0,0,1,0,1,0,1,0,1
25353335,12597837,home,4,0,0,0,0,0,1,0,0,0,0,0,1
25353335,12597831,home,2,2,2,0,0,0,0,2,0,0,2,0,0
25353335,12597843,home,4,2,2,0,0,0,2,1,0,0,2,0,0
25353335,12597840,home,5,1,1,0,0,0,2,0,1,0,0,0,1
25353335,12597848,home,3,0,2,0,0,0,0,1,0,0,1,0,0
25353335,12597841,home,4,0,1,1,0,0,0,0,1,0,0,0,0
25353335,12597847,home,3,1,0,0,0,0,0,2,0,0,1,0,0
25353339,12586244,away,3,1,1,0,0,0,1,1,0,0,0,0,0
25353339,12586251,away,3,0,0,0,0,0,0,0,0,0,0,0,0
25353339,12599140,away,4,1,0,0,0,0,0,0,1,0,0,0,0
25353339,12586249,away,4,2,1,1,0,0,0,0,1,0,0,0,0
25353339,12586242,away,3,0,0,0,0,0,0,0,1,0,0,0,0
25353339,12586243,away,3,0,1,0,1,0,1,1,0,0,1,0,0
25353339,12586250,away,2,0,1,1,0,0,2,1,0,0,0,0,0
25353339,12586254,away,2,0,1,0,0,0,0,1,0,0,0,0,0
25353339,12586247,away,4,2,1,1,0,0,2,0,0,0,0,0,0
25353339,12597885,home,5,2,3,1,0,0,0,0,0,0,0,0,0
25353339,12597895,home,3,0,0,0,0,0,0,1,0,0,0,0,1
25353339,12597893,home,5,3,3,0,0,0,2,0,0,0,1,0,1
25353339,12597886,home,5,1,0,0,0,0,0,0,1,0,1,0,0
25353339,12597892,home,5,1,1,1,0,0,4,0,0,0,0,0,1
25353339,12597896,home,4,0,0,0,0,0,0,0,1,0,0,0,0
25353340,12597969,away,2,1,0,0,0,0,0,0,0,1,0,0,1
25353340,12597957,away,3,2,0,1,0,0,2,1,0,0,1,0,1
25353340,12599143,away,3,1,0,1,0,0,1,0,0,0,0,0,1
25353340,12597966,away,3,0,0,0,0,0,0,0,3,0,0,0,0
25353340,12597968,away,1,0,1,0,0,0,0,2,0,0,0,0,0
25353340,12597958,away,4,1,0,1,0,0,2,0,0,0,0,0,1
25353340,12597963,away,3,2,2,0,0,0,3,0,0,0,1,0,0
25353340,12597959,away,4,1,2,1,0,0,3,0,0,0,0,0,0
25353340,12597961,away,2,1,1,0,0,0,0,1,0,0,0,0,0
25353340,12597970,away,3,0,0,0,0,0,0,0,1,0,0,0,0
25353340,12597956,away,4,3,2,0,0,0,0,0,1,0,1,0,1
25353340,12597981,home,0,0,0,0,0,0,0,0,0,0,0,0,0
25353340,12597975,home,3,0,2,0,0,0,1,0,0,0,2,0,0
25353340,12597987,home,2,0,1,0,0,0,0,1,0,0,0,0,0
25353340,12597974,home,3,1,0,1,0,0,0,0,1,0,0,0,0
25353340,12597977,home,2,0,0,0,0,0,0,0,0,0,0,0,0
25353340,12597983,home,3,0,0,0,0,0,0,0,0,0,1,0,0
25353340,12597972,home,3,0,0,1,0,0,0,0,1,0,0,0,0
25353340,12597982,home,3,1,1,0,0,0,0,0,0,0,1,0,0
25353340,12599146,home,3,0,1,0,0,0,1,0,0,0,0,0,0
25353340,12597973,home,3,2,0,2,0,0,1,0,0,0,1,0,0
25353340,12597984,home,2,0,0,0,0,0,0,1,1,0,0,0,0
25353340,12597976,home,2,0,1,0,0,0,0,0,0,0,1,0,0
25353341,12597874,away,2,0,1,0,0,0,0,0,0,0,0,0,0
25353341,12597879,away,2,0,0,0,0,0,0,0,0,0,0,0,0
25353341,12597867,away,1,0,0,0,0,0,0,2,0,0,0,0,0
25353341,12597880,away,1,0,0,0,0,0,0,1,0,0,0,0,0
25353341,12597873,away,2,0,0,0,0,0,0,0,0,0,0,0,0
25353341,12597866,away,3,1,2,0,0,0,0,0,1,0,1,0,0
25353341,12597876,away,2,0,0,0,0,0,0,0,0,0,0,0,0
25353341,12597872,away,2,0,2,0,0,0,1,0,1,0,2,0,0
25353341,12597877,away,2,0,0,0,0,0,0,0,0,0,0,0,0
25353341,12597868,away,2,0,0,0,0,0,0,1,0,0,0,0,0
25353341,12597875,away,3,0,0,0,0,0,0,0,0,0,0,0,0
25353341,12597871,away,1,0,1,0,0,0,0,0,0,0,0,0,0
25353341,12597861,home,2,1,1,0,0,0,0,1,0,0,0,0,0
25353341,12597851,home,1,2,1,0,0,0,0,0,0,0,0,0,1
25353341,12597858,home,3,0,1,0,0,0,0,0,0,0,0,0,0
25353341,12597859,home,2,0,1,0,0,0,1,1,1,0,0,0,0
25353341,12597857,home,1,0,0,0,0,0,1,2,0,0,0,0,0
25353341,12597864,home,4,0,1,0,0,0,0,0,1,0,0,0,1
25353341,12597854,home,3,2,2,0,0,0,2,0,1,0,0,0,0
25353341,12597863,home,2,1,0,0,0,0,1,0,0,0,0,0,0
25353341,12597850,home,3,2,2,1,0,0,4,0,0,0,0,0,1
25353341,12597856,home,2,1,0,0,0,1,1,0,0,0,1,0,1
25353341,12597860,home,3,1,1,0,0,0,0,0,0,0,0,0,0
25353341,12597855,home,1,2,1,0,0,0,0,0,0,0,0,0,1
25353341,12597862,home,3,1,1,0,0,0,1,0,0,0,0,0,0
25353342,12599145,away,3,0,0,0,0,0,0,0,0,0,0,0,0
25353342,12597842,away,2,0,0,0,0,0,0,2,2,0,0,0,0
25353342,12597837,away,4,0,1,0,0,0,0,0,1,0,0,0,1
25353342,12597831,away,3,1,1,1,0,0,0,1,0,0,2,0,0
25353342,12597832,away,5,1,0,0,0,0,0,0,0,0,0,0,1
25353342,12597843,away,5,1,0,0,0,0,0,0,0,0,0,0,1
25353342,12597848,away,4,1,2,1,0,0,0,0,0,0,2,0,0
25353342,12597841,away,4,1,3,0,0,0,0,0,0,0,1,0,1
25353342,12597932,home,1,1,0,0,0,0,0,2,0,0,0,0,0
25353342,12597922,home,2,0,1,0,0,0,2,0,0,0,0,2,0
25353342,12597921,home,3,2,2,0,0,0,2,1,0,0,2,0,0
25353342,12597934,home,3,0,1,0,0,0,1,0,0,0,0,0,0
25353342,12597923,home,3,3,3,0,0,0,2,0,0,0,0,1,0
25353342,12597924,home,3,3,1,1,0,0,1,1,0,0,0,0,0
25353342,12597933,home,2,0,1,0,0,0,0,1,1,0,0,0,0
25353342,12597925,home,2,1,1,0,0,0,0,1,0,0,0,0,1
25353342,12597930,home,3,1,1,0,0,0,0,0,0,0,1,0,0
25353342,12597931,home,2,0,0,0,0,0,0,1,0,0,0,0,0
25353342,12597927,home,2,3,2,0,0,0,0,2,0,0,0,0,0
25353342,12597926,home,2,1,2,0,0,0,1,2,0,0,0,0,0
25353343,12597861,away,4,0,1,0,0,0,0,0,0,0,0,0,1
25353343,12597851,away,5,3,3,0,0,0,0,0,0,0,2,0,0
25353343,12597858,away,3,2,1,0,0,0,0,1,1,0,1,0,0
25353343,12597859,away,4,0,1,0,0,0,0,0,1,0,0,0,0
25353343,12597857,away,3,1,0,0,0,0,0,1,0,0,0,0,0
25353343,12597864,away,2,0,1,0,0,0,0,2,0,0,0,0,1
25353343,12597854,away,4,3,3,0,0,0,3,0,0,0,2,0,1
25353343,12597863,away,2,1,0,0,0,0,1,2,0,0,0,0,0
25353343,12597850,away,4,2,0,1,0,0,4,0,0,0,0,0,2
25353343,12597860,away,4,0,2,0,0,0,2,0,0,0,0,0,0
25353343,12597855,away,3,0,0,0,0,0,1,0,1,0,0,0,0
25353343,12597862,away,4,0,1,0,0,0,1,0,0,0,0,0,1
25353343,12597852,away,3,1,1,1,0,0,1,0,0,0,1,0,0
25353343,12597969,home,5,0,0,0,0,0,0,0,3,0,0,0,0
25353343,12597957,home,4,2,3,0,0,0,3,1,0,0,2,0,1
25353343,12597965,home,5,1,1,1,0,0,5,0,1,0,2,0,0
25353343,12599143,home,2,1,1,0,0,0,0,1,1,0,1,0,0
25353343,12597966,home,4,0,1,0,0,0,1,0,0,0,0,0,0
25353343,12597959,home,5,2,3,1,0,0,1,0,0,0,2,0,0
25353343,12597961,home,1,3,0,0,0,0,0,1,0,2,0,0,0
25353343,12597970,home,3,0,1,0,0,0,1,2,0,0,0,0,0
25353343,12597964,home,4,2,2,0,0,0,1,1,1,0,0,0,0
25353343,12597956,home,4,4,2,1,0,0,3,1,0,0,3,0,0
25353345,12597874,away,5,3,4,0,0,0,2,0,0,0,4,0,0
25353345,12597879,away,5,0,0,0,0,0,1,0,0,0,0,0,0
25353345,12597880,away,5,1,0,0,0,0,0,2,0,1,0,0,0
25353345,12597870,away,5,1,2,0,0,0,1,0,0,0,1,0,0
25353345,12597878,away,5,1,1,0,0,0,2,2,0,0,0,0,0
25353345,12597866,away,6,3,2,0,0,0,0,2,1,0,0,0,0
25353345,12597876,away,5,1,1,0,0,0,0,1,1,1,0,0,0
25353345,12597875,away,6,3,3,0,0,0,1,1,1,0,0,0,0
25353345,12597895,home,4,0,0,0,0,0,0,0,1,0,0,0,0
25353345,12597887,home,4,1,3,0,0,0,1,0,0,0,0,0,0
25353345,12597893,home,4,1,0,1,0,0,0,0,0,0,0,0,0
25353345,12597886,home,4,2,2,0,0,0,0,0,1,0,1,0,0
25353345,12597892,home,4,2,2,0,0,0,2,0,0,0,1,0,0
25353345,12597896,home,0,1,1,0,0,0,0,1,0,0,0,0,0
25353345,12597891,home,0,0,1,0,0,0,0,0,1,0,1,0,0
25353345,12597889,home,4,1,1,0,0,0,1,0,0,0,0,0,0
25353345,12597890,home,4,0,2,0,0,0,1,0,1,0,0,0,0
25353346,12586244,away,5,0,1,1,0,0,2,0,1,0,0,0,0
25353346,12586251,away,3,0,1,0,0,0,0,1,0,0,0,0,0
25353346,12586249,away,4,1,2,0,0,0,0,0,0,0,0,0,0
25353346,12586242,away,4,0,1,0,0,0,0,0,0,0,1,0,0
25353346,12586252,away,2,1,2,0,0,0,1,1,0,1,0,0,0
25353346,12586243,away,5,1,1,0,0,0,0,0,0,0,1,0,0
25353346,12586250,away,2,2,0,0,0,0,0,2,0,0,0,0,1
25353346,12586247,away,4,0,0,0,0,0,0,0,0,0,0,0,1
25353346,12597932,home,3,1,2,0,0,0,2,0,0,1,0,0,0
25353346,12597922,home,3,3,2,0,0,0,2,2,1,0,2,0,0
25353346,12597921,home,4,2,4,0,0,0,2,1,0,0,0,0,0
25353346,12597934,home,3,1,1,0,0,0,1,1,0,0,1,0,0
25353346,12597923,home,5,0,1,0,0,0,0,0,1,0,0,0,0
25353346,12597933,home,2,0,0,0,0,0,1,1,2,1,0,0,0
25353346,12597925,home,0,0,0,0,0,0,0,0,0,0,0,0,0
25353346,12597930,home,3,2,1,0,0,0,2,1,0,0,0,0,0
25353346,12597929,home,3,2,0,0,0,0,0,2,2,0,1,0,0
25353346,12597927,home,4,2,3,0,0,0,2,1,1,0,1,0,0
25424567,12597884,away,5,0,2,0,0,0,1,0,1,0,0,0,0
25424567,12597885,away,5,2,2,1,0,0,5,2,0,0,0,0,0
25424567,12597895,away,5,1,2,0,0,0,0,1,0,0,0,0,0
25424567,12597886,away,5,2,2,0,0,0,2,0,1,1,1,0,0
25424567,12597892,away,5,4,2,1,0,0,3,1,0,0,1,0,0
25424567,12597883,away,5,2,1,0,0,0,2,1,0,0,1,0,0
25424567,12597896,away,5,1,1,0,0,0,1,0,0,0,1,0,0
25424567,12597891,away,5,3,2,0,0,0,0,1,1,1,1,0,0
25424567,12597889,away,4,3,1,0,0,0,0,3,0,0,0,0,0
25424567,12597890,away,5,0,2,1,0,0,2,0,0,0,1,0,0
25424567,12597869,home,4,1,2,1,0,0,3,1,0,0,0,0,0
25424567,12597879,home,4,1,0,0,0,0,0,1,0,0,0,0,0
25424567,12597867,home,3,3,1,0,0,0,0,1,0,1,1,0,0
25424567,12597880,home,4,1,0,1,0,0,0,0,1,0,0,0,0
25424567,12597873,home,4,1,1,0,0,0,0,0,0,0,0,0,0
25424567,12597878,home,4,1,0,0,0,0,0,2,0,0,0,0,0
25424567,12597866,home,5,2,2,0,0,0,0,1,0,0,1,0,0
25424567,12597876,home,4,0,0,0,0,0,0,1,1,0,0,0,0
25424567,12597877,home,4,0,0,0,0,0,1,0,0,0,0,0,0
25424569,12597932,away,2,2,2,0,0,0,1,1,1,0,1,0,0
25424569,12597922,away,4,1,1,0,1,0,0,1,2,0,0,0,0
25424569,12597934,away,4,1,2,0,0,0,0,1,1,0,0,0,0
25424569,12597923,away,4,1,2,1,0,0,2,0,0,0,3,0,0
25424569,12597924,away,5,1,2,1,0,0,3,0,0,0,1,0,0
25424569,12597925,away,3,2,2,0,0,0,0,0,1,0,0,0,0
25424569,12597930,away,4,1,2,0,0,0,1,0,2,0,0,0,0
25424569,12597931,away,4,0,0,0,0,0,0,0,1,0,0,0,0
25424569,12597929,away,4,1,1,0,0,0,0,0,3,0,0,0,0
25424569,12597927,away,5,1,2,0,0,0,2,0,0,0,0,0,0
25424569,12597957,home,1,4,1,0,0,0,0,3,0,0,3,0,0
25424569,12597965,home,3,2,2,0,0,0,0,1,0,0,3,0,0
25424569,12599143,home,4,1,1,1,0,0,0,0,0,0,0,0,0
25424569,12597966,home,3,0,0,0,0,0,0,0,0,0,0,0,0
25424569,12597968,home,3,0,1,0,0,0,1,1,0,0,2,0,0
25424569,12597958,home,4,0,1,1,0,0,2,0,0,0,0,0,0
25424569,12597963,home,4,0,1,0,0,0,0,0,1,0,0,0,0
25424569,12597967,home,2,0,0,0,0,0,0,1,0,0,0,0,0
25424569,12597961,home,3,1,1,0,0,0,1,1,0,0,2,0,0
25424569,12597970,home,1,0,0,0,0,0,0,1,0,1,1,0,0
25424569,12597964,home,3,0,0,0,0,0,0,0,1,0,0,0,1
25424568,12586244,away,5,0,2,0,0,0,1,0,2,0,0,0,0
25424568,12599140,away,4,3,0,1,0,1,3,0,1,0,0,0,1
25424568,12586249,away,4,1,1,1,0,0,1,0,1,0,1,0,0
25424568,12586242,away,3,2,1,0,0,0,0,1,1,1,1,0,0
25424568,12586245,away,4,0,0,0,0,0,0,0,1,0,1,0,1
25424568,12586243,away,4,1,0,2,0,0,0,0,1,0,0,0,0
25424568,12675454,away,4,0,1,0,0,0,0,0,3,0,0,0,0
25424568,12586250,away,3,0,2,0,0,0,2,1,0,0,0,0,0
25424568,12586246,away,3,3,1,0,0,0,1,2,0,0,5,0,0
25424568,12586247,away,5,1,3,0,0,0,2,0,0,0,0,0,0
25424568,12597861,home,3,0,0,0,0,0,1,0,2,0,0,0,0
25424568,12597851,home,2,1,0,0,0,0,0,2,1,0,2,0,0
25424568,12597858,home,3,2,1,0,0,0,0,1,1,0,1,0,0
25424568,12597859,home,3,0,0,1,0,0,0,0,2,0,0,0,0
25424568,12597857,home,2,1,1,0,0,0,1,1,0,0,0,0,1
25424568,12597864,home,3,0,0,0,0,0,0,0,3,0,0,0,0
25424568,12597854,home,2,0,0,0,0,0,0,0,0,0,0,0,0
25424568,12597863,home,1,0,0,0,0,0,1,2,0,0,1,0,0
25424568,12597850,home,2,1,1,0,0,0,0,1,1,0,2,0,0
25424568,12597856,home,1,1,0,0,0,0,0,2,0,0,1,0,0
25424568,12597860,home,3,1,2,0,0,0,1,0,0,0,0,0,0
25424568,12597862,home,2,1,0,0,0,0,1,1,1,0,0,0,0
25424568,12597852,home,2,1,0,0,0,0,0,1,1,0,0,0,0
25547669,12597975,away,3,1,0,1,0,0,0,0,1,0,0,0,0
25547669,12597987,away,5,1,2,0,0,0,2,0,2,0,1,0,0
25547669,12597974,away,6,3,3,0,0,0,2,0,0,0,0,0,0
25547669,12597977,away,4,2,0,0,0,0,2,1,1,0,1,0,1
25547669,12597983,away,4,1,2,0,0,0,3,1,0,0,0,0,0
25547669,12597982,away,4,2,2,0,0,0,1,0,1,1,2,0,0
25547669,12599146,away,5,2,3,0,0,0,4,0,0,0,0,0,0
25547669,12597973,away,5,2,4,1,0,0,1,2,0,0,2,0,0
25547669,12597984,away,3,2,2,0,0,0,1,2,0,0,0,0,0
25547669,12597976,away,3,4,3,0,0,0,2,2,0,0,4,0,0
25547669,12597986,away,3,4,2,0,0,0,0,2,1,0,1,0,0
25547669,12597884,home,4,2,2,0,0,0,0,1,1,0,0,0,0
25547669,12597885,home,4,2,2,0,0,0,0,1,0,0,0,0,0
25547669,12597895,home,4,1,0,0,0,0,1,0,1,1,0,0,1
25547669,12599141,home,3,0,0,0,0,0,0,1,1,1,0,0,0
25547669,12597894,home,0,0,0,0,0,0,0,0,0,0,0,0,0
25547669,12597887,home,3,1,0,0,0,0,0,2,0,0,0,0,1
25547669,12597893,home,5,1,2,1,0,0,2,0,0,0,0,0,1
25547669,12597886,home,4,2,1,1,1,0,2,0,0,1,0,0,0
25547669,12597892,home,5,3,2,0,1,0,3,0,1,0,1,0,0
25547669,12597883,home,5,0,1,0,0,0,2,0,1,0,0,0,0
25547669,12597896,home,4,2,2,0,0,0,0,0,0,0,0,0,1
25547669,12597889,home,3,1,2,0,0,0,1,1,1,0,0,0,0
25547669,12597890,home,5,2,2,0,0,0,1,0,1,0,0,0,1
25547670,12597969,away,3,0,2,0,0,0,1,0,0,1,1,0,0
25547670,12597957,away,3,1,0,0,0,0,0,1,0,0,1,0,1
25547670,12597965,away,2,1,0,0,0,0,0,1,0,0,1,0,0
25547670,12599143,away,3,0,0,0,0,0,0,1,1,0,1,0,0
25547670,12597966,away,2,1,0,0,0,0,0,1,0,0,2,0,0
25547670,12597968,away,3,0,0,0,0,0,0,1,0,0,0,0,0
25547670,12597958,away,3,0,0,0,0,0,1,1,0,0,0,0,1
25547670,12597963,away,3,1,1,0,0,0,1,1,0,0,0,0,0
25547670,12597970,away,2,0,0,0,0,0,0,1,1,0,0,0,0
25547670,12597964,away,3,1,0,0,0,0,0,1,2,0,0,0,0
25547670,12586244,home,4,1,2,1,0,0,2,0,0,0,0,0,0
25547670,12586251,home,4,1,1,0,0,0,0,0,0,0,0,0,1
25547670,12599140,home,3,1,1,0,0,0,3,0,1,0,0,2,0
25547670,12586249,home,3,2,1,1,0,0,1,0,0,1,0,0,1
25547670,12586242,home,4,2,2,0,0,0,0,0,0,0,0,0,0
25547670,12586245,home,4,1,3,0,0,0,2,0,1,0,0,0,0
25547670,12586252,home,4,0,0,1,0,0,0,0,1,0,0,0,0
25547670,12586243,home,5,2,3,0,0,0,4,0,1,0,0,0,1
25547670,12586250,home,4,0,2,0,0,0,0,0,0,0,0,0,1
25547670,12586246,home,5,4,2,2,0,0,1,0,0,0,0,0,0
25547670,12586247,home,5,2,1,0,0,0,0,0,1,0,0,0,0
25547672,12597874,away,3,1,1,1,0,0,1,1,1,0,0,0,0
25547672,12597869,away,4,1,0,2,0,0,0,0,0,0,0,0,0
25547672,12597879,away,2,0,0,0,0,0,0,0,1,0,0,0,0
25547672,12597867,away,4,2,1,0,0,0,0,0,0,0,0,0,0
25547672,12597880,away,2,0,0,0,0,0,0,1,1,0,0,0,0
25547672,12597870,away,4,0,2,0,0,0,0,0,1,0,0,0,0
25547672,12597873,away,3,0,0,0,0,0,0,1,1,0,0,0,0
25547672,12597878,away,3,0,2,0,0,0,1,0,1,0,0,0,0
25547672,12597866,away,3,0,0,0,0,0,0,1,1,0,2,0,0
25547672,12597876,away,3,0,0,0,0,0,0,0,3,0,0,0,0
25547672,12597875,away,3,1,0,2,0,0,0,1,0,0,1,0,0
25547672,12597871,away,4,0,0,0,0,0,0,0,1,0,0,0,2
25547672,12597932,home,3,1,0,1,0,0,1,0,1,0,0,0,0
25547672,12597921,home,3,2,1,0,0,0,0,1,0,0,0,0,0
25547672,12597934,home,3,1,1,0,0,0,0,0,0,0,1,0,0
25547672,12597923,home,1,0,0,0,0,0,0,0,0,0,1,0,1
25547672,12597924,home,4,0,1,0,1,0,1,1,0,0,0,0,0
25547672,12597933,home,4,0,1,1,0,0,1,0,0,0,0,0,0
25547672,12597925,home,4,0,0,0,0,0,0,0,0,0,0,0,0
25547672,12597930,home,4,2,0,0,1,0,1,0,2,0,0,0,1
25547672,12597931,home,3,2,2,0,0,0,0,0,1,0,2,0,0
25547672,12597929,home,3,2,2,0,0,0,2,1,0,0,0,0,0
25547672,12597927,home,4,1,2,1,0,0,4,0,0,0,0,0,0
25547672,12597926,home,3,3,1,0,0,0,1,1,0,0,0,0,0
25547671,12599145,away,5,1,3,0,0,0,1,0,0,0,0,0,0
25547671,12597842,away,4,1,0,0,0,0,0,1,0,0,0,0,0
25547671,12597837,away,4,1,0,0,0,0,1,1,1,0,0,0,0
25547671,12597831,away,5,2,1,1,1,0,1,0,0,0,0,0,0
25547671,12597832,away,4,1,1,0,0,0,1,0,0,1,0,0,2
25547671,12597843,away,4,0,1,0,0,0,3,1,0,0,0,0,0
25547671,12597840,away,5,0,1,0,0,0,0,0,0,0,0,0,0
25547671,12597838,away,3,2,1,0,0,0,1,0,0,0,1,0,0
25547671,12597836,away,5,3,4,0,0,0,1,0,0,0,0,0,0
25547671,12597847,away,5,3,1,0,0,0,2,0,0,0,2,0,1
25547671,12597861,home,3,0,0,0,0,0,0,1,1,0,0,0,0
25547671,12597851,home,2,0,1,0,0,0,1,2,0,0,0,0,0
25547671,12597858,home,3,2,2,0,0,0,0,1,0,0,3,0,0
25547671,12597859,home,3,2,3,0,0,0,0,0,0,0,0,0,0
25547671,12597857,home,3,1,0,0,0,0,0,0,0,0,0,0,0
25547671,12597864,home,3,1,1,0,0,0,1,0,1,0,0,0,0
25547671,12597854,home,4,0,1,1,0,0,4,0,0,0,1,0,0
25547671,12597863,home,3,1,1,0,0,0,0,0,0,0,0,0,1
25547671,12597850,home,3,2,2,0,0,0,0,1,0,0,1,0,0
25547671,12597856,home,4,1,1,0,0,0,1,0,1,0,1,0,0
25547671,12597860,home,4,0,0,0,0,0,0,0,1,0,0,0,0
25547671,12597855,home,3,0,1,0,0,0,0,0,1,0,0,0,0
25547671,12597862,home,4,0,1,0,0,0,1,0,0,0,0,0,0
25547671,12597852,home,4,1,1,2,0,0,1,0,0,0,0,0,0
25577485,12597975,away,4,1,1,0,0,0,0,0,1,0,0,0,1
25577485,12597987,away,3,0,0,0,0,0,0,1,1,0,0,0,0
25577485,12597974,away,4,0,1,0,0,0,1,0,1,0,0,0,0
25577485,12597977,away,3,0,1,0,0,0,0,1,1,0,1,0,1
25577485,12597983,away,3,1,1,0,0,0,0,0,1,0,1,0,0
25577485,12597972,away,3,1,0,1,0,0,2,1,1,0,0,0,0
25577485,12597982,away,3,0,0,0,0,0,0,0,2,1,2,0,0
25577485,12599146,away,3,0,1,0,0,0,0,1,0,0,1,0,0
25577485,12597985,away,2,0,1,0,0,0,1,0,1,0,1,1,0
25577485,12597973,away,4,1,2,0,0,0,1,0,1,0,0,0,0
25577485,12597984,away,1,1,0,0,0,0,0,2,0,0,1,0,0
25577485,12597986,away,3,2,2,1,0,0,0,1,0,0,1,0,0
25577485,12586244,home,4,2,1,1,0,0,2,1,0,0,1,0,0
25577485,12586251,home,0,0,0,0,0,0,1,0,0,2,0,0,0
25577485,12599140,home,4,1,2,0,0,0,1,1,1,0,1,0,0
25577485,12586249,home,4,1,2,1,0,0,3,0,1,0,0,0,0
25577485,12586242,home,4,2,2,1,0,0,2,0,0,0,0,0,0
25577485,12586245,home,5,1,2,1,0,0,1,0,1,0,1,0,0
25577485,12586252,home,2,3,0,0,0,0,0,3,0,0,0,0,0
25577485,12586243,home,4,3,4,0,0,0,2,1,0,0,2,0,0
25577485,12586250,home,5,1,1,1,0,0,2,0,1,0,0,0,0
25577485,12586246,home,5,2,1,1,0,0,0,0,1,0,0,0,0
25577485,12586247,home,4,1,1,1,0,0,3,0,1,0,0,1,0
25577484,12599145,away,5,0,2,0,0,0,0,0,0,0,0,0,0
25577484,12597842,away,4,1,0,0,0,0,1,1,0,0,0,0,0
25577484,12597837,away,4,1,2,0,0,0,0,1,0,0,0,0,0
25577484,12597831,away,4,1,4,0,0,0,0,1,0,0,0,0,0
25577484,12597832,away,4,1,2,0,0,0,2,1,0,0,1,0,1
25577484,12597843,away,5,0,2,0,0,0,0,0,1,0,1,0,0
25577484,12597840,away,3,1,1,0,0,0,0,2,0,0,1,0,1
25577484,12597838,away,5,2,2,0,0,0,0,0,0,0,0,0,0
25577484,12597836,away,5,0,1,0,0,0,0,0,1,0,0,0,1
25577484,12597847,away,5,0,0,0,0,0,0,1,1,0,0,0,0
25577484,12597932,home,3,1,1,0,0,0,0,0,1,0,0,0,0
25577484,12597922,home,3,3,2,0,0,0,1,1,1,0,0,0,0
25577484,12597921,home,3,3,3,0,0,0,4,0,0,0,0,0,0
25577484,12597934,home,3,1,1,0,0,0,0,0,0,0,0,0,0
25577484,12597923,home,4,3,2,1,0,0,2,0,0,0,1,0,0
25577484,12597924,home,4,3,4,0,0,0,1,0,0,0,2,0,0
25577484,12597933,home,3,0,3,0,0,0,1,0,0,1,0,0,0
25577484,12597925,home,4,0,2,0,0,0,2,0,1,0,0,0,0
25577484,12597930,home,4,0,2,0,0,0,0,0,1,0,0,0,0
25577484,12597931,home,4,0,2,0,0,0,0,0,2,0,0,0,0
25577484,12597929,home,3,2,1,0,0,0,0,1,0,0,0,0,0
25577484,12597927,home,4,1,2,0,0,0,1,0,0,0,0,0,0
25577484,12597926,home,4,1,3,0,0,0,4,0,0,0,1,0,0
25603820,12586244,away,4,2,1,0,0,0,1,1,0,0,0,0,1
25603820,12586251,away,1,0,0,0,0,0,0,0,0,0,0,0,0
25603820,12599140,away,4,2,3,0,0,0,0,1,0,0,3,0,0
25603820,12586249,away,4,2,2,0,0,0,0,1,1,0,0,0,0
25603820,12586242,away,5,1,0,0,0,0,0,0,0,0,1,0,1
25603820,12586245,away,4,0,0,1,0,0,2,0,0,0,0,0,0
25603820,12586252,away,5,2,4,0,0,0,0,0,1,0,1,0,0
25603820,12586243,away,6,3,2,3,0,0,6,0,0,0,2,0,1
25603820,12586250,away,5,2,4,0,0,0,0,0,0,0,0,0,0
25603820,12586246,away,5,2,1,1,0,0,2,0,1,0,0,0,2
25603820,12586247,away,5,0,2,0,0,0,2,0,0,0,0,0,1
25603820,12597932,home,4,1,1,0,0,0,0,0,0,0,0,0,0
25603820,12597922,home,5,0,2,1,0,0,1,0,1,0,0,0,0
25603820,12597921,home,5,0,1,0,0,0,4,0,0,0,0,0,1
25603820,12597923,home,1,0,1,0,0,0,0,3,0,0,0,0,0
25603820,12597924,home,4,2,2,1,0,0,0,0,0,1,1,0,0
25603820,12597933,home,3,0,0,0,0,0,0,0,2,1,0,0,0
25603820,12597925,home,3,0,0,0,0,0,0,1,1,0,0,0,0
25603820,12597930,home,4,1,1,0,0,0,0,0,1,0,0,0,1
25603820,12597931,home,4,0,0,0,0,0,0,0,2,0,0,0,0
25603820,12597929,home,4,3,1,0,1,0,0,1,1,0,0,0,0
25603820,12597927,home,4,0,0,0,0,0,0,0,2,0,0,0,0
26479525,13132523,away,4,0,0,0,0,0,0,0,0,0,0,0,1
26479525,13132525,away,1,0,0,0,0,0,1,0,0,1,0,0,0
26479525,13132526,away,4,0,1,0,0,0,0,0,1,0,1,0,0
26479525,13132528,away,3,0,0,0,0,0,0,1,1,0,0,0,0
26479525,13132530,away,4,1,1,0,0,0,1,0,0,0,0,0,0
26479525,13132531,away,2,1,0,0,0,0,0,1,0,1,0,0,0
26479525,13132597,away,0,0,0,0,0,0,0,0,0,0,0,0,0
26479525,13132596,away,1,1,0,0,0,0,1,2,0,0,0,0,0
26479525,13132533,away,3,0,2,0,0,0,2,1,0,0,0,0,0
26479525,13132534,away,3,1,0,0,0,0,0,1,1,0,1,0,0
26479525,13132535,away,3,0,0,0,0,0,0,1,1,0,0,0,2
26479525,13132532,away,3,1,1,0,0,0,0,1,1,0,0,0,0
26479525,13132536,away,0,0,0,0,0,0,0,0,0,0,0,0,0
26479525,13132507,home,2,0,1,0,0,0,0,1,0,0,0,0,0
26479525,13132508,home,3,1,1,0,0,0,0,1,0,0,0,0,0
26479525,13132509,home,2,0,0,0,0,0,0,1,0,0,0,0,0
26479525,13132510,home,3,2,1,0,0,0,1,1,0,0,0,0,0
26479525,13132511,home,2,0,1,0,0,0,0,1,0,0,0,0,0
26479525,13132512,home,2,1,0,0,0,0,1,0,0,1,0,0,0
26479525,13132513,home,0,0,0,0,0,0,0,0,0,0,0,0,0
26479518,13132593,away,1,1,0,0,0,0,0,2,1,0,0,0,0
26479518,13132552,away,1,1,0,0,0,0,0,1,1,0,1,0,1
26479518,13132553,away,1,3,0,0,0,0,0,3,1,0,0,0,0
26479518,13132554,away,3,2,1,0,0,0,1,1,1,0,0,0,0
26479518,13132592,away,2,2,1,0,0,0,1,2,0,0,0,0,1
26479518,13132555,away,4,1,2,0,0,0,3,0,1,0,0,0,0
26479518,13132556,away,2,0,1,1,0,0,2,2,0,0,2,0,0
26479518,13132558,away,4,0,1,0,0,0,1,0,0,0,0,0,0
26479518,13132559,away,4,1,3,0,0,0,2,0,0,0,0,0,0
26479518,13133305,away,4,0,1,0,0,0,0,0,2,0,0,0,0
26479518,13132560,away,4,0,0,0,0,0,0,0,1,0,0,0,0
26479518,13133332,away,2,1,0,0,0,0,0,0,1,0,0,0,0
26479518,13132562,away,3,0,2,0,0,0,2,0,0,0,0,0,1
26479518,13132539,home,3,0,1,0,0,0,0,0,2,0,0,0,0
26479518,13132540,home,2,0,0,0,0,0,0,0,1,0,0,0,0
26479518,13132542,home,2,0,1,0,0,0,0,1,0,0,0,0,0
26479518,13132594,home,2,0,0,0,0,0,0,0,1,0,0,0,0
26479518,13132595,home,2,0,1,0,0,0,0,1,0,0,0,0,1
26479518,13132541,home,3,0,1,0,0,0,2,0,0,0,0,0,1
26479518,13132544,home,3,0,0,0,0,0,0,0,2,0,0,0,0
26479518,13132543,home,2,0,0,0,0,0,0,0,1,0,0,0,0
26479518,13132545,home,2,0,0,0,0,0,0,0,1,0,0,0,0
26479518,13132547,home,2,0,1,0,0,0,0,0,1,0,0,0,0
26479518,13132548,home,1,0,0,0,0,0,0,0,1,0,0,0,0
26479518,13132550,home,1,2,1,0,0,0,0,0,0,1,0,0,0
26480072,13132506,away,4,1,0,0,0,0,0,0,1,0,0,0,2
26480072,13132507,away,4,1,1,0,0,0,1,0,1,0,0,0,0
26480072,13132508,away,3,1,1,0,0,0,0,1,0,0,3,0,0
26480072,13132509,away,3,0,0,0,0,0,0,1,0,0,0,0,0
26480072,13132511,away,2,1,1,0,0,0,0,1,0,0,0,0,0
26480072,13132513,away,4,2,2,0,0,0,0,0,1,0,1,0,0
26480072,13132514,away,3,2,0,0,0,0,0,0,0,0,1,0,0
26480072,13132515,away,2,1,1,0,0,0,0,1,0,1,2,0,0
26480072,13132517,away,4,1,1,0,0,0,1,0,0,0,0,0,1
26480072,13132598,away,2,0,0,0,0,0,0,1,0,0,0,0,0
26480072,13132518,away,4,1,1,0,0,0,0,0,0,0,0,0,0
26480072,13132519,away,4,2,3,0,0,0,1,0,0,0,2,0,0
26480072,13132492,home,4,1,1,0,0,0,2,0,1,0,0,0,0
26480072,13132493,home,2,1,1,0,0,0,0,1,0,0,0,0,0
26480072,13132494,home,3,1,0,1,0,0,0,0,0,0,0,0,1
26480072,13132495,home,3,2,3,0,0,0,0,0,0,0,0,0,0
26480072,13132496,home,3,2,3,0,0,0,1,1,0,0,3,0,0
26480072,13132499,home,3,0,0,0,0,0,0,0,1,0,0,0,0
26480072,13132601,home,4,1,1,0,0,0,1,0,0,0,2,0,3
26480072,13132500,home,3,0,0,0,0,0,0,0,0,0,0,0,1
26480072,13132501,home,3,0,0,0,0,0,0,0,0,0,0,0,3
26480072,13132502,home,3,1,1,0,0,0,1,0,1,0,1,0,1
26480072,13132503,home,4,2,0,1,0,0,1,1,0,0,1,0,1
26480072,13132504,home,4,1,1,1,0,0,1,0,0,0,1,0,1
26480072,13132505,home,4,2,1,1,0,0,1,0,2,0,0,0,0
26480073,13132542,away,5,5,2,1,0,0,2,0,0,0,1,0,1
26480073,13132594,away,5,0,2,0,0,0,1,0,0,0,0,0,0
26480073,13132595,away,4,1,0,0,0,0,0,0,1,1,0,0,0
26480073,13132541,away,4,2,1,0,0,0,2,1,0,0,0,0,1
26480073,13132544,away,4,0,1,0,0,0,1,1,0,0,0,0,1
26480073,13132545,away,4,1,1,0,0,0,0,1,0,0,0,0,0
26480073,13139962,away,4,1,1,0,0,0,0,0,0,0,0,0,0
26480073,13132547,away,3,1,1,0,0,0,0,1,0,0,0,0,0
26480073,13132548,away,3,2,1,2,0,0,3,1,0,0,1,0,0
26480073,13132549,away,3,1,0,0,0,0,0,0,0,1,1,0,0
26480073,13132550,away,3,2,1,2,0,0,4,2,0,0,0,0,0
26480073,13132551,away,5,5,4,1,0,0,1,0,0,0,0,0,0
26480073,13132528,home,4,0,1,0,0,0,0,0,0,0,0,0,0
26480073,13132529,home,4,1,2,0,0,0,0,0,0,0,0,0,0
26480073,13132531,home,4,0,0,0,0,0,0,0,1,0,0,0,0
26480073,13132596,home,4,0,0,0,0,0,0,0,0,0,0,0,0
26480073,13132533,home,3,1,1,0,0,0,0,1,0,0,1,0,0
26480073,13132534,home,4,0,0,0,0,0,0,0,2,0,0,0,1
26480073,13132532,home,4,0,1,1,0,0,0,0,2,0,0,0,0
26480073,13132536,home,4,1,1,0,0,0,1,0,0,0,0,0,1
26480074,13132480,away,3,1,1,0,0,0,0,1,0,0,0,0,1
26480074,13132481,away,3,0,0,0,0,0,1,1,1,0,0,0,0
26480074,13145621,away,2,2,2,0,0,0,0,2,0,0,0,0,0
26480074,13132483,away,3,1,1,0,0,0,0,1,0,0,0,0,0
26480074,13132604,away,3,1,1,0,0,0,1,1,0,0,0,0,0
26480074,13132482,away,4,0,0,1,0,0,0,0,1,0,0,0,0
26480074,13132484,away,2,0,1,0,0,0,0,2,1,0,0,0,0
26480074,13132486,away,3,1,3,0,0,0,0,0,0,0,0,0,0
26480074,13132603,away,3,0,0,0,0,0,0,0,3,0,0,0,0
26480074,13132487,away,2,0,1,0,0,0,1,2,0,0,0,0,0
26480074,13132488,away,3,1,1,0,0,0,0,0,1,0,0,0,0
26480074,13132491,away,3,0,0,0,0,0,0,1,1,0,0,0,0
26480074,13132593,home,2,1,1,0,0,0,0,2,0,0,0,0,0
26480074,13132552,home,4,0,0,0,0,0,0,0,2,0,0,0,0
26480074,13132553,home,3,1,1,0,0,0,0,1,1,0,0,0,0
26480074,13132554,home,3,1,1,0,0,0,1,0,0,0,0,1,0
26480074,13132592,home,4,0,0,0,0,0,2,0,0,0,0,0,0
26480074,13132556,home,4,2,2,1,0,0,2,0,0,0,1,0,0
26480074,13132557,home,4,3,3,0,0,0,3,0,0,0,1,0,0
26480074,13132558,home,4,1,2,0,0,0,1,0,0,0,0,0,0
26480074,13132559,home,2,0,0,1,0,0,1,0,0,0,1,0,0
26480074,13132560,home,3,1,1,0,0,0,0,0,1,0,1,0,0
26480074,13133332,home,3,1,3,0,0,0,0,0,0,0,2,0,0
26480074,13132563,home,4,0,1,0,0,0,0,0,0,0,0,0,0
26480083,13132479,away,5,1,2,0,0,0,1,0,1,0,0,0,0
26480083,13132480,away,4,2,3,0,0,0,1,1,0,0,0,0,0
26480083,13132483,away,3,1,1,0,0,0,1,1,0,0,0,1,0
26480083,13132604,away,5,3,3,2,0,0,3,0,0,0,0,0,0
26480083,13132482,away,4,1,1,0,0,0,1,0,2,0,1,1,0
26480083,13132485,away,0,0,0,0,0,0,0,0,0,0,0,0,0
26480083,13132486,away,3,1,1,0,0,0,0,1,0,0,0,0,0
26480083,13132603,away,4,1,0,0,0,0,0,0,1,0,0,0,0
26480083,13132487,away,4,1,2,0,0,0,1,1,0,0,0,0,0
26480083,13132488,away,4,0,0,0,0,0,1,0,0,0,0,1,0
26480083,13132489,away,0,0,0,0,0,0,0,0,0,0,0,0,0
26480083,13132490,away,5,1,2,1,0,0,0,0,0,0,0,0,1
26480083,13132540,home,5,1,1,0,0,0,1,0,2,0,0,0,1
26480083,13132542,home,0,0,0,0,0,0,0,0,0,0,0,0,0
26480083,13132594,home,5,2,3,0,0,0,0,0,1,0,0,0,0
26480083,13132595,home,5,2,4,0,0,0,0,0,0,0,1,0,0
26480083,13132541,home,4,0,2,0,0,0,1,0,1,1,1,0,0
26480083,13132544,home,5,1,1,1,0,0,3,0,1,0,0,0,0
26480083,13132543,home,4,1,0,0,0,0,0,1,0,0,0,0,1
26480083,13132545,home,4,0,1,0,0,0,1,0,1,0,0,0,0
26480083,13139962,home,4,2,3,0,0,0,2,0,1,0,1,0,0
26480083,13132547,home,5,0,0,0,0,0,0,0,1,0,0,0,0
26480083,13132548,home,4,1,2,0,0,0,1,0,0,0,0,0,0
26480083,13132549,home,0,0,0,0,0,0,0,0,0,0,0,0,0
26480083,13132550,home,4,1,2,0,0,0,0,0,0,0,1,0,0
26480083,13132551,home,0,0,0,0,0,0,0,0,0,0,0,0,0
26480082,13132593,away,4,0,0,0,0,0,0,0,2,0,0,0,0
26480082,13132552,away,4,1,1,0,0,0,1,0,1,0,1,0,0
26480082,13132553,away,4,2,2,0,0,0,2,1,0,0,0,0,0
26480082,13132554,away,4,1,3,1,0,0,2,0,0,0,0,0,0
26480082,13132592,away,4,0,2,0,0,0,1,0,0,0,0,0,0
26480082,13132555,away,4,2,2,0,0,0,0,0,0,0,0,0,0
26480082,13132556,away,4,1,1,1,0,0,0,0,0,0,0,0,0
26480082,13132557,away,4,4,0,3,0,0,4,0,0,0,0,0,0
26480082,13132558,away,4,1,2,0,0,0,0,0,0,0,0,0,0
26480082,13133305,away,4,0,1,0,0,0,1,0,0,0,0,0,1
26480082,13132560,away,3,1,1,0,0,0,0,1,0,0,0,0,0
26480082,13132562,away,4,0,1,0,0,0,0,0,0,0,1,0,0
26480082,13132563,away,3,1,1,1,0,0,2,0,0,0,0,0,0
26480082,13132506,home,2,0,0,0,0,0,0,0,1,0,0,0,0
26480082,13132508,home,2,1,2,0,0,0,0,2,0,0,0,0,0
26480082,13132509,home,4,0,1,0,0,0,1,0,0,0,0,0,0
26480082,13132510,home,3,0,2,0,0,0,0,1,0,0,0,0,0
26480082,13132511,home,4,1,0,1,0,0,1,0,2,0,0,0,0
26480082,13132513,home,4,0,0,0,0,0,0,0,3,0,0,0,0
26480082,13132514,home,3,1,0,0,0,0,0,1,0,0,2,0,0
26480082,13132517,home,4,1,1,0,0,0,0,0,1,0,0,0,0
26480082,13132598,home,4,0,0,0,0,0,0,0,1,0,0,0,0
26480082,13132519,home,4,0,0,0,0,0,1,0,0,0,0,0,0
26480081,13132493,away,3,1,1,0,0,0,1,0,1,0,0,0,0
26480081,13132602,away,4,1,1,1,0,0,0,0,0,0,0,0,0
26480081,13132494,away,3,2,3,0,0,0,2,0,0,0,0,1,0
26480081,13132495,away,4,2,2,0,0,0,0,0,1,0,0,0,0
26480081,13132496,away,2,1,1,0,0,0,0,2,0,0,1,0,0
26480081,13132497,away,2,3,1,2,0,0,1,0,0,0,0,0,0
26480081,13132498,away,4,2,3,0,0,0,1,0,0,0,0,0,0
26480081,13132499,away,2,0,0,0,0,0,0,1,1,0,0,0,0
26480081,13132601,away,4,2,2,0,0,0,1,0,0,0,0,0,0
26480081,13132500,away,3,0,1,0,0,0,0,1,0,0,0,0,1
26480081,13132501,away,2,1,0,0,0,0,0,1,0,0,0,0,0
26480081,13132502,away,3,0,2,0,0,0,0,0,0,0,0,0,0
26480081,13132503,away,3,1,1,0,0,0,0,1,0,0,0,0,0
26480081,13132504,away,4,0,1,1,0,0,0,1,0,0,0,0,0
26480081,13132505,away,2,0,1,0,0,0,0,1,0,0,0,0,0
26480081,13132523,home,4,0,1,0,0,0,0,0,0,0,0,0,0
26480081,13132525,home,3,0,0,0,0,0,0,0,1,0,0,0,0
26480081,13132526,home,4,0,1,0,0,0,0,0,1,0,1,0,0
26480081,13132528,home,3,0,1,0,0,0,0,1,1,0,0,0,0
26480081,13132529,home,4,0,2,0,0,0,2,0,0,0,0,0,0
26480081,13132530,home,4,0,2,0,0,0,2,0,0,0,0,0,0
26480081,13132596,home,3,0,0,0,0,0,0,0,1,0,0,0,0
26480081,13132532,home,4,3,1,1,0,0,0,0,0,0,0,0,1
26480086,13132492,away,2,0,1,0,0,0,0,1,0,0,1,0,0
26480086,13132493,away,2,0,1,0,0,0,0,1,0,0,0,0,0
26480086,13132602,away,2,1,0,0,0,0,1,1,1,0,0,0,0
26480086,13132494,away,3,1,0,1,0,0,1,0,0,0,0,0,0
26480086,13132495,away,2,2,1,0,0,0,0,1,0,0,0,0,0
26480086,13132496,away,2,0,0,0,0,0,1,0,0,0,0,1,1
26480086,13132498,away,2,1,0,0,0,0,0,1,0,0,0,0,0
26480086,13132499,away,3,0,1,0,0,0,0,0,2,0,0,0,0
26480086,13132601,away,3,1,1,0,0,0,2,0,1,0,0,0,0
26480086,13132500,away,3,1,0,0,0,0,0,0,2,0,0,0,0
26480086,13132501,away,2,0,0,1,0,0,1,0,1,0,0,0,0
26480086,13132502,away,2,1,0,0,0,0,0,1,0,0,1,0,0
26480086,13132503,away,0,0,0,0,0,0,0,0,0,0,0,0,0
26480086,13132504,away,3,0,1,0,0,0,1,0,1,0,0,0,0
26480086,13132505,away,3,0,1,0,0,0,0,0,2,0,0,0,0
26480086,13132593,home,4,0,0,0,0,0,0,0,2,0,0,0,1
26480086,13132553,home,4,1,1,1,0,0,1,0,0,0,0,0,0
26480086,13132554,home,5,3,2,1,0,0,3,0,1,0,0,0,0
26480086,13132592,home,4,2,3,0,0,0,1,0,0,0,1,0,0
26480086,13132555,home,5,1,4,0,0,0,0,0,0,0,0,0,0
26480086,13132556,home,4,2,2,1,0,0,1,0,0,0,1,1,1
26480086,13132557,home,3,1,2,1,0,0,3,0,1,0,1,0,0
26480086,13132558,home,4,1,2,0,0,0,0,0,0,0,0,0,0
26480086,13132559,home,4,2,1,0,0,0,0,0,0,0,0,0,1
26480086,13133305,home,2,1,0,0,0,0,1,2,2,0,0,0,0
26480086,13133332,home,1,0,0,0,0,0,0,0,0,0,0,0,0
26480086,13132563,home,4,2,1,1,0,0,2,0,0,0,1,0,0
26480084,13132540,away,4,1,1,0,0,0,0,0,0,0,0,0,0
26480084,13132542,away,4,0,2,0,0,0,0,0,0,0,0,0,0
26480084,13132594,away,3,1,0,0,0,0,0,1,1,0,1,0,0
26480084,13132595,away,0,0,0,0,0,0,0,0,0,0,0,0,0
26480084,13132541,away,4,1,1,0,0,0,0,1,0,0,1,0,1
26480084,13132544,away,3,1,1,0,0,0,0,1,1,0,1,0,0
26480084,13132543,away,2,1,2,0,0,0,0,2,0,0,1,0,0
26480084,13132545,away,4,0,2,0,0,0,0,0,0,0,0,0,0
26480084,13139962,away,3,1,2,0,0,0,0,0,0,0,2,0,0
26480084,13132547,away,4,1,1,0,0,0,0,0,0,0,2,0,0
26480084,13132548,away,5,2,3,0,0,0,0,0,0,0,3,0,0
26480084,13132549,away,0,0,0,0,0,0,0,0,0,0,0,0,0
26480084,13132550,away,4,0,1,0,0,0,0,0,0,0,0,0,0
26480084,13132551,away,3,1,0,0,0,0,0,2,1,0,1,0,0
26480084,13132506,home,4,0,1,0,0,0,0,0,0,0,0,0,0
26480084,13132507,home,4,1,1,0,0,0,0,0,1,0,0,0,0
26480084,13132508,home,4,1,2,0,0,0,0,0,0,0,0,0,0
26480084,13132510,home,4,0,0,0,0,0,0,0,1,0,0,0,1
26480084,13132511,home,4,2,2,0,1,0,0,0,0,0,1,0,0
26480084,13132513,home,4,2,1,0,0,0,0,0,0,0,0,0,1
26480084,13132514,home,3,1,0,0,0,0,0,0,0,1,0,0,0
26480084,13132517,home,3,0,0,0,0,0,0,1,0,0,1,0,0
26480084,13132599,home,4,0,0,1,0,0,0,0,0,0,0,0,0
26480084,13132598,home,3,0,1,0,0,0,0,1,1,0,0,0,0
26480084,13132518,home,0,0,0,0,0,0,0,0,0,0,0,0,0
26480084,13132519,home,4,2,3,0,0,0,0,1,0,0,4,0,0
26480085,13132523,away,0,0,0,0,0,0,0,0,0,0,0,0,0
26480085,13132525,away,3,1,1,0,0,0,0,1,1,0,0,0,0
26480085,13132526,away,5,3,4,0,0,0,2,0,0,0,1,0,1
26480085,13132527,away,5,1,2,0,0,0,2,0,0,0,0,0,0
26480085,13132528,away,3,1,0,0,0,0,0,2,2,0,0,0,0
26480085,13132529,away,5,1,1,0,0,0,0,0,0,0,0,0,1
26480085,13132530,away,0,0,0,0,0,0,0,0,0,0,0,0,0
26480085,13132531,away,5,0,1,2,0,0,1,0,1,0,0,0,1
26480085,13132596,away,5,1,1,0,0,0,0,0,1,0,0,0,0
26480085,13132532,away,5,3,0,3,0,0,2,0,0,0,0,0,0
26480085,13132536,away,5,2,2,0,0,0,4,0,0,0,1,0,1
26480085,13132479,home,3,2,2,0,0,0,0,0,1,0,0,0,0
26480085,13132480,home,3,1,1,0,0,0,2,1,0,0,1,0,0
26480085,13145621,home,4,0,2,0,0,0,0,0,0,0,1,0,0
26480085,13132483,home,3,3,2,1,0,0,0,0,0,0,1,0,0
26480085,13132604,home,4,0,2,0,0,0,0,0,0,0,0,0,0
26480085,13132482,home,4,2,2,1,0,0,3,0,0,0,0,0,0
26480085,13132484,home,2,1,1,0,0,0,0,2,1,0,0,0,0
26480085,13132485,home,0,0,0,0,0,0,0,0,0,0,0,0,0
26480085,13132486,home,4,0,2,0,0,0,1,0,1,0,0,0,0
26480085,13132603,home,2,1,0,0,0,0,0,0,1,1,0,0,0
26480085,13132487,home,4,0,2,0,0,0,0,0,1,0,0,0,0
26480085,13132488,home,3,1,0,0,0,0,0,1,1,0,0,0,0
26480085,13132489,home,0,0,0,0,0,0,0,0,0,0,0,0,0
26480085,13132490,home,4,2,2,1,0,0,3,0,1,0,0,0,0
26480085,13132491,home,3,0,1,0,0,0,0,1,1,0,0,0,0
26480089,13132506,away,4,1,0,0,0,0,0,1,0,0,0,0,0
26480089,13132507,away,4,1,2,0,0,0,0,0,0,0,0,0,0
26480089,13132508,away,0,0,0,0,0,0,0,0,0,0,0,0,0
26480089,13132509,away,4,1,2,0,0,0,0,0,0,0,0,0,0
26480089,13132510,away,0,0,0,0,0,0,0,0,0,0,0,0,0
26480089,13132511,away,5,0,1,0,0,0,1,0,0,0,0,0,0
26480089,13132512,away,5,2,4,0,0,0,2,0,0,0,3,0,0
26480089,13132513,away,4,1,1,0,0,0,1,1,3,0,0,0,0
26480089,13132515,away,4,0,1,0,0,0,1,0,1,0,0,0,1
26480089,13132599,away,5,2,3,1,0,0,1,0,0,0,1,0,0
26480089,13132598,away,5,2,4,0,0,0,2,0,1,0,0,0,0
26480089,13132518,away,5,2,1,0,0,0,0,0,0,0,2,0,1
26480089,13132519,away,5,2,2,0,0,0,1,1,1,0,1,0,0
26480089,13132479,home,0,0,0,0,0,0,0,0,0,0,0,0,0
26480089,13132480,home,5,0,1,0,0,0,0,0,0,0,0,0,0
26480089,13132481,home,5,0,2,0,0,0,1,0,3,0,0,0,0
26480089,13145621,home,5,0,2,0,0,0,2,0,1,0,1,0,0
26480089,13132483,home,0,0,0,0,0,0,0,0,0,0,0,0,0
26480089,13132604,home,5,2,3,1,0,0,3,0,0,0,1,0,0
26480089,13132482,home,4,2,0,0,0,0,0,1,0,0,1,0,0
26480089,13132484,home,0,0,0,0,0,0,0,0,0,0,0,0,0
26480089,13132486,home,4,0,0,0,0,0,0,0,0,0,0,0,0
26480089,13132603,home,2,2,1,0,0,0,0,2,0,0,1,0,0
26480089,13132487,home,3,2,3,0,0,0,1,1,0,1,1,0,0
26480089,13132488,home,0,0,0,0,0,0,0,0,0,0,0,0,0
26480089,13132489,home,0,0,0,0,0,0,0,0,0,0,0,0,0
26480089,13132490,home,4,2,3,0,0,0,0,1,0,0,1,0,0
26480089,13132491,home,5,1,1,0,0,0,2,0,3,0,0,0,0
26480087,13132523,away,3,0,2,0,0,0,0,1,0,0,0,0,0
26480087,13132525,away,4,0,1,0,0,0,0,0,0,0,0,0,0
26480087,13132526,away,4,0,2,0,0,0,0,0,0,0,1,0,0
26480087,13132531,away,3,0,0,0,0,0,0,0,1,0,0,0,0
26480087,13132596,away,4,0,1,0,0,0,0,0,0,0,0,0,0
26480087,13132533,away,4,0,1,0,0,0,0,0,0,0,0,0,0
26480087,13132532,away,0,0,0,0,0,0,0,0,0,0,0,0,0
26480087,13132593,home,3,0,0,0,0,0,0,1,1,0,0,0,0
26480087,13132552,home,6,0,2,0,0,0,0,0,2,0,0,0,0
26480087,13132553,home,4,0,3,0,0,0,2,2,0,0,0,0,0
26480087,13132554,home,5,3,1,1,0,0,0,0,0,0,1,0,0
26480087,13132592,home,5,0,3,1,0,0,1,0,0,0,0,0,0
26480087,13132555,home,6,3,4,1,0,0,4,0,0,0,0,0,0
26480087,13132556,home,4,3,3,0,0,0,0,0,2,0,1,0,0
26480087,13132558,home,4,0,2,0,0,0,0,0,0,0,0,0,0
26480087,13132559,home,5,1,4,0,0,0,3,0,0,0,1,1,0
26480087,13133305,home,3,1,1,0,0,0,1,1,0,0,0,1,0
26480087,13132560,home,4,1,1,0,0,0,0,1,0,0,0,0,0
26480087,13133332,home,0,0,0,0,0,0,0,0,0,0,0,0,0
26480088,13132540,away,4,0,0,0,0,0,0,0,0,0,0,0,0
26480088,13132542,away,4,0,2,0,0,0,0,0,0,0,1,0,0
26480088,13132594,away,3,1,0,0,0,0,0,1,3,0,1,0,0
26480088,13132595,away,3,0,1,0,0,0,0,1,0,0,0,0,0
26480088,13132541,away,0,0,0,0,0,0,0,0,0,0,0,0,0
26480088,13132544,away,3,0,1,0,0,0,1,0,1,0,0,1,0
26480088,13132545,away,2,0,0,0,0,0,0,0,2,1,0,0,0
26480088,13139962,away,3,1,2,0,0,0,2,1,0,0,0,0,0
26480088,13132548,away,4,1,0,0,0,0,0,0,0,0,1,0,0
26480088,13132549,away,3,1,1,0,0,0,0,1,0,0,0,0,0
26480088,13132550,away,2,1,0,0,0,0,0,1,0,0,0,0,0
26480088,13132492,home,3,1,1,0,0,0,0,0,0,0,1,0,0
26480088,13132493,home,1,2,1,0,0,0,0,2,0,0,0,0,0
26480088,13132602,home,3,0,1,0,0,0,1,1,1,0,1,0,0
26480088,13132494,home,4,1,1,0,0,0,0,0,1,0,1,0,0
26480088,13132495,home,3,1,1,1,0,0,1,0,0,1,1,0,0
26480088,13132496,home,3,0,0,0,0,0,1,0,0,0,0,0,0
26480088,13132497,home,3,1,0,0,0,0,0,1,0,0,1,0,0
26480088,13132498,home,3,2,3,0,0,0,1,1,0,0,3,0,0
26480088,13132499,home,2,1,1,0,0,0,2,1,1,0,0,0,0
26480088,13132601,home,3,0,1,0,0,0,2,1,0,0,1,0,0
26480088,13132500,home,3,0,0,0,0,0,0,0,1,0,0,0,0
26480088,13132501,home,2,0,1,1,0,0,1,1,0,0,0,0,0
26480088,13132502,home,2,2,1,0,0,0,0,1,0,0,0,0,0
26480088,13132503,home,0,0,0,0,0,0,0,0,0,0,0,0,0
26480088,13132504,home,0,0,0,0,0,0,0,0,0,0,0,0,0
26480088,13132505,home,2,1,0,0,0,0,0,1,0,0,1,0,0
26480160,13132506,away,4,1,1,0,0,0,0,0,0,0,2,0,0
26480160,13132507,away,4,1,0,0,0,0,0,0,0,0,0,0,0
26480160,13132508,away,0,0,0,0,0,0,0,0,0,0,0,0,0
26480160,13132509,away,4,0,1,0,0,0,0,0,0,0,0,0,1
26480160,13132510,away,0,0,0,0,0,0,0,0,0,0,0,0,0
26480160,13132511,away,3,1,2,0,0,0,0,0,0,0,1,0,0
26480160,13132512,away,4,0,3,0,0,0,1,0,0,0,2,0,0
26480160,13132513,away,3,0,0,0,0,0,2,1,0,0,0,0,0
26480160,13132514,away,4,1,1,0,0,0,0,0,0,0,1,0,0
26480160,13132515,away,4,0,1,0,0,0,0,0,0,0,0,0,0
26480160,13132517,away,3,2,1,0,0,0,0,1,1,0,1,0,0
26480160,13132599,away,4,0,2,0,0,0,0,0,1,0,0,0,0
26480160,13132598,away,3,0,0,0,0,0,0,1,0,0,0,0,0
26480160,13132519,away,4,3,2,0,0,0,0,0,0,0,1,0,1
26480160,13132523,home,5,4,3,1,1,0,5,0,0,0,0,0,0
26480160,13132525,home,3,1,1,0,0,0,0,1,2,0,0,0,0
26480160,13132526,home,5,1,1,0,0,0,0,0,1,0,2,0,1
26480160,13132527,home,5,4,4,0,0,0,2,0,0,0,0,0,0
26480160,13132528,home,5,1,2,0,0,0,1,0,0,0,0,0,1
26480160,13132529,home,5,4,5,0,0,0,2,0,0,0,0,0,0
26480160,13132530,home,5,1,1,0,0,0,0,0,1,0,0,0,0
26480160,13132531,home,5,1,3,0,0,0,2,0,0,0,0,0,1
26480160,13132596,home,0,0,0,0,0,0,0,0,0,0,0,0,0
26480160,13132533,home,5,0,2,0,0,0,1,0,0,0,0,0,0
26480160,13132534,home,4,1,4,0,0,0,4,0,0,0,0,0,0
26480160,13132535,home,3,3,3,0,0,0,2,2,0,0,0,0,0
26480160,13132532,home,4,4,1,0,0,0,0,1,0,0,0,0,0
26480160,13132536,home,0,0,0,0,0,0,0,0,0,0,0,0,0
26480161,13132540,away,0,0,0,0,0,0,0,0,0,0,0,0,0
26480161,13132542,away,4,0,1,0,0,0,1,0,0,0,0,0,0
26480161,13132594,away,4,1,2,0,0,0,0,0,1,0,0,0,0
26480161,13132595,away,3,0,1,0,0,0,2,0,0,1,1,0,0
26480161,13132541,away,3,2,2,0,0,0,1,1,0,0,0,0,0
26480161,13132544,away,4,0,1,0,0,0,0,0,1,0,0,0,1
26480161,13132543,away,4,1,2,0,0,0,1,0,0,0,0,0,0
26480161,13132545,away,3,1,1,0,0,0,1,0,1,0,0,0,0
26480161,13139962,away,4,1,1,1,0,0,1,0,0,0,0,0,0
26480161,13132547,away,3,0,1,0,0,0,1,0,0,0,1,0,0
26480161,13132548,away,2,2,1,0,0,0,3,1,0,0,1,1,0
26480161,13132549,away,4,2,0,1,0,0,1,0,0,0,1,0,1
26480161,13132550,away,4,1,2,0,0,0,0,0,1,0,0,0,1
26480161,13132551,away,3,2,1,0,0,0,0,1,0,0,1,0,1
26480161,13132593,home,3,0,1,0,0,0,1,0,0,0,0,0,0
26480161,13132552,home,3,1,0,0,0,0,0,0,2,2,0,0,0
26480161,13132553,home,4,0,3,0,0,0,1,0,1,0,0,0,0
26480161,13132554,home,0,0,0,0,0,0,0,0,0,0,0,0,0
26480161,13132592,home,0,0,0,0,0,0,0,0,0,0,0,0,0
26480161,13132555,home,4,2,2,1,0,0,2,0,0,0,0,0,0
26480161,13132556,home,4,2,2,0,0,0,1,0,1,0,2,0,0
26480161,13132557,home,4,2,2,0,0,1,2,0,0,0,0,0,1
26480161,13132558,home,0,0,0,0,0,0,0,0,0,0,0,0,0
26480161,13132559,home,4,0,1,1,0,0,1,0,0,0,0,0,0
26480161,13133305,home,3,1,0,0,0,0,1,1,1,0,0,0,0
26480161,13132560,home,3,1,1,0,0,0,0,1,0,0,0,0,0
26480161,13133332,home,3,1,0,0,0,0,1,1,0,0,0,0,0
26480161,13132563,home,4,2,2,0,0,0,0,0,1,0,0,0,0
26480159,13132480,away,4,0,1,0,0,0,1,0,0,0,0,0,0
26480159,13132481,away,1,0,1,0,0,0,2,3,0,0,0,0,0
26480159,13145621,away,2,3,1,0,0,0,2,2,0,0,0,0,0
26480159,13132483,away,2,4,1,0,0,0,2,2,0,0,1,0,0
26480159,13132604,away,4,1,2,0,0,0,0,0,0,0,0,0,0
26480159,13132482,away,3,1,0,0,0,0,1,1,1,0,0,0,0
26480159,13132484,away,4,1,1,0,0,0,0,0,0,0,0,0,1
26480159,13132486,away,2,2,2,0,0,0,1,2,0,0,0,0,0
26480159,13132487,away,3,1,0,0,0,0,0,1,1,0,1,0,0
26480159,13132488,away,3,1,1,0,0,0,2,1,1,0,0,0,0
26480159,13132490,away,2,0,0,0,0,0,2,2,1,0,0,0,0
26480159,13132491,away,3,2,1,0,0,0,0,1,1,0,0,0,1
26480159,13132492,home,1,1,0,0,0,0,0,1,0,1,0,0,0
26480159,13132493,home,2,1,1,0,0,0,0,1,0,0,0,0,0
26480159,13132602,home,3,1,1,0,0,0,0,0,0,0,2,0,0
26480159,13132494,home,2,1,2,0,0,0,0,1,0,0,1,0,0
26480159,13132495,home,4,2,3,0,0,0,0,0,0,0,0,0,0
26480159,13132496,home,3,0,1,0,0,0,0,0,1,0,0,0,0
26480159,13132497,home,3,0,1,0,0,0,1,0,1,0,0,0,0
26480159,13132498,home,2,1,0,0,0,0,0,1,0,0,0,0,0
26480159,13132499,home,2,0,0,0,0,0,0,1,0,0,0,0,0
26480159,13132601,home,3,0,0,0,0,0,0,0,0,0,0,0,1
26480159,13132500,home,2,1,0,1,0,0,2,1,0,0,1,0,0
26480159,13132501,home,0,1,2,0,0,0,1,0,0,0,0,0,0
26480159,13132502,home,3,0,1,0,0,0,0,0,1,0,0,0,1
26480159,13132504,home,3,0,0,0,0,0,0,0,0,0,0,0,0
26480159,13132505,home,2,1,0,0,0,0,1,1,1,0,0,0,0
26480165,13132552,away,4,0,0,0,0,0,0,0,2,0,0,0,1
26480165,13132553,away,4,1,1,0,0,0,0,0,2,0,0,0,0
26480165,13132592,away,4,2,3,0,0,0,1,0,0,0,1,0,0
26480165,13132556,away,5,1,2,0,0,0,1,0,1,0,0,0,0
26480165,13132558,away,3,0,0,0,0,0,0,0,0,0,0,0,0
26480165,13132560,away,4,1,2,0,0,0,1,0,0,0,0,0,0
26480165,13132479,home,3,0,2,0,0,0,2,1,0,0,1,0,0
26480165,13132480,home,5,3,1,0,1,0,0,0,0,0,0,0,0
26480165,13132481,home,3,1,0,1,0,0,0,1,2,0,0,0,0
26480165,13145621,home,3,0,1,0,0,0,0,1,1,0,0,0,0
26480165,13132483,home,3,2,3,0,0,0,1,0,0,0,1,1,0
26480165,13132604,home,4,2,3,0,0,0,3,0,0,0,2,0,0
26480165,13132482,home,2,0,0,0,0,0,1,1,0,0,0,1,0
26480165,13132486,home,4,1,1,0,0,0,1,0,0,0,1,0,0
26480165,13132603,home,3,1,2,0,0,0,1,1,0,0,0,0,0
26480165,13132487,home,4,2,1,2,0,0,2,0,0,0,0,0,0
26480165,13132488,home,4,0,1,0,0,0,1,0,1,0,0,0,0
26480165,13132491,home,4,1,3,0,0,0,3,0,0,0,0,0,0
26480166,13132493,away,6,1,2,0,0,0,0,0,2,0,0,0,0
26480166,13132602,away,4,3,2,0,0,0,1,2,1,0,0,0,0
26480166,13132495,away,7,3,2,2,0,0,2,0,2,0,1,0,0
26480166,13132496,away,5,4,3,0,0,0,1,1,0,0,0,0,0
26480166,13132498,away,6,3,5,0,0,0,3,1,0,0,1,0,0
26480166,13132499,away,3,0,1,0,0,0,0,0,1,0,0,0,0
26480166,13132502,away,6,0,3,0,0,0,1,0,0,0,0,0,0
26480166,13132503,away,5,2,2,0,0,0,1,1,1,0,0,0,0
26480166,13132504,away,6,1,5,0,0,0,3,0,0,0,0,0,0
26480166,13132505,away,7,1,3,0,0,0,2,0,1,0,0,0,0
26480166,13132506,home,4,1,2,0,0,0,0,0,0,1,0,0,0
26480166,13132507,home,3,2,0,0,0,0,1,0,0,0,0,0,0
26480166,13132509,home,2,1,1,0,0,0,0,2,0,0,0,0,0
26480166,13132511,home,5,2,1,1,0,0,1,0,0,0,0,0,0
26480166,13132512,home,4,1,3,0,0,0,2,0,1,0,2,0,0
26480166,13132514,home,4,1,0,1,0,0,0,1,0,0,1,0,0
26480166,13132515,home,3,1,1,0,0,0,0,2,0,0,2,0,0
26480166,13132517,home,4,1,0,0,0,0,2,0,1,0,0,0,0
26480166,13132598,home,3,1,1,0,0,0,0,1,0,0,0,0,0
26480164,13132523,away,4,0,1,0,0,0,2,0,0,0,0,0,0
26480164,13132524,away,4,2,2,0,0,0,0,0,0,0,1,0,0
26480164,13132525,away,4,0,1,0,0,0,0,0,2,0,0,0,0
26480164,13132526,away,5,0,1,0,0,0,0,0,2,0,0,0,0
26480164,13132527,away,2,0,0,0,0,0,1,1,0,0,0,1,0
26480164,13132528,away,0,0,0,0,0,0,0,0,0,0,0,0,0
26480164,13132529,away,4,2,1,0,0,0,0,0,0,0,1,0,0
26480164,13132530,away,3,2,1,0,0,0,0,0,0,1,0,0,0
26480164,13132531,away,4,0,0,1,0,0,5,0,0,0,0,0,0
26480164,13132596,away,0,0,0,0,0,0,0,0,0,0,0,0,0
26480164,13132533,away,3,0,2,0,0,0,1,1,1,0,0,0,0
26480164,13132534,away,3,2,1,1,0,0,1,1,0,0,0,0,1
26480164,13132535,away,2,2,1,0,0,0,0,0,1,0,0,0,0
26480164,13132532,away,3,0,2,1,0,0,0,0,1,0,0,0,0
26480164,13132536,away,3,2,1,0,0,0,0,0,1,0,0,0,0
26480164,13132540,home,4,2,1,0,0,0,0,0,1,0,0,0,0
26480164,13132542,home,3,1,1,0,0,0,0,1,0,0,1,0,0
26480164,13132594,home,3,0,2,0,0,0,0,1,0,0,0,0,0
26480164,13132595,home,4,0,1,0,0,0,0,0,0,0,0,0,1
26480164,13132541,home,3,1,1,0,0,0,0,1,0,0,0,0,0
26480164,13132544,home,4,1,3,0,0,0,2,0,0,0,0,0,0
26480164,13132543,home,0,0,0,0,0,0,0,0,0,0,0,0,0
26480164,13132545,home,4,0,0,0,0,0,0,0,0,0,0,0,0
26480164,13132546,home,0,0,0,0,0,0,0,0,0,0,0,0,0
26480164,13139962,home,3,1,1,0,0,0,0,1,0,0,0,0,1
26480164,13132547,home,4,2,1,0,0,0,0,1,1,0,1,0,1
26480164,13132548,home,3,2,1,0,1,0,0,0,1,0,0,0,0
26480164,13132549,home,1,0,0,0,0,0,1,3,0,0,0,0,0
26480164,13132550,home,4,0,0,0,0,0,1,0,0,1,0,0,0
26480164,13132551,home,3,1,3,0,0,0,0,0,0,0,0,0,0
26480176,13132523,away,2,0,0,0,0,0,0,0,1,0,0,0,0
26480176,13132525,away,3,1,1,0,0,0,0,0,1,0,0,0,0
26480176,13132526,away,4,0,2,0,0,0,2,0,0,0,2,0,0
26480176,13132528,away,3,0,1,0,0,0,0,0,0,0,0,0,0
26480176,13132530,away,3,0,0,0,0,0,0,0,0,0,0,0,0
26480176,13132531,away,2,0,0,0,0,0,0,1,0,0,0,0,0
26480176,13132533,away,4,0,4,0,0,0,0,0,1,0,0,0,0
26480176,13132534,away,2,0,0,0,0,0,0,1,1,0,0,0,0
26480176,13132535,away,2,0,0,0,0,0,0,1,1,0,0,0,0
26480176,13132532,away,3,1,1,1,0,0,0,0,1,0,0,0,0
26480176,13132492,home,2,3,2,0,0,0,0,1,0,0,0,0,0
26480176,13132493,home,1,1,0,0,0,0,1,2,0,0,0,0,0
26480176,13132602,home,3,1,0,0,0,0,0,1,0,0,0,0,0
26480176,13132494,home,4,1,2,0,0,0,2,0,0,0,1,0,0
26480176,13132495,home,4,2,4,0,0,0,2,0,0,0,1,0,0
26480176,13132496,home,3,1,2,0,0,0,1,1,0,0,0,0,0
26480176,13132497,home,1,0,0,0,0,0,0,2,0,0,0,0,0
26480176,13132498,home,3,1,1,1,0,0,2,0,1,0,0,0,0
26480176,13132499,home,2,1,2,0,0,0,1,1,0,0,0,0,0
26480176,13132601,home,3,1,0,1,0,0,2,0,0,0,0,0,0
26480176,13132500,home,2,1,1,0,0,0,3,1,0,0,0,0,1
26480176,13132501,home,2,1,0,0,0,0,0,1,2,0,0,0,0
26480176,13132502,home,2,2,1,0,0,0,0,1,0,0,0,0,0
26480176,13132504,home,3,2,2,0,0,0,1,0,0,0,0,0,0
26480176,13132505,home,3,1,2,0,0,0,1,0,0,0,0,0,0
26480175,13132540,away,3,1,1,0,0,0,0,1,0,0,1,0,1
26480175,13132542,away,2,1,1,0,0,0,1,2,0,0,0,0,0
26480175,13132594,away,4,0,2,0,0,0,0,0,0,0,0,0,0
26480175,13132595,away,4,0,1,0,0,0,0,0,0,0,0,0,0
26480175,13132541,away,2,2,1,0,0,0,0,1,0,1,1,0,0
26480175,13132544,away,4,1,0,0,0,0,0,0,1,0,0,0,1
26480175,13132543,away,2,1,1,0,0,0,0,2,0,0,0,0,0
26480175,13132545,away,2,1,1,0,0,0,0,1,0,0,0,0,0
26480175,13139962,away,0,0,0,0,0,0,0,0,0,0,0,0,0
26480175,13132547,away,4,0,2,0,0,0,0,0,0,0,1,0,0
26480175,13132548,away,4,2,3,1,0,0,4,0,0,0,1,0,0
26480175,13132549,away,0,0,0,0,0,0,0,0,0,0,0,0,0
26480175,13132550,away,2,0,0,0,0,0,0,0,0,0,0,0,0
26480175,13132551,away,4,1,1,0,0,0,0,0,2,0,0,0,0
26480175,13132479,home,3,2,1,0,0,0,1,0,0,0,0,0,2
26480175,13132480,home,3,1,1,0,0,0,1,0,0,0,0,1,0
26480175,13132481,home,2,0,0,0,0,0,0,1,1,0,0,0,0
26480175,13145621,home,3,2,2,0,0,0,0,0,0,0,1,0,0
26480175,13132483,home,4,3,3,1,0,0,0,0,0,0,1,0,0
26480175,13132604,home,4,2,3,0,0,0,3,0,0,0,1,0,0
26480175,13132482,home,4,0,2,0,0,0,4,0,0,0,1,0,0
26480175,13132484,home,0,0,0,0,0,0,0,0,0,0,0,0,0
26480175,13132486,home,3,0,1,0,0,0,2,0,0,0,0,0,0
26480175,13132603,home,3,0,0,0,0,0,0,0,0,0,0,0,0
26480175,13132487,home,4,3,1,1,0,0,0,0,0,0,2,0,0
26480175,13132488,home,0,0,0,0,0,0,0,0,0,0,0,0,0
26480175,13132489,home,0,0,0,0,0,0,0,0,0,0,0,0,0
26480175,13132490,home,4,1,2,0,0,0,0,0,0,0,0,0,0
26480175,13132491,home,3,0,0,0,0,0,0,0,0,0,0,0,1
26480174,13132506,away,4,1,1,0,0,0,1,0,1,1,0,0,1
26480174,13132507,away,5,1,1,0,0,0,1,0,0,0,1,0,0
26480174,13132508,away,4,1,2,0,0,0,2,1,0,0,0,0,0
26480174,13132512,away,5,3,3,0,0,0,0,0,0,0,4,0,1
26480174,13132514,away,4,2,2,0,0,0,0,1,1,0,0,0,1
26480174,13132515,away,4,1,2,0,0,0,1,1,2,0,2,0,0
26480174,13132517,away,5,1,1,0,0,0,0,0,2,0,0,0,0
26480174,13132518,away,5,1,2,0,0,0,0,0,1,0,0,0,0
26480174,13132593,home,3,0,0,0,0,0,0,0,1,0,0,0,0
26480174,13132552,home,3,0,0,0,0,0,0,0,1,0,0,0,0
26480174,13132554,home,4,2,2,0,0,0,0,0,0,0,0,0,0
26480174,13132555,home,3,0,0,0,0,0,1,0,0,0,0,0,0
26480174,13132556,home,4,1,0,1,0,0,0,0,1,0,1,0,1
26480174,13132557,home,3,0,1,1,0,0,1,0,0,0,0,0,0
26480174,13132558,home,3,0,2,0,0,0,0,0,0,0,0,0,0
26480174,13132559,home,3,1,2,0,0,0,0,0,0,0,3,0,1
26480174,13132560,home,3,0,0,0,0,0,0,0,0,0,1,0,1
26480174,13133332,home,3,1,1,0,0,0,1,0,1,0,0,0,1
26480174,13132563,home,3,0,0,0,0,0,0,0,0,0,0,0,0
26480177,13132593,away,3,0,0,0,0,0,0,0,1,0,0,0,0
26480177,13132552,away,3,0,0,0,0,0,0,0,1,1,0,0,0
26480177,13132553,away,4,1,1,0,0,0,0,0,2,0,0,0,0
26480177,13132592,away,4,0,2,0,0,0,1,0,1,0,0,0,0
26480177,13132555,away,3,3,1,0,1,0,1,1,0,0,0,0,0
26480177,13132556,away,4,1,3,0,0,0,0,0,0,0,0,0,0
26480177,13132557,away,4,3,2,1,0,0,3,0,0,0,0,0,0
26480177,13132559,away,4,1,3,0,0,0,3,0,0,0,0,0,0
26480177,13133305,away,4,0,2,0,0,0,1,0,1,0,0,0,0
26480177,13132560,away,3,0,2,0,0,0,0,1,0,0,0,0,0
26480177,13132563,away,4,0,0,0,0,0,0,0,1,0,0,0,0
26480177,13132492,home,2,3,1,0,0,0,0,1,0,0,0,0,0
26480177,13132493,home,1,2,0,0,0,0,0,2,0,0,0,0,0
26480177,13132602,home,3,1,2,0,0,0,4,0,0,0,0,1,0
26480177,13132494,home,4,1,1,1,0,0,4,0,2,0,0,0,0
26480177,13132495,home,2,3,1,1,0,0,2,2,0,0,2,0,0
26480177,13132496,home,2,1,1,0,0,0,0,0,0,0,0,0,0
26480177,13132498,home,3,2,3,0,0,0,2,1,0,0,0,0,0
26480177,13132499,home,2,0,0,0,0,0,0,1,1,0,0,0,0
26480177,13132601,home,4,0,2,0,0,0,1,0,1,0,0,0,0
26480177,13132500,home,3,0,0,0,0,0,0,0,2,0,0,0,0
26480177,13132501,home,0,0,0,0,0,0,0,0,0,0,0,0,0
26480177,13132502,home,3,0,0,0,0,0,0,0,1,0,0,0,0
26480177,13132505,home,3,0,0,0,1,0,0,0,2,0,0,0,0
26480178,13132479,away,0,0,0,0,0,0,0,0,0,0,0,0,0
26480178,13132480,away,4,3,3,0,0,0,1,1,0,0,2,0,0
26480178,13132481,away,4,0,0,0,0,0,0,0,2,0,0,0,0
26480178,13145621,away,0,0,0,0,0,0,0,0,0,0,0,0,0
26480178,13132483,away,5,3,2,0,1,0,1,0,0,0,2,0,1
26480178,13132604,away,5,4,2,0,0,0,4,0,0,0,2,0,2
26480178,13132482,away,4,2,2,0,0,0,3,0,0,0,3,0,1
26480178,13132484,away,4,2,3,0,0,0,4,0,0,0,0,0,0
26480178,13132486,away,4,0,2,0,0,0,2,0,0,0,2,0,1
26480178,13132603,away,4,1,1,0,0,0,0,0,0,0,1,0,1
26480178,13132487,away,4,1,2,0,1,0,1,0,0,0,0,0,0
26480178,13132488,away,3,1,0,0,1,0,0,0,1,1,0,0,0
26480178,13132489,away,0,0,0,0,0,0,0,0,0,0,0,0,0
26480178,13132491,away,4,1,0,1,0,0,2,0,1,0,0,0,0
26480178,13132523,home,4,2,2,0,0,0,0,0,0,0,1,0,0
26480178,13132525,home,3,0,0,1,0,0,0,0,0,0,0,0,0
26480178,13132526,home,4,1,3,0,0,0,1,0,0,0,0,0,0
26480178,13132527,home,4,1,1,1,0,0,0,0,1,0,0,0,0
26480178,13132528,home,4,0,2,0,0,0,1,0,1,0,0,0,0
26480178,13132529,home,4,2,2,1,0,0,1,0,0,0,0,0,0
26480178,13132530,home,3,0,0,0,0,0,0,0,0,0,0,0,0
26480178,13132531,home,3,1,2,0,0,0,2,0,1,0,0,0,0
26480178,13132596,home,0,0,0,0,0,0,0,0,0,0,0,0,0
26480178,13132533,home,2,1,0,0,0,0,0,2,2,0,1,0,0
26480178,13132534,home,4,2,1,1,1,0,1,0,0,0,0,0,0
26480178,13132535,home,0,0,0,0,0,0,0,0,0,0,0,0,0
26480178,13132532,home,3,0,0,0,0,0,1,1,0,0,0,0,0
26480179,13132507,away,4,1,1,0,0,0,0,0,1,1,0,0,0
26480179,13132508,away,3,2,1,0,0,0,0,1,0,0,2,0,1
26480179,13132509,away,4,1,0,0,0,0,0,1,1,0,0,0,1
26480179,13132510,away,0,0,0,0,0,0,0,0,0,0,0,0,0
26480179,13132511,away,3,2,3,0,0,0,2,1,0,1,2,0,0
26480179,13132512,away,5,0,0,0,0,0,0,1,0,0,0,0,0
26480179,13132513,away,0,0,0,0,0,0,0,0,0,0,0,0,0
26480179,13132514,away,0,0,0,0,0,0,0,0,0,0,0,0,0
26480179,13132515,away,5,1,2,0,0,0,0,0,1,0,0,0,0
26480179,13132517,away,5,0,0,0,0,0,0,1,2,0,1,0,0
26480179,13132599,away,4,3,3,0,0,0,3,1,0,0,2,0,0
26480179,13132598,away,3,0,0,0,0,0,0,2,1,0,0,0,0
26480179,13132518,away,3,2,1,0,0,0,0,2,0,1,0,0,0
26480179,13132519,away,0,0,0,0,0,0,0,0,0,0,0,0,0
26480179,13132542,home,0,0,0,0,0,0,0,0,0,0,0,0,0
26480179,13132594,home,0,0,0,0,0,0,0,0,0,0,0,0,0
26480179,13132595,home,6,1,1,0,0,0,1,0,1,0,3,0,1
26480179,13132541,home,5,1,2,1,0,0,2,1,0,0,2,0,0
26480179,13132544,home,6,2,3,0,0,0,2,0,1,0,0,0,1
26480179,13132543,home,0,0,0,0,0,0,0,0,0,0,0,0,0
26480179,13132545,home,5,0,0,0,0,0,0,1,1,0,1,0,0
26480179,13139962,home,6,1,0,0,0,0,0,0,1,0,0,0,1
26480179,13132547,home,0,0,0,0,0,0,0,0,0,0,0,0,0
26480179,13132548,home,0,0,0,0,0,0,0,0,0,0,0,0,0
26480179,13132549,home,5,1,1,1,0,0,2,1,1,0,0,0,0
26480179,13132550,home,5,3,3,1,0,0,0,1,0,0,1,0,1
26480179,13132551,home,4,1,1,0,0,0,0,1,1,1,0,0,1
26480180,13132479,away,0,0,0,0,0,0,0,0,0,0,0,0,0
26480180,13132480,away,5,1,0,0,0,0,0,1,0,0,0,0,0
26480180,13132481,away,3,1,1,0,0,0,0,2,1,0,0,0,0
26480180,13145621,away,4,1,1,0,0,0,0,1,1,0,0,0,0
26480180,13132483,away,4,4,2,0,0,0,3,1,0,1,0,0,0
26480180,13132604,away,5,3,3,1,0,0,7,0,0,0,0,0,0
26480180,13132482,away,5,2,2,0,0,0,3,0,0,0,0,0,1
26480180,13132484,away,5,2,4,0,0,0,1,0,1,0,0,0,0
26480180,13132486,away,5,3,3,1,0,0,1,1,0,0,0,0,0
26480180,13132603,away,3,1,1,0,0,0,0,2,1,0,0,0,0
26480180,13132488,away,0,0,0,0,0,0,0,0,0,0,0,0,0
26480180,13132490,away,5,1,4,0,0,0,4,0,0,0,0,0,0
26480180,13132508,home,5,1,2,0,1,0,2,0,0,0,0,0,0
26480180,13132509,home,0,0,0,0,0,0,0,0,0,0,0,0,0
26480180,13132510,home,0,0,0,0,0,0,0,0,0,0,0,0,0
26480180,13132511,home,6,1,3,0,0,0,2,0,2,0,0,0,0
26480180,13132512,home,6,3,2,1,0,0,2,0,0,0,0,0,1
26480180,13132513,home,5,1,1,0,0,0,0,0,2,0,0,0,0
26480180,13132514,home,4,4,4,0,0,0,2,1,0,0,2,0,0
26480180,13132515,home,5,0,0,1,0,0,1,1,1,0,0,0,0
26480180,13132517,home,0,0,0,0,0,0,0,0,0,0,0,0,0
26480180,13132599,home,5,3,3,0,0,0,0,0,0,0,1,0,0
26480180,13132598,home,4,1,2,0,0,0,2,1,0,0,0,0,0
26480180,13132518,home,0,0,0,0,0,0,0,0,0,0,0,0,0
26480180,13132519,home,6,2,1,1,0,0,2,0,0,0,0,0,0
26480182,13132593,away,4,2,2,0,0,0,0,2,0,0,0,0,0
26480182,13132553,away,0,0,0,0,0,0,0,0,0,0,0,0,0
26480182,13132554,away,6,3,2,2,0,0,2,0,0,0,1,0,0
26480182,13132592,away,5,3,3,0,0,0,4,1,0,0,2,0,0
26480182,13132555,away,5,2,2,1,0,0,4,1,0,0,1,0,0
26480182,13132556,away,5,3,2,0,0,0,1,0,0,1,3,0,0
26480182,13132557,away,4,2,3,0,0,0,1,0,0,1,0,1,0
26480182,13132558,away,0,0,0,0,0,0,0,0,0,0,0,0,0
26480182,13132559,away,7,1,2,0,0,0,2,0,0,0,0,0,0
26480182,13133305,away,0,0,0,0,0,0,0,0,0,0,0,0,0
26480182,13132560,away,5,3,3,1,0,0,2,1,0,0,1,0,0
26480182,13133332,away,6,1,2,1,0,0,3,0,0,0,1,0,0
26480182,13132563,away,4,0,2,0,0,0,1,0,0,1,0,1,0
26480182,13132523,home,5,2,3,0,0,0,2,0,0,0,1,0,0
26480182,13132524,home,3,3,2,0,0,0,0,1,0,0,2,0,1
26480182,13132526,home,4,0,2,0,0,0,1,0,2,0,1,0,0
26480182,13132528,home,4,0,2,0,0,0,0,0,2,0,0,0,0
26480182,13132529,home,4,1,0,0,0,0,1,1,0,0,0,1,0
26480182,13132530,home,4,2,2,1,0,0,1,0,0,0,1,0,0
26480182,13132531,home,4,0,1,0,0,0,0,0,0,0,0,0,1
26480182,13132596,home,0,0,0,0,0,0,0,0,0,0,0,0,0
26480182,13132533,home,4,1,1,0,0,0,0,0,0,0,2,0,0
26480182,13132534,home,4,1,1,0,0,0,1,1,0,0,0,0,0
26480182,13132535,home,3,1,1,0,0,0,0,2,0,0,2,0,0
26480182,13132536,home,4,0,2,0,0,0,2,0,0,1,0,0,0
26480181,13132540,away,4,0,1,0,0,0,0,0,0,0,0,0,0
26480181,13132542,away,5,0,0,0,0,0,0,0,2,0,0,0,0
26480181,13132594,away,4,0,1,0,0,0,1,1,0,0,0,0,0
26480181,13132595,away,4,2,2,0,0,0,0,1,1,0,0,0,0
26480181,13132544,away,5,1,2,0,0,0,2,0,0,0,0,0,0
26480181,13132545,away,5,0,2,0,0,0,0,0,1,0,0,0,0
26480181,13139962,away,4,2,3,0,0,0,3,1,0,0,0,0,0
26480181,13132547,away,2,0,1,0,0,0,0,0,0,1,1,0,0
26480181,13132548,away,3,1,0,0,0,0,0,1,1,0,2,0,0
26480181,13132549,away,4,0,0,0,0,0,0,0,1,0,0,0,1
26480181,13132492,home,3,0,0,0,0,0,0,0,3,0,0,0,0
26480181,13132493,home,3,0,0,0,0,0,0,0,1,0,0,0,0
26480181,13132602,home,1,1,0,0,0,0,0,2,0,0,3,0,0
26480181,13132494,home,3,0,1,0,0,0,2,0,1,0,0,0,0
26480181,13132495,home,3,1,2,0,0,0,0,0,0,0,1,0,0
26480181,13132496,home,2,0,0,0,0,0,0,1,0,0,0,0,0
26480181,13132498,home,2,3,1,0,0,0,0,0,0,0,3,0,0
26480181,13132499,home,3,0,0,0,0,0,0,0,1,0,0,0,0
26480181,13132601,home,3,0,1,0,0,0,1,0,0,0,1,0,0
26480181,13132500,home,3,0,0,0,0,0,0,0,1,0,0,0,0
26480181,13132501,home,2,1,1,0,0,0,0,1,0,0,0,0,0
26480181,13132504,home,3,0,2,0,0,0,1,0,0,0,0,0,0
26480181,13132505,home,3,2,2,0,0,0,2,0,1,0,0,0,0
26480199,13132479,away,1,0,0,0,0,0,0,0,1,0,0,0,0
26480199,13132481,away,3,1,2,0,0,0,0,1,0,0,0,0,0
26480199,13132604,away,4,0,2,0,0,0,0,0,0,0,0,0,0
26480199,13132482,away,4,0,0,0,0,0,0,0,1,0,0,0,1
26480199,13132484,away,3,0,0,0,0,0,0,1,0,0,0,0,1
26480199,13132486,away,4,0,0,0,0,0,0,0,2,0,0,0,0
26480199,13132603,away,2,1,1,0,0,0,1,1,1,0,0,0,0
26480199,13132487,away,4,0,1,0,0,0,0,0,0,0,0,0,0
26480199,13132488,away,4,0,0,0,0,0,0,0,1,0,0,0,0
26480199,13132491,away,3,1,1,0,0,0,0,1,1,0,0,0,0
26480199,13132593,home,3,1,0,0,0,0,1,0,2,0,0,0,0
26480199,13132552,home,2,1,0,0,0,0,0,0,1,1,0,0,0
26480199,13132553,home,1,2,1,0,0,0,0,2,0,0,0,0,0
26480199,13132554,home,3,2,3,0,0,0,2,1,0,0,1,0,0
26480199,13132592,home,3,1,2,0,0,0,0,0,0,0,0,0,0
26480199,13132555,home,3,1,1,0,0,0,3,1,1,0,0,0,0
26480199,13132556,home,2,2,0,0,0,0,0,2,1,0,0,0,0
26480199,13132557,home,3,1,1,1,0,0,3,0,0,1,0,0,0
26480199,13132559,home,3,0,1,0,0,0,0,0,0,0,1,0,0
26480199,13133305,home,3,2,2,0,0,0,2,0,1,0,0,0,0
26480199,13132560,home,3,0,1,0,0,0,2,0,0,0,0,0,0
26480199,13132563,home,2,2,1,0,0,0,1,1,0,0,1,0,0
26480198,13132507,away,3,0,0,0,0,0,0,0,2,0,0,0,0
26480198,13132508,away,3,1,0,1,0,0,0,0,0,0,0,0,0
26480198,13132509,away,2,1,0,0,0,0,0,1,0,0,0,0,0
26480198,13132510,away,2,0,1,0,0,0,0,0,0,0,0,0,0
26480198,13132511,away,2,1,1,0,0,0,1,0,0,1,0,0,0
26480198,13132512,away,3,1,0,0,0,0,0,0,0,0,2,0,1
26480198,13132513,away,1,0,0,0,0,0,0,1,1,0,0,0,0
26480198,13132514,away,2,1,1,0,0,0,1,1,0,0,0,0,0
26480198,13132515,away,3,0,1,0,0,0,0,0,1,0,0,0,0
26480198,13132517,away,2,0,0,0,0,0,0,0,0,0,0,0,0
26480198,13132599,away,3,2,2,0,0,0,0,0,0,0,2,0,1
26480198,13132598,away,3,0,0,0,0,0,0,0,0,0,0,0,0
26480198,13132518,away,2,1,1,0,0,0,1,1,0,0,0,0,0
26480198,13132519,away,2,2,1,0,0,0,0,2,1,0,0,0,0
26480198,13132602,home,3,3,1,0,0,1,2,1,0,0,1,0,0
26480198,13132494,home,4,3,0,1,0,0,0,1,0,0,1,0,2
26480198,13132495,home,4,3,2,0,0,0,0,1,0,0,2,0,0
26480198,13132496,home,2,1,0,0,0,0,0,1,0,1,1,0,0
26480198,13132498,home,3,2,2,0,0,0,1,1,0,0,1,0,0
26480198,13132500,home,2,2,0,1,0,0,2,1,1,1,0,0,0
26480198,13132501,home,3,1,0,0,0,0,0,1,3,0,0,0,0
26480198,13132504,home,4,0,2,0,0,0,3,0,0,0,0,0,1
26480198,13132505,home,4,1,1,0,0,0,0,0,0,0,1,0,1
26766205,13132506,away,2,3,1,0,0,0,0,2,0,0,0,0,0
26766205,13132507,away,3,1,0,0,0,0,1,1,1,0,0,0,0
26766205,13132508,away,3,0,2,0,0,0,1,1,0,0,0,0,0
26766205,13132509,away,4,0,0,0,0,0,0,0,0,0,0,0,0
26766205,13132510,away,2,2,1,0,0,0,1,2,1,0,0,0,0
26766205,13132511,away,3,2,1,0,0,0,1,1,1,0,2,0,0
26766205,13132512,away,4,2,1,2,0,0,1,0,0,1,4,0,0
26766205,13132513,away,4,0,1,0,0,0,1,0,2,0,0,0,0
26766205,13132514,away,3,1,2,0,0,0,1,1,0,0,0,0,0
26766205,13132515,away,4,0,0,0,0,0,1,0,1,0,0,0,0
26766205,13132517,away,0,0,0,0,0,0,0,0,0,0,0,0,0
26766205,13132599,away,4,0,1,0,0,0,1,0,0,0,2,0,0
26766205,13132598,away,3,1,2,0,0,0,3,0,0,0,1,0,0
26766205,13132518,away,3,1,0,0,0,0,0,1,1,0,0,0,0
26766205,13132519,away,3,1,0,0,0,0,0,2,1,0,1,0,0
26766205,13132593,home,0,0,0,0,0,0,0,0,0,0,0,0,0
26766205,13132552,home,5,0,1,0,0,0,0,0,1,0,1,0,0
26766205,13132553,home,5,0,2,0,0,0,2,0,1,0,0,0,0
26766205,13132554,home,6,2,1,0,0,0,0,0,1,0,1,0,1
26766205,13132592,home,5,2,3,0,0,0,3,0,0,0,1,0,0
26766205,13132555,home,0,0,0,0,0,0,0,0,0,0,0,0,0
26766205,13132556,home,6,0,1,0,0,0,0,0,0,0,1,0,0
26766205,13132557,home,4,1,1,0,0,0,0,0,0,1,0,0,0
26766205,13132558,home,3,3,2,0,0,0,0,1,0,1,1,0,0
26766205,13133305,home,5,0,1,1,0,0,1,0,1,0,0,0,0
26766205,13132560,home,3,2,2,0,0,0,3,1,0,0,0,1,0
26766205,13133332,home,2,1,1,0,0,0,0,2,1,1,0,0,0
26766205,13132563,home,4,0,2,0,0,0,2,1,0,0,0,0,0
26766207,13132540,away,0,0,0,0,0,0,0,0,0,0,0,0,0
26766207,13132542,away,2,1,0,0,0,0,0,1,1,0,0,0,0
26766207,13132594,away,3,0,0,0,0,0,0,0,0,0,0,0,0
26766207,13132595,away,2,2,1,0,0,0,1,1,0,0,0,0,0
26766207,13132541,away,2,1,0,1,0,0,0,3,0,0,0,0,0
26766207,13132544,away,2,0,2,0,0,0,3,0,1,0,0,0,0
26766207,13132543,away,3,0,2,0,0,0,1,0,1,0,0,0,0
26766207,13132545,away,3,1,0,0,0,0,0,0,1,0,0,0,0
26766207,13132546,away,0,0,0,0,0,0,0,0,0,0,0,0,0
26766207,13139962,away,3,0,2,0,0,0,1,0,0,0,0,0,0
26766207,13132547,away,3,0,0,0,0,0,0,0,0,0,0,0,0
26766207,13132548,away,3,2,2,0,0,0,1,0,0,0,1,0,0
26766207,13132549,away,4,1,1,0,0,0,0,0,1,0,2,0,0
26766207,13132550,away,3,0,1,0,0,0,0,0,1,1,0,0,0
26766207,13132551,away,0,0,0,0,0,0,0,0,0,0,0,0,0
26766207,13132479,home,0,0,0,0,0,0,0,0,0,0,0,0,0
26766207,13132480,home,0,0,0,0,0,0,0,0,0,0,0,0,0
26766207,13132481,home,4,1,0,0,0,0,0,0,1,1,0,0,0
26766207,13145621,home,4,1,2,0,0,0,0,1,1,0,0,0,0
26766207,13132483,home,5,4,3,1,0,0,0,1,1,0,2,0,0
26766207,13132604,home,6,5,3,2,0,0,4,0,1,0,0,0,0
26766207,13132482,home,6,2,2,1,0,0,1,0,0,0,0,0,0
26766207,13132484,home,4,5,1,0,1,0,1,0,0,1,1,0,1
26766207,13132485,home,0,0,0,0,0,0,0,0,0,0,0,0,0
26766207,13132486,home,5,0,1,0,0,0,0,0,1,0,0,0,1
26766207,13132603,home,0,0,0,0,0,0,0,0,0,0,0,0,0
26766207,13132487,home,6,2,3,0,0,0,0,0,0,0,0,0,1
26766207,13132488,home,0,0,0,0,0,0,0,0,0,0,0,0,0
26766207,13132489,home,0,0,0,0,0,0,0,0,0,0,0,0,0
26766207,13132490,home,5,4,3,0,0,0,0,1,0,0,0,0,1
26766207,13132491,home,5,0,2,0,0,0,2,0,2,0,0,0,0
26766206,13132525,away,2,0,1,0,0,0,0,0,1,0,0,0,0
26766206,13132527,away,5,1,1,1,0,0,1,0,1,0,0,0,0
26766206,13132528,away,5,0,1,0,0,0,0,0,1,0,0,0,0
26766206,13132530,away,0,0,0,0,0,0,0,0,0,0,0,0,0
26766206,13132531,away,4,1,1,0,0,0,0,0,0,0,0,0,0
26766206,13132596,away,0,0,0,0,0,0,0,0,0,0,0,0,0
26766206,13132533,away,4,1,1,0,0,0,0,1,1,0,1,0,0
26766206,13132534,away,5,1,0,1,0,0,0,0,1,0,0,0,0
26766206,13132535,away,5,0,3,0,0,0,0,0,0,0,2,0,0
26766206,13132532,away,4,0,3,0,0,0,0,1,1,0,0,0,0
26766206,13132536,away,5,1,2,0,0,0,0,0,1,0,0,0,0
26766206,13132492,home,4,0,0,0,0,0,0,0,0,0,0,0,0
26766206,13132493,home,2,0,1,0,0,0,0,1,0,0,1,0,0
26766206,13132602,home,4,3,2,1,0,0,2,0,1,0,1,0,0
26766206,13132494,home,4,0,1,1,0,0,3,0,1,0,1,0,0
26766206,13132495,home,4,2,2,0,0,0,0,0,1,0,2,0,0
26766206,13132496,home,4,3,3,0,0,0,4,0,0,0,0,0,0
26766206,13132498,home,2,3,1,1,0,0,1,2,0,0,2,0,0
26766206,13132499,home,0,0,0,0,0,0,0,0,0,0,0,0,0
26766206,13132601,home,2,0,0,0,0,0,0,1,0,0,0,0,0
26766206,13132500,home,2,1,0,0,0,0,0,1,1,0,0,0,0
26766206,13132501,home,0,0,0,0,0,0,0,0,0,0,0,0,0
26766206,13132502,home,3,0,0,0,0,0,0,0,0,0,0,0,0
26766206,13132503,home,0,0,0,0,0,0,0,0,0,0,0,0,0
26766206,13132504,home,4,0,1,0,0,0,1,0,0,0,0,0,0
26766206,13132505,home,3,0,1,0,0,0,1,0,1,0,2,1,0
26766211,13132593,away,4,0,0,0,0,0,0,0,2,0,0,0,0
26766211,13132552,away,3,1,1,0,0,0,0,0,2,0,1,0,0
26766211,13132553,away,3,0,0,0,0,0,0,1,3,0,1,0,0
26766211,13132554,away,5,1,2,0,0,0,1,0,0,0,0,0,0
26766211,13132592,away,3,0,3,0,0,0,2,1,0,0,2,0,0
26766211,13132555,away,4,2,3,0,0,0,0,0,0,0,0,0,0
26766211,13132556,away,4,2,2,0,0,0,1,0,0,0,1,1,0
26766211,13132557,away,4,3,2,0,0,1,3,0,0,0,0,0,0
26766211,13132558,away,3,1,2,0,0,0,1,1,0,0,0,0,0
26766211,13133305,away,4,0,0,0,0,0,0,0,2,0,0,0,0
26766211,13132560,away,4,0,2,0,0,0,2,0,1,0,0,0,0
26766211,13133332,away,0,0,0,0,0,0,0,0,0,0,0,0,0
26766211,13132563,away,4,0,1,0,0,0,0,0,0,0,1,0,0
26766211,13132492,home,3,2,0,0,0,0,0,1,0,0,2,0,2
26766211,13132493,home,4,0,1,0,0,0,1,0,1,0,0,0,0
26766211,13132602,home,1,1,1,0,0,0,1,2,0,1,0,0,0
26766211,13132494,home,4,2,2,1,0,0,2,0,0,0,0,0,0
26766211,13132495,home,5,1,0,1,0,0,2,0,0,0,0,0,1
26766211,13132496,home,4,1,2,1,0,0,0,0,0,0,1,0,0
26766211,13132497,home,3,2,0,1,0,0,2,1,0,0,0,0,0
26766211,13132498,home,3,1,0,0,0,0,0,1,0,0,0,0,1
26766211,13132499,home,0,0,0,0,0,0,0,0,0,0,0,0,0
26766211,13132601,home,3,1,1,0,0,0,0,1,0,0,0,0,0
26766211,13132500,home,3,2,1,0,0,0,2,1,0,0,0,0,1
26766211,13132501,home,0,0,0,0,0,0,0,0,0,0,0,0,0
26766211,13132502,home,3,2,0,0,0,0,0,1,1,0,1,0,0
26766211,13132503,home,0,0,0,0,0,0,0,0,0,0,0,0,0
26766211,13132504,home,4,0,1,0,0,0,1,0,0,0,0,0,0
26766211,13132505,home,3,1,1,0,0,0,0,1,0,0,0,0,0
26766212,13132506,away,4,1,0,0,0,0,0,0,0,0,0,0,0
26766212,13132507,away,4,0,1,0,0,0,0,0,0,0,0,0,0
26766212,13132508,away,4,0,1,1,0,0,2,0,0,0,0,0,0
26766212,13132509,away,2,0,0,0,0,0,0,2,2,0,0,0,0
26766212,13132510,away,4,2,3,0,0,0,2,0,0,0,0,0,0
26766212,13132511,away,4,0,3,0,0,0,1,0,1,0,0,0,0
26766212,13132512,away,4,2,3,0,0,0,3,0,0,0,0,0,0
26766212,13132513,away,4,0,1,0,0,0,0,0,1,0,0,0,0
26766212,13132514,away,0,2,0,0,0,0,0,3,0,0,1,0,0
26766212,13132515,away,4,2,1,1,0,0,1,0,1,0,0,0,0
26766212,13132517,away,3,2,2,0,0,0,0,0,0,1,1,0,0
26766212,13132599,away,4,1,1,2,0,0,2,0,0,0,1,0,0
26766212,13132598,away,2,1,1,0,0,0,0,1,0,0,0,0,0
26766212,13132518,away,4,2,3,0,0,0,0,0,0,0,0,0,0
26766212,13132519,away,0,0,0,0,0,0,0,0,0,0,0,0,0
26766212,13132479,home,1,0,0,0,0,0,0,0,0,0,0,0,0
26766212,13132480,home,4,0,0,0,0,0,0,0,2,0,0,0,0
26766212,13132481,home,3,0,0,0,0,0,0,1,1,0,0,0,0
26766212,13145621,home,4,0,1,0,0,0,0,0,1,0,3,0,0
26766212,13132483,home,2,1,1,0,0,0,1,1,1,1,2,0,0
26766212,13132604,home,4,1,0,1,0,0,2,0,0,0,0,0,0
26766212,13132482,home,3,1,0,2,0,0,1,1,1,0,0,0,0
26766212,13132484,home,5,1,1,0,0,0,0,0,0,0,1,0,0
26766212,13132485,home,0,0,0,0,0,0,0,0,0,0,0,0,0
26766212,13132486,home,2,1,2,0,0,0,1,2,0,0,0,0,0
26766212,13132603,home,0,0,0,0,0,0,0,0,0,0,0,0,0
26766212,13132487,home,3,1,1,0,0,0,0,0,2,0,1,0,0
26766212,13132488,home,4,0,1,0,0,0,0,0,2,0,1,0,0
26766212,13132489,home,0,0,0,0,0,0,0,0,0,0,0,0,0
26766212,13132490,home,2,0,1,0,0,0,0,1,0,0,0,0,0
26766212,13132491,home,0,0,0,0,0,0,0,0,0,0,0,0,0
26766213,13132506,away,2,1,2,0,0,0,0,0,0,0,0,0,0
26766213,13132507,away,3,0,1,0,0,0,1,0,0,0,0,0,0
26766213,13132508,away,3,0,0,0,0,0,0,0,1,0,0,0,0
26766213,13132509,away,3,0,0,0,0,0,0,0,0,0,0,0,0
26766213,13132510,away,3,0,0,0,0,0,0,0,0,0,0,0,0
26766213,13132511,away,2,0,0,0,0,0,1,1,0,0,0,0,0
26766213,13132512,away,3,1,2,0,0,0,0,0,0,0,0,0,0
26766213,13132513,away,3,0,0,0,0,0,0,0,1,0,1,0,0
26766213,13132514,away,3,0,1,0,0,0,1,0,0,0,1,0,0
26766213,13132515,away,1,1,1,0,0,0,0,2,0,0,0,0,0
26766213,13132517,away,3,0,0,0,0,0,0,0,1,0,0,0,0
26766213,13132599,away,2,0,0,0,0,0,1,1,0,0,0,0,0
26766213,13132598,away,2,1,0,0,0,0,0,1,0,0,0,0,0
26766213,13132518,away,2,0,0,0,0,0,0,0,0,0,0,0,1
26766213,13132492,home,2,0,2,0,0,0,2,1,0,0,0,0,0
26766213,13132493,home,2,0,1,0,0,0,0,1,0,0,0,0,0
26766213,13132602,home,3,3,3,0,0,0,2,1,0,0,1,0,0
26766213,13132494,home,3,0,1,0,1,0,2,0,0,0,0,1,0
26766213,13132495,home,3,2,1,0,0,0,0,0,1,0,1,0,0
26766213,13132496,home,4,1,2,0,0,0,1,0,0,0,0,0,0
26766213,13132498,home,4,3,3,0,0,0,1,0,0,0,3,0,0
26766213,13132499,home,0,0,0,0,0,0,0,0,0,0,0,0,0
26766213,13132601,home,3,0,2,0,0,0,0,1,0,0,0,0,0
26766213,13132500,home,2,1,1,0,0,0,0,0,0,0,1,0,0
26766213,13132501,home,3,0,1,0,0,0,0,0,2,0,1,0,0
26766213,13132502,home,4,1,1,0,0,0,0,0,2,0,1,0,0
26766213,13132503,home,0,0,0,0,0,0,0,0,0,0,0,0,0
26766213,13132504,home,4,0,1,0,0,0,2,0,0,0,0,0,0
26766213,13132505,home,4,0,1,0,0,0,1,0,0,0,0,0,0
28849516,14448837,away,4,4,2,0,0,0,0,1,0,0,0,0,0
28849516,14448842,away,2,1,1,0,0,0,2,2,1,0,0,1,0
28849516,14448843,away,4,2,2,0,0,0,0,0,0,1,0,0,0
28849516,14448839,away,3,2,2,0,0,0,3,2,0,0,0,0,0
28849516,14448838,away,4,2,0,0,0,0,0,1,1,0,0,0,0
28849516,14448835,away,4,2,0,2,0,0,0,0,0,0,0,0,0
28849516,14448849,away,2,3,1,1,0,0,2,1,0,2,0,0,0
28849516,14448840,away,3,2,1,0,0,0,3,2,2,0,0,0,0
28849516,14448848,away,3,1,2,0,0,0,2,2,0,0,0,0,0
28849516,14448847,away,4,1,1,0,0,0,2,1,0,0,0,0,0
28849516,14448845,away,4,1,2,0,0,0,1,2,0,0,0,0,0
28849516,14448850,away,4,0,1,0,0,0,0,0,0,0,0,0,0
28849516,14448861,home,3,0,0,0,0,0,0,1,1,0,0,0,0
28849516,14448787,home,4,2,2,0,0,0,2,0,0,0,0,0,0
28849516,14448789,home,4,1,2,0,0,0,1,0,2,0,0,0,0
28849516,14448792,home,3,1,0,2,0,0,0,1,1,0,0,0,0
28849516,14448804,home,5,0,0,0,0,0,0,1,2,0,0,0,0
28849516,14448801,home,3,2,2,0,0,0,2,0,1,1,0,0,0
28849516,14448852,home,4,2,1,0,0,0,2,0,2,0,0,0,0
28849516,14448855,home,4,0,1,0,0,0,0,0,1,0,0,0,0
28849516,14448854,home,5,1,2,0,0,0,2,0,0,1,0,0,0
28849516,14448857,home,2,2,2,0,0,0,1,2,0,0,0,0,0
28849518,14448876,away,3,1,2,0,0,0,1,2,1,0,0,0,0
28849518,14448890,away,3,1,1,0,0,0,1,1,2,1,0,0,0
28849518,14448882,away,3,1,1,0,0,0,0,3,0,0,0,0,0
28849518,14448889,away,6,0,1,0,0,0,1,0,1,0,0,0,0
28849518,14448891,away,4,0,0,0,0,0,1,1,1,0,0,0,0
28849518,14448888,away,5,0,2,0,0,0,1,1,0,0,0,0,0
28849518,14448879,away,3,2,2,0,0,0,0,2,0,0,1,0,0
28849518,14448887,away,4,1,1,0,0,0,0,3,0,0,0,0,0
28849518,14448885,away,4,1,0,0,0,0,0,0,2,0,1,0,1
28849518,14448886,away,4,2,1,2,0,0,0,0,0,0,1,0,1
28849518,14448883,away,4,2,3,0,0,0,1,0,0,0,1,0,1
28849518,14448831,home,4,0,2,0,0,0,0,0,1,0,0,0,0
28849518,14448822,home,4,0,2,0,0,0,3,0,0,0,0,0,0
28849518,14448823,home,3,1,2,0,0,0,1,1,0,0,0,0,0
28849518,14448821,home,2,0,1,0,0,0,1,0,0,0,0,1,1
28849518,14448820,home,4,4,3,0,0,0,3,0,0,0,0,0,0
28849518,14448833,home,3,4,3,0,0,0,1,1,0,0,0,0,0
28849518,14448828,home,3,0,0,0,0,0,0,0,0,0,0,0,1
28849518,14448829,home,3,1,1,0,0,0,0,0,0,0,0,0,0
28849518,14448827,home,4,0,1,0,0,0,0,0,0,0,0,0,0
28849518,14448830,home,1,0,0,0,0,0,0,0,1,0,0,0,1
28849518,14448824,home,3,2,1,0,0,0,0,0,0,0,0,0,1
28849518,14448826,home,3,1,3,0,0,0,1,0,0,1,0,0,0
28849518,14448825,home,3,1,0,1,0,0,0,1,0,0,0,0,0
28849517,14448868,away,6,1,4,0,0,0,0,0,0,0,1,0,0
28849517,14448875,away,3,2,1,0,0,0,0,0,1,0,0,0,1
28849517,14448864,away,3,0,2,0,0,0,0,1,1,0,0,0,0
28849517,14448865,away,4,2,1,1,0,0,2,1,0,0,0,0,0
28849517,14448869,away,4,3,1,1,0,0,2,0,0,0,0,0,0
28849517,14448866,away,4,0,2,0,0,0,0,0,2,0,0,0,0
28849517,14448872,away,4,0,2,0,0,0,2,0,2,0,0,0,0
28849517,14448863,away,5,2,3,0,0,0,0,0,0,0,1,0,0
28849517,14448874,away,3,0,1,0,0,0,0,0,1,0,0,0,1
28849517,14448867,away,3,1,2,0,0,0,2,0,1,0,0,0,1
28849517,14448873,away,3,1,0,0,0,0,0,0,1,1,0,0,0
28849517,14448808,home,3,4,2,0,0,0,2,2,0,0,0,0,0
28849517,14448812,home,4,3,4,0,0,0,3,2,0,0,0,0,0
28849517,14448818,home,2,2,0,0,0,0,1,3,2,0,0,0,0
28849517,14448815,home,5,3,2,0,0,0,1,1,0,0,0,0,0
28849517,14448816,home,2,2,1,0,0,0,0,1,0,2,0,0,0
28849517,14448809,home,4,1,1,0,0,0,5,2,0,0,0,0,0
28849517,14448811,home,2,2,0,0,0,0,1,3,1,0,0,0,0
28849517,14448805,home,2,2,1,0,0,0,2,3,0,1,0,0,0
28849517,14448817,home,4,0,0,0,0,0,2,0,1,0,0,0,0
28849517,14448810,home,0,0,0,0,0,0,0,0,0,0,0,0,0
28849517,14448813,home,2,1,1,0,0,0,2,3,0,0,0,0,0
28849522,14448861,away,3,0,1,0,0,0,0,0,0,0,0,0,0
28849522,14448787,away,3,2,1,1,0,0,3,1,1,0,0,0,0
28849522,14448788,away,3,2,1,0,0,0,0,0,2,1,0,0,0
28849522,14448789,away,3,0,1,0,0,0,1,0,0,0,0,0,0
28849522,14448792,away,4,0,0,0,0,0,1,0,1,0,0,0,0
28849522,14448804,away,2,0,0,0,0,0,0,1,0,0,0,0,0
28849522,14448801,away,4,1,2,0,0,0,0,0,1,0,0,0,0
28849522,14448784,away,2,3,1,0,0,0,0,2,0,0,0,0,0
28849522,14448852,away,2,2,2,0,0,0,1,1,0,1,1,0,0
28849522,14448854,away,4,0,3,0,0,0,1,0,0,0,0,0,0
28849522,14448860,away,3,0,0,0,0,0,0,0,1,0,0,0,0
28849522,14448857,away,3,0,0,1,0,0,0,0,1,0,0,0,0
28849522,14448890,home,3,0,0,0,0,0,0,1,2,0,0,0,0
28849522,14448880,home,3,0,1,0,0,0,1,0,0,1,0,0,0
28849522,14448882,home,1,0,0,0,0,0,0,0,0,0,0,0,0
28849522,14448889,home,4,0,0,0,0,0,1,0,1,0,0,0,0
28849522,14448891,home,3,0,0,0,0,0,0,1,0,0,0,0,0
28849522,14448888,home,4,3,2,1,0,0,0,1,1,0,0,0,0
28849522,14448879,home,2,1,0,0,0,0,1,2,0,0,0,0,0
28849522,14448887,home,3,2,2,0,0,0,0,2,0,0,0,0,0
28849522,14448885,home,1,2,0,0,0,0,0,3,1,0,1,0,0
28849522,14448884,home,3,0,3,0,0,0,7,1,0,0,0,0,0
28849522,14448883,home,4,1,1,0,0,0,0,1,2,0,1,0,0
28849522,14448881,home,0,1,0,0,0,0,0,1,0,0,2,0,0
28849520,14448868,away,3,0,1,0,0,0,1,0,0,0,1,0,1
28849520,14448875,away,3,1,1,0,0,0,0,0,1,0,0,0,0
28849520,14448871,away,3,1,0,2,0,0,0,1,0,0,0,0,0
28849520,14448864,away,2,1,0,0,0,0,0,1,0,0,0,0,0
28849520,14448865,away,3,0,1,0,0,0,0,0,1,0,0,0,0
28849520,14448869,away,4,0,0,0,0,0,0,0,3,0,0,0,0
28849520,14448866,away,4,1,2,0,0,0,0,0,0,0,0,0,0
28849520,14448872,away,4,0,2,0,0,0,1,0,1,0,0,0,0
28849520,14448863,away,4,2,1,1,1,0,0,0,0,0,0,0,0
28849520,14448874,away,3,1,1,0,0,0,1,0,1,0,2,0,0
28849520,14448867,away,4,0,2,0,0,0,0,0,0,0,0,0,0
28849520,14448831,home,3,0,1,0,0,0,0,0,1,0,0,0,1
28849520,14448822,home,2,1,1,0,0,0,0,1,1,0,0,0,0
28849520,14448823,home,3,0,0,0,0,0,1,0,0,0,0,0,0
28849520,14448821,home,4,2,0,0,1,0,2,0,0,0,0,0,1
28849520,14448819,home,3,1,0,0,0,0,0,1,0,0,0,0,1
28849520,14448820,home,3,0,3,0,0,0,4,0,0,0,1,1,0
28849520,14448833,home,3,3,3,0,0,0,0,1,0,0,1,0,0
28849520,14448828,home,2,0,0,0,0,0,0,1,0,0,0,0,0
28849520,14448829,home,3,0,0,0,0,0,0,1,0,0,0,0,0
28849520,14448830,home,1,0,0,0,0,0,0,2,1,0,0,0,0
28849520,14448824,home,3,0,0,0,0,0,0,1,0,0,0,0,0
28849520,14448826,home,3,0,1,0,0,0,0,0,0,0,0,0,0
28849520,14448825,home,3,1,0,0,0,0,0,0,0,0,1,0,0
28849521,14448837,away,4,1,2,0,0,0,2,1,0,1,0,0,0
28849521,14448842,away,4,0,2,0,0,0,0,0,1,0,0,0,0
28849521,14448843,away,5,0,2,0,0,0,2,0,0,0,0,0,0
28849521,14448839,away,4,0,1,0,0,0,0,0,0,0,0,0,0
28849521,14448838,away,5,0,1,0,0,0,1,0,1,0,0,0,0
28849521,14448844,away,3,2,0,1,0,0,1,1,1,0,0,0,0
28849521,14448835,away,5,2,2,1,0,0,1,0,0,0,0,0,0
28849521,14448849,away,5,0,2,0,0,0,0,0,1,0,0,0,0
28849521,14448848,away,2,1,1,0,0,0,0,2,0,0,0,0,0
28849521,14448847,away,4,2,4,0,0,0,0,0,0,0,0,0,0
28849521,14448846,away,4,1,0,1,0,0,1,0,0,0,0,0,0
28849521,14448850,away,4,1,0,1,0,0,0,0,2,0,0,0,0
28849521,14448808,home,2,1,0,0,0,0,1,4,1,0,0,0,0
28849521,14448806,home,4,1,1,0,0,0,2,1,0,0,0,0,0
28849521,14448815,home,4,2,2,0,0,0,2,1,0,0,1,0,0
28849521,14448816,home,4,1,1,1,0,0,2,1,0,0,0,0,1
28849521,14448809,home,4,0,1,0,0,0,1,0,0,1,0,0,0
28849521,14448811,home,4,1,1,0,0,0,0,1,1,0,0,0,0
28849521,14448805,home,3,1,1,0,0,0,1,1,0,0,0,0,0
28849521,14448817,home,4,0,1,0,0,0,0,0,0,0,0,0,0
28849521,14448813,home,5,2,1,0,0,0,0,0,0,0,0,0,1
28849527,14448831,away,3,1,0,0,0,0,0,0,0,0,0,0,1
28849527,14448822,away,3,1,2,0,0,0,1,0,0,0,1,0,0
28849527,14448823,away,2,3,2,0,0,0,0,1,0,0,2,0,0
28849527,14448821,away,4,1,1,0,1,0,0,0,0,0,0,0,0
28849527,14448819,away,4,1,2,1,0,0,3,0,0,0,0,0,0
28849527,14448820,away,2,0,0,0,0,0,1,1,0,0,0,1,0
28849527,14448833,away,4,1,2,0,0,0,2,0,0,0,1,0,0
28849527,14448828,away,3,1,1,0,0,0,1,0,0,0,1,0,1
28849527,14448829,away,2,0,1,0,0,0,1,0,1,1,0,0,0
28849527,14448827,away,2,0,0,0,0,0,0,1,0,0,0,0,0
28849527,14448830,away,3,0,0,0,0,0,0,0,1,0,0,0,0
28849527,14448824,away,4,2,3,0,0,0,0,0,0,0,2,0,0
28849527,14448826,away,3,0,0,0,0,0,0,0,0,0,0,0,2
28849527,14448837,home,4,1,0,0,0,0,1,0,1,1,0,0,0
28849527,14476288,home,3,0,1,0,0,0,1,1,0,0,0,0,0
28849527,14448842,home,3,0,1,0,0,0,0,0,1,0,0,0,0
28849527,14448843,home,3,0,1,0,0,0,3,1,0,0,0,0,0
28849527,14448839,home,3,2,2,0,0,0,0,0,0,0,0,0,0
28849527,14448838,home,3,0,0,0,0,0,0,1,2,0,0,0,0
28849527,14448844,home,2,2,0,0,0,0,1,1,1,0,0,0,1
28849527,14448849,home,2,1,0,0,0,0,0,1,1,0,0,0,0
28849527,14448840,home,3,2,2,0,0,0,2,0,0,0,2,0,0
28849527,14448848,home,3,0,1,0,0,0,1,0,1,0,0,0,0
28849527,14448847,home,1,2,0,0,0,0,1,2,1,0,0,0,0
28849527,14448850,home,2,0,0,0,0,0,1,1,1,0,0,0,0
28849528,14448876,away,5,2,1,2,0,0,4,0,1,0,0,0,0
28849528,14448890,away,4,0,2,0,0,0,1,0,0,0,0,0,0
28849528,14448880,away,5,1,3,0,0,1,6,0,0,0,0,0,1
28849528,14448889,away,4,3,3,0,0,0,1,0,0,0,0,0,0
28849528,14448891,away,3,1,1,0,0,0,0,2,0,0,0,0,0
28849528,14448888,away,5,3,3,0,0,0,0,0,1,0,0,0,1
28849528,14448879,away,3,3,2,0,0,0,4,1,0,0,0,0,0
28849528,14448887,away,5,0,2,0,0,0,1,0,0,0,0,0,0
28849528,14448885,away,2,0,0,0,0,0,0,1,1,0,0,0,0
28849528,14448886,away,5,1,3,0,0,0,1,2,0,0,0,0,0
28849528,14448884,away,5,2,3,1,0,0,3,0,0,0,0,0,0
28849528,14476354,away,4,2,3,0,0,0,0,1,0,0,0,0,0
28849528,14448883,away,3,3,3,0,0,0,2,2,0,0,0,0,0
28849528,14448881,away,3,3,1,0,0,0,0,2,0,0,0,0,1
28849528,14476361,home,4,1,1,0,0,0,0,0,0,0,3,0,0
28849528,14448864,home,3,1,3,0,0,0,2,1,0,0,2,0,0
28849528,14448865,home,2,3,1,0,0,0,0,0,0,0,0,0,0
28849528,14448869,home,4,1,1,1,0,0,1,0,1,0,1,0,0
28849528,14448866,home,3,1,1,0,0,0,2,0,0,0,0,0,0
28849528,14448863,home,3,1,1,0,0,0,0,1,0,0,0,0,0
28849528,14476360,home,2,0,0,0,0,0,0,1,1,0,0,0,0
28849528,14448874,home,3,0,0,0,0,0,0,0,0,0,1,0,0
28849528,14448867,home,3,0,2,0,0,0,0,0,0,0,1,0,0
28849528,14476357,home,3,0,1,0,0,0,0,1,0,0,0,0,0
28849528,14448873,home,3,1,1,0,0,0,0,0,1,0,0,0,0
28849526,14448794,away,4,1,2,1,0,0,1,0,1,0,0,0,0
28849526,14448787,away,4,1,1,1,0,0,1,0,1,0,0,0,0
28849526,14448788,away,4,3,2,0,0,0,0,0,0,1,1,0,0
28849526,14448792,away,4,1,0,1,0,0,0,0,2,0,0,0,0
28849526,14448804,away,4,1,0,0,0,0,2,0,0,0,0,0,2
28849526,14448784,away,5,2,1,1,0,0,1,0,0,0,0,0,1
28849526,14448852,away,4,1,0,3,0,0,4,0,1,0,0,1,0
28849526,14448855,away,4,2,1,1,0,0,2,0,0,1,0,0,0
28849526,14448854,away,4,0,1,0,0,0,1,0,2,0,0,0,0
28849526,14448860,away,4,1,2,0,0,0,2,0,0,0,0,0,0
28849526,14448870,away,4,1,1,0,0,0,0,0,0,0,0,0,0
28849526,14448808,home,4,0,1,0,0,0,0,0,0,0,0,0,0
28849526,14448806,home,3,1,2,0,0,0,1,1,0,0,1,0,0
28849526,14448812,home,3,1,2,0,0,0,1,1,0,0,3,0,0
28849526,14448818,home,3,0,0,0,0,0,0,0,2,0,0,0,0
28849526,14448815,home,4,1,1,0,0,0,1,0,1,0,1,0,0
28849526,14448816,home,2,1,0,0,0,0,1,1,0,0,0,0,0
28849526,14448809,home,3,0,0,0,0,0,0,0,1,0,0,0,0
28849526,14448811,home,2,0,0,0,0,0,0,1,0,0,1,0,0
28849526,14448807,home,3,0,0,0,0,0,1,0,2,0,0,0,0
28849526,14448805,home,3,1,1,0,0,0,0,0,0,0,2,0,0
28849526,14448817,home,2,1,0,0,0,0,0,1,1,0,0,0,0
28849526,14476300,home,1,0,1,0,0,0,0,0,0,0,0,0,0
28849526,14448813,home,2,0,1,0,0,0,0,1,0,0,0,0,0
28849531,14448831,away,0,0,0,0,0,0,0,1,0,0,0,0,0
28849531,14448822,away,4,2,1,1,0,0,0,0,0,0,0,0,0
28849531,14448821,away,2,2,0,0,0,0,0,2,0,0,2,0,0
28849531,14448819,away,3,1,2,0,0,0,3,1,0,0,1,0,0
28849531,14448820,away,3,0,0,0,0,0,0,1,0,0,1,0,0
28849531,14448833,away,4,1,2,0,0,0,0,0,0,0,3,0,0
28849531,14448828,away,4,0,0,1,0,0,2,0,1,0,0,0,0
28849531,14448829,away,3,1,1,0,0,0,0,0,1,0,0,0,0
28849531,14448827,away,1,1,0,0,0,0,0,2,0,0,0,0,0
28849531,14448830,away,3,1,0,0,0,0,1,0,1,0,0,0,0
28849531,14448824,away,4,1,1,0,0,0,0,0,1,0,0,0,0
28849531,14448826,away,3,1,1,0,0,0,1,1,2,0,0,0,0
28849531,14448825,away,1,1,0,1,0,0,2,1,0,1,0,1,0
28849531,14448861,home,4,0,0,0,0,0,0,0,3,0,0,0,0
28849531,14448787,home,5,1,0,1,0,0,1,0,2,0,0,0,0
28849531,14448788,home,3,2,1,0,0,0,0,2,2,0,4,0,0
28849531,14448804,home,3,0,0,0,0,0,0,1,0,0,0,0,1
28849531,14448801,home,4,0,1,0,0,0,1,0,0,0,0,0,0
28849531,14448852,home,3,2,0,1,0,1,3,0,0,2,0,0,0
28849531,14448855,home,4,0,2,0,0,0,0,0,0,0,1,0,0
28849531,14448854,home,3,1,0,0,0,0,0,2,0,0,2,0,0
28849531,14448857,home,5,0,0,0,0,0,0,0,0,0,0,0,0
28849529,14448837,away,5,2,1,0,0,0,3,0,0,0,0,0,1
28849529,14448843,away,4,3,2,1,0,0,1,0,0,1,0,0,0
28849529,14448839,away,3,0,1,0,0,0,0,1,1,0,0,0,0
28849529,14448838,away,3,1,1,1,0,0,2,1,0,0,0,0,0
28849529,14448844,away,4,1,1,0,0,0,1,0,0,0,0,0,0
28849529,14448849,away,5,2,2,1,0,0,2,0,2,0,0,0,0
28849529,14448840,away,4,3,4,0,0,0,0,1,0,0,1,0,0
28849529,14448848,away,5,1,2,0,0,0,1,0,0,0,0,0,0
28849529,14448847,away,3,0,0,0,0,0,0,1,0,0,0,0,0
28849529,14448845,away,5,1,1,0,0,0,0,1,2,0,1,0,0
28849529,14448850,away,3,0,1,0,0,0,1,1,1,0,0,0,0
28849529,14448868,home,3,2,2,0,0,0,2,1,0,0,2,0,0
28849529,14448875,home,2,2,0,0,0,0,1,1,1,0,1,0,0
28849529,14476361,home,3,2,1,1,0,0,0,0,0,0,0,0,0
28849529,14448871,home,4,2,2,0,0,0,2,0,1,0,0,0,0
28849529,14448864,home,3,2,2,0,0,0,0,0,0,0,2,0,0
28849529,14448865,home,4,3,1,0,1,0,3,0,0,0,1,0,1
28849529,14448869,home,3,1,0,1,0,0,2,0,0,0,0,0,0
28849529,14448863,home,4,2,2,1,0,0,2,0,1,0,0,0,0
28849529,14476360,home,3,1,1,0,0,0,0,0,2,0,0,0,0
28849529,14448867,home,4,1,0,0,0,0,0,0,0,0,0,0,1
28849529,14476357,home,2,1,2,0,0,0,1,1,0,0,0,0,0
28849529,14448873,home,3,2,1,0,0,1,2,0,0,0,1,0,0
28849530,14448806,away,3,2,1,0,0,0,0,2,0,0,2,0,0
28849530,14448812,away,3,2,1,0,0,0,2,1,0,0,2,0,0
28849530,14448818,away,4,0,0,0,0,0,0,0,2,0,0,0,0
28849530,14448815,away,4,0,1,0,0,0,1,0,1,0,1,1,0
28849530,14448816,away,5,1,1,0,0,0,0,0,1,0,1,0,0
28849530,14448809,away,4,1,0,1,0,0,1,0,0,0,1,0,0
28849530,14448811,away,3,0,1,1,0,0,2,1,1,0,1,0,0
28849530,14448807,away,3,0,1,1,0,0,0,1,1,0,1,0,0
28849530,14476300,away,5,1,2,1,0,0,1,0,0,0,0,0,0
28849530,14448876,home,4,3,3,0,0,0,4,1,0,0,0,0,0
28849530,14448880,home,4,1,0,3,0,0,2,1,0,0,0,0,0
28849530,14448882,home,5,0,1,0,0,0,1,0,0,0,0,0,0
28849530,14448889,home,5,3,1,0,0,0,0,3,1,0,0,0,0
28849530,14448891,home,4,0,0,0,0,0,0,0,1,0,0,0,2
28849530,14448888,home,4,1,0,0,0,0,0,0,0,0,0,0,1
28849530,14448879,home,5,0,3,0,0,0,2,0,0,0,0,0,1
28849530,14448887,home,4,3,1,0,0,0,0,0,0,0,0,0,2
28849530,14476354,home,2,3,1,0,0,0,0,3,0,0,0,0,0
28849530,14448883,home,4,4,2,1,0,0,1,1,0,0,1,0,0
28849533,14448822,away,4,0,0,1,0,0,1,0,0,0,0,0,0
28849533,14448823,away,4,1,0,1,0,0,0,0,1,0,0,0,0
28849533,14448821,away,3,1,1,1,0,0,1,0,0,0,0,0,0
28849533,14448819,away,3,0,0,0,0,0,0,1,0,0,0,0,0
28849533,14448833,away,4,1,2,0,0,0,0,0,0,0,3,0,0
28849533,14448829,away,1,1,0,0,0,0,0,0,2,0,2,0,0
28849533,14448827,away,3,0,0,0,0,0,0,0,2,0,2,0,0
28849533,14448830,away,1,0,0,0,0,0,0,1,1,1,0,0,0
28849533,14448824,away,3,0,0,1,0,0,1,0,1,0,0,0,0
28849533,14448825,away,4,0,0,0,0,0,0,0,1,0,0,0,0
28849533,14448871,home,4,1,1,0,0,0,0,0,0,0,0,0,0
28849533,14448864,home,2,1,2,0,0,0,1,0,0,1,0,0,0
28849533,14448865,home,3,1,2,0,0,0,2,0,0,0,0,0,0
28849533,14448869,home,3,1,0,0,1,0,2,0,0,0,0,0,0
28849533,14448866,home,3,0,1,0,0,0,1,0,0,0,0,0,0
28849533,14448863,home,4,1,2,0,0,0,0,0,0,0,0,0,0
28849533,14476360,home,3,1,1,0,0,0,0,0,1,0,0,0,0
28849533,14448874,home,3,0,1,0,0,0,0,0,1,0,0,0,0
28849533,14448867,home,3,1,2,0,0,0,0,0,1,0,0,0,0
28849533,14476357,home,3,1,1,2,0,0,2,0,0,0,0,0,0
28849534,14448837,away,6,2,3,2,0,0,1,0,0,0,0,0,0
28849534,14448843,away,5,5,4,0,0,0,1,2,0,0,0,0,0
28849534,14448839,away,4,2,2,1,0,1,6,1,0,0,0,1,0
28849534,14448838,away,4,3,2,0,1,0,5,1,0,0,1,0,0
28849534,14448849,away,6,2,1,3,0,0,2,0,0,0,0,0,0
28849534,14448840,away,7,5,3,1,1,0,3,0,0,0,0,0,0
28849534,14448848,away,6,2,2,0,0,0,0,0,0,0,0,0,0
28849534,14448847,away,6,3,0,0,0,1,4,0,2,0,0,0,0
28849534,14448845,away,5,2,3,0,0,0,3,0,1,1,0,0,0
28849534,14448846,away,6,4,2,0,0,0,0,1,0,0,1,0,0
28849534,14448808,home,4,1,3,0,1,0,3,1,0,0,0,0,0
28849534,14448806,home,4,4,1,1,0,0,1,1,0,0,0,0,0
28849534,14448812,home,2,2,1,0,1,0,4,0,0,0,0,0,0
28849534,14448818,home,3,1,0,0,0,0,0,1,3,1,0,0,0
28849534,14448815,home,4,3,3,0,0,0,1,1,1,0,1,0,0
28849534,14448811,home,4,1,1,0,0,0,0,1,1,0,2,0,0
28849534,14448807,home,2,1,0,0,0,0,0,2,2,0,0,0,0
28849534,14448817,home,4,1,2,0,0,0,2,1,1,0,0,0,0
28849534,14476300,home,5,2,2,0,0,0,1,0,1,0,2,0,0
28849534,14448813,home,4,0,2,0,0,0,0,1,1,0,0,0,0
28849532,14448876,away,4,2,1,0,0,0,2,0,2,0,3,0,1
28849532,14448880,away,5,3,1,3,0,0,2,0,1,0,0,0,0
28849532,14448888,away,6,2,2,0,0,0,0,0,0,0,2,0,0
28849532,14448887,away,2,0,2,0,0,0,2,2,0,1,3,0,0
28849532,14448884,away,5,2,1,2,0,0,4,0,0,0,3,0,0
28849532,14476354,away,4,1,0,0,0,0,0,1,0,0,1,0,0
28849532,14448883,away,3,1,1,0,0,0,0,2,1,0,4,0,0
28849532,14448881,away,4,1,0,0,0,0,0,1,2,0,0,0,0
28849532,14448794,home,3,3,1,1,0,0,2,0,0,0,0,0,1
28849532,14448787,home,4,1,4,0,0,0,3,0,0,0,0,0,0
28849532,14448788,home,3,3,0,1,1,0,0,1,1,0,0,0,0
28849532,14448789,home,3,0,1,0,0,0,1,1,0,0,0,0,0
28849532,14448804,home,4,0,0,0,0,0,0,0,1,0,0,0,0
28849532,14448801,home,4,0,0,0,0,0,0,0,0,0,0,0,0
28849532,14448784,home,3,3,2,1,0,0,3,0,0,0,1,0,1
28849532,14448855,home,2,2,1,0,0,0,0,1,0,0,0,0,0
28849532,14448854,home,3,1,1,0,0,0,3,0,0,0,0,0,0
28849532,14448860,home,1,0,0,0,0,0,0,2,0,1,0,0,0
28849536,14448868,away,3,0,1,0,0,0,1,0,1,0,0,0,0
28849536,14448875,away,2,1,0,1,0,0,0,0,1,0,0,0,0
28849536,14476361,away,5,3,3,0,0,0,3,1,1,0,3,0,0
28849536,14448864,away,3,1,3,0,0,0,3,0,0,0,0,0,0
28849536,14448865,away,1,1,0,0,0,0,0,1,0,1,0,0,0
28849536,14448869,away,2,1,1,0,0,0,1,0,0,1,1,0,0
28849536,14448863,away,3,1,1,0,0,0,0,0,1,0,0,0,0
28849536,14476360,away,2,1,1,0,0,0,0,1,1,0,0,0,0
28849536,14448874,away,2,0,2,0,0,0,1,0,0,0,0,0,0
28849536,14448867,away,3,1,2,0,0,0,0,0,1,0,0,0,0
28849536,14476357,away,3,0,1,0,0,0,0,0,1,0,0,0,0
28849536,14448873,away,3,1,2,0,0,0,0,0,0,0,0,0,0
28849536,14448837,home,1,0,0,0,0,0,1,0,0,0,0,1,0
28849536,14448842,home,2,1,1,0,0,0,0,2,0,0,1,0,0
28849536,14448843,home,2,0,0,0,0,0,0,0,0,0,0,0,0
28849536,14448839,home,3,1,2,0,0,0,0,1,1,0,1,0,0
28849536,14448838,home,3,1,1,0,0,0,1,1,1,0,0,0,0
28849536,14448844,home,1,1,1,0,0,0,1,0,0,0,0,1,0
28849536,14448849,home,2,0,0,0,0,0,0,0,1,0,0,0,0
28849536,14448848,home,2,0,1,0,0,0,0,0,0,0,0,0,0
28849536,14448847,home,1,1,0,0,0,0,0,1,0,0,0,0,0
28849536,14448845,home,2,0,1,0,0,0,0,0,1,0,0,0,0
28849536,14448846,home,2,0,1,0,0,0,1,0,0,1,1,0,0
28849536,14448850,home,2,1,0,0,0,0,1,0,1,0,0,0,0
29066100,14448808,away,3,1,1,0,0,0,1,0,1,0,1,0,0
29066100,14448806,away,2,2,1,1,0,0,0,1,0,0,1,0,0
29066100,14448812,away,2,0,0,0,0,0,0,1,0,0,0,0,0
29066100,14448818,away,1,0,0,0,0,0,0,0,1,1,0,0,0
29066100,14448815,away,3,0,2,0,0,0,1,0,0,0,2,0,0
29066100,14448816,away,1,0,0,0,0,0,0,2,1,0,2,0,0
29066100,14448811,away,3,0,0,0,0,0,0,0,1,0,0,0,0
29066100,14448817,away,2,0,0,0,0,0,1,1,1,0,0,0,0
29066100,14448861,home,2,0,0,0,0,0,0,0,1,0,0,0,0
29066100,14448794,home,3,1,1,0,0,0,0,0,2,0,1,0,0
29066100,14448788,home,3,1,0,0,0,0,0,0,1,0,0,0,0
29066100,14448804,home,2,0,1,0,0,0,0,0,0,0,0,0,0
29066100,14448801,home,2,0,1,0,0,0,2,0,0,0,1,0,0
29066100,14448784,home,2,1,1,1,0,0,1,1,0,0,2,0,0
29066100,14448852,home,2,1,0,1,0,0,0,0,1,1,0,0,0
29066100,14448855,home,2,0,1,0,0,0,0,0,0,0,1,0,0
29066100,14448860,home,0,0,0,0,0,0,1,3,0,0,0,0,0
28849537,14448868,away,4,2,3,0,0,0,1,1,0,0,0,0,0
28849537,14448875,away,4,1,1,0,0,0,1,0,3,0,0,0,0
28849537,14476361,away,5,1,3,0,0,0,1,0,0,0,0,0,0
28849537,14448864,away,4,1,2,0,0,0,0,0,0,0,0,0,0
28849537,14448866,away,5,1,2,0,0,0,0,0,0,0,0,0,0
28849537,14448863,away,4,1,2,0,0,0,0,0,0,0,0,0,0
28849537,14476360,away,4,1,0,0,0,0,0,1,3,0,0,0,0
28849537,14448874,away,4,0,0,0,0,0,2,0,3,0,0,1,0
28849537,14448867,away,5,2,1,1,1,0,3,0,1,0,0,0,0
28849537,14476357,away,5,2,2,0,2,0,3,0,0,0,0,0,0
28849537,14448873,away,5,2,3,0,0,0,0,0,1,0,0,0,0
28849537,14448808,home,2,1,0,0,0,0,2,2,0,0,0,0,0
28849537,14448806,home,4,1,0,1,0,0,1,0,0,0,1,0,0
28849537,14499763,home,3,1,1,0,0,0,0,1,0,0,0,0,0
28849537,14448812,home,3,1,1,0,0,0,2,1,2,0,0,0,0
28849537,14448818,home,2,1,0,0,0,0,0,1,2,0,0,0,0
28849537,14448815,home,4,2,2,1,0,0,2,0,0,0,2,0,0
28849537,14448809,home,2,1,1,0,0,0,0,0,0,1,1,0,0
28849537,14448811,home,3,0,2,0,0,0,1,0,0,0,0,0,0
28849537,14448807,home,2,1,1,0,0,0,0,1,0,0,2,0,0
28849537,14448805,home,2,2,0,1,0,0,0,1,0,0,0,0,0
28849537,14448817,home,3,1,0,0,0,0,0,1,2,0,0,0,0
28849537,14476300,home,3,0,1,0,0,0,2,0,0,0,0,0,0
28849537,14448813,home,4,0,0,0,0,0,1,0,0,0,2,0,0
28849538,14448837,away,3,2,0,1,0,0,0,1,0,0,0,0,0
28849538,14448842,away,3,2,2,1,0,0,2,0,0,1,1,0,0
28849538,14448843,away,4,0,1,0,0,0,0,0,0,0,0,0,0
28849538,14448839,away,4,2,1,1,0,0,2,0,0,0,0,0,0
28849538,14448838,away,2,1,1,0,0,0,1,2,0,0,0,0,0
28849538,14448849,away,3,1,0,0,0,0,0,1,3,0,0,0,0
28849538,14448848,away,2,1,0,0,0,0,1,0,0,1,0,0,0
28849538,14448847,away,4,2,1,1,0,0,2,0,1,0,0,0,0
28849538,14448845,away,2,2,2,0,0,0,0,1,0,0,1,0,1
28849538,14448846,away,3,2,2,0,0,0,1,0,0,1,0,0,0
28849538,14448850,away,2,1,0,0,0,0,1,2,1,0,0,0,0
28849538,14448794,home,2,1,1,0,0,0,2,0,0,0,0,1,0
28849538,14448788,home,3,2,3,0,0,0,2,0,0,0,0,0,0
28849538,14448789,home,3,2,3,0,0,0,0,0,0,0,1,0,0
28849538,14448792,home,2,1,1,0,0,0,0,0,0,0,0,0,0
28849538,14448804,home,2,2,0,1,0,0,3,1,0,0,0,0,0
28849538,14448801,home,3,1,2,0,0,0,4,0,0,0,0,0,0
28849538,14448784,home,3,1,1,1,1,0,3,0,0,0,0,0,0
28849538,14448852,home,3,2,1,1,0,0,1,0,0,0,1,0,0
28849538,14448855,home,2,1,2,0,0,0,2,0,0,0,0,0,0
28849538,14448854,home,2,2,2,0,0,0,0,0,0,0,2,0,1
28849538,14448860,home,3,2,2,0,0,0,0,0,0,0,1,0,0
28849538,14448870,home,3,0,0,0,0,0,0,0,1,0,0,0,0
28849538,14448857,home,1,1,0,0,0,0,1,1,0,1,0,0,0
28849539,14448876,away,5,1,1,1,0,0,2,0,1,0,0,0,0
28849539,14448890,away,3,1,0,0,0,0,0,2,1,0,0,0,0
28849539,14448880,away,6,1,4,0,1,0,2,0,0,0,0,0,0
28849539,14448882,away,2,1,0,0,0,0,2,2,0,0,0,1,0
28849539,14448889,away,5,1,2,1,0,0,1,0,1,0,0,0,0
28849539,14448888,away,4,2,1,0,1,0,0,0,2,0,0,0,0
28849539,14448879,away,5,0,2,0,0,0,0,0,0,0,0,0,0
28849539,14448887,away,4,1,1,0,0,0,0,1,1,0,0,0,0
28849539,14448884,away,4,4,2,0,0,1,2,1,0,0,2,0,0
28849539,14476354,away,3,2,2,0,0,0,0,1,0,0,2,0,0
28849539,14448883,away,5,1,2,0,0,0,0,0,0,0,0,0,0
28849539,14448822,home,5,3,4,1,0,0,4,0,0,0,1,0,0
28849539,14448821,home,4,1,1,0,1,0,4,0,0,1,1,0,0
28849539,14448819,home,4,2,2,0,0,0,2,1,1,0,0,0,1
28849539,14448829,home,2,4,1,0,0,0,0,2,0,0,1,0,0
28849539,14448827,home,3,1,1,0,0,0,0,0,2,0,1,0,0
28849539,14448830,home,3,2,2,0,0,0,2,1,1,0,0,0,0
28849539,14448826,home,5,0,1,0,0,0,1,0,1,0,1,0,0
28849539,14448825,home,3,1,0,0,0,0,0,1,2,1,0,0,0
28849548,14448831,away,3,0,2,0,0,0,1,0,0,0,0,0,0
28849548,14448822,away,5,0,2,0,0,0,2,0,0,0,0,0,0
28849548,14448823,away,4,2,4,0,0,0,0,0,0,0,1,0,0
28849548,14448821,away,3,1,2,0,1,0,1,1,0,0,1,0,1
28849548,14448819,away,3,1,0,0,0,0,0,1,0,0,1,0,1
28849548,14448820,away,5,1,1,1,0,0,0,0,0,0,1,0,0
28849548,14448828,away,4,1,1,0,0,0,1,0,1,0,0,0,0
28849548,14448829,away,3,2,1,0,0,0,1,1,1,0,0,0,0
28849548,14448827,away,3,0,0,0,0,0,0,1,1,0,0,0,0
28849548,14448830,away,3,2,1,0,0,0,0,1,0,0,2,0,0
28849548,14448824,away,2,3,0,1,0,0,1,2,0,0,0,0,1
28849548,14448826,away,4,0,2,0,0,0,1,0,0,0,1,0,0
28849548,14448825,away,4,2,2,1,0,0,3,1,0,0,2,0,0
28849548,14448808,home,3,1,0,0,0,0,0,2,1,0,0,0,0
28849548,14499763,home,4,0,0,0,0,0,0,0,2,0,0,0,0
28849548,14448812,home,2,0,0,0,0,0,0,2,0,0,0,0,0
28849548,14448818,home,4,0,1,0,0,0,0,0,2,0,0,0,0
28849548,14448815,home,5,1,1,0,0,0,0,0,0,0,0,0,0
28849548,14448816,home,4,0,2,0,0,0,0,0,1,0,2,0,0
28849548,14448809,home,4,2,2,0,0,0,1,0,1,0,0,0,0
28849548,14448811,home,2,1,2,0,0,0,1,0,0,1,2,0,0
28849548,14448807,home,3,1,1,1,0,0,0,0,0,0,0,0,0
28849548,14448805,home,3,1,1,1,0,0,3,0,0,1,2,0,0
28849548,14476300,home,4,0,3,0,0,0,1,0,0,0,1,0,0
28849548,14448813,home,4,1,3,0,0,0,2,0,0,0,0,0,0
28849547,14448876,away,3,1,1,1,0,0,1,0,1,0,0,0,0
28849547,14448890,away,3,0,0,0,0,0,0,0,2,0,0,0,0
28849547,14448880,away,3,1,1,1,0,0,1,1,0,0,0,0,0
28849547,14448889,away,3,0,1,0,0,0,1,0,0,0,0,1,0
28849547,14448891,away,2,0,0,0,0,0,0,1,0,0,0,0,0
28849547,14448888,away,4,1,2,0,0,0,1,0,0,0,0,0,0
28849547,14448879,away,3,1,3,0,0,0,1,1,0,0,0,0,0
28849547,14448885,away,3,1,1,1,0,0,2,0,0,0,1,0,0
28849547,14448886,away,3,1,1,0,0,0,1,1,0,0,0,0,0
28849547,14448884,away,4,1,1,0,0,0,0,0,0,0,0,0,0
28849547,14476354,away,4,2,1,2,0,0,2,0,0,0,0,0,0
28849547,14448883,away,4,1,2,0,0,0,1,0,0,0,2,0,0
28849547,14448881,away,3,1,0,0,0,0,0,1,1,0,0,0,0
28849547,14448843,home,2,2,0,0,0,0,0,2,0,0,0,0,0
28849547,14448839,home,4,1,2,0,0,0,2,0,0,0,0,0,0
28849547,14448838,home,4,0,0,1,0,0,1,0,0,0,0,0,0
28849547,14448844,home,4,0,1,0,0,0,1,0,2,0,1,0,0
28849547,14448849,home,3,1,0,0,0,0,0,1,2,0,0,0,0
28849547,14448840,home,2,2,1,1,0,0,1,2,0,0,0,1,0
28849547,14448848,home,5,1,0,1,0,0,2,0,1,0,0,0,0
28849547,14448847,home,3,1,2,0,0,0,0,0,1,0,0,0,0
28849547,14448845,home,4,1,0,1,0,0,2,0,2,0,0,0,0
28849547,14448846,home,5,1,3,0,0,0,1,0,1,0,0,0,0
28849546,14448861,away,3,1,2,0,0,0,0,0,0,0,0,0,0
28849546,14448794,away,4,3,4,0,0,0,2,0,0,0,2,0,0
28849546,14448787,away,4,3,3,0,0,0,0,0,0,0,2,0,0
28849546,14448788,away,4,1,1,0,0,0,0,0,0,0,1,0,0
28849546,14448789,away,3,0,0,0,0,0,1,1,1,0,0,0,0
28849546,14448792,away,2,0,1,0,0,0,0,0,0,0,0,0,1
28849546,14448804,away,3,0,0,0,0,0,0,0,0,0,0,0,0
28849546,14448801,away,4,0,3,0,0,0,1,0,0,0,1,0,0
28849546,14448784,away,4,1,1,0,0,0,2,0,0,0,1,0,0
28849546,14448852,away,2,2,1,0,0,0,1,1,0,1,1,0,0
28849546,14448855,away,2,2,1,1,0,0,0,0,0,0,0,0,0
28849546,14448860,away,3,1,0,0,0,0,1,1,1,0,0,0,0
28849546,14448857,away,3,2,3,0,0,0,3,1,0,0,2,0,0
28849546,14448868,home,3,2,2,0,0,0,0,1,0,1,0,0,0
28849546,14448875,home,4,0,0,0,0,0,0,0,4,0,0,0,0
28849546,14476361,home,4,4,2,1,0,0,1,1,0,0,1,0,0
28849546,14448864,home,3,1,2,0,0,0,2,2,0,0,0,0,0
28849546,14448869,home,4,4,2,0,1,0,3,1,1,0,0,0,0
28849546,14448866,home,4,0,3,0,0,0,0,0,0,1,0,0,0
28849546,14448863,home,4,1,2,0,0,0,0,0,1,0,0,0,0
28849546,14476360,home,1,0,0,0,0,0,0,3,1,0,0,0,0
28849546,14448867,home,4,2,3,0,0,0,1,1,1,0,1,0,0
28849546,14476357,home,3,1,1,1,0,0,3,0,0,1,0,0,1
28849546,14448873,home,2,5,1,1,0,0,2,2,0,1,1,0,0
28849554,14448868,away,3,1,1,0,0,0,0,0,0,0,0,0,0
28849554,14448875,away,2,0,0,0,0,0,0,0,1,0,0,0,0
28849554,14476361,away,3,0,1,0,0,0,0,0,1,0,0,0,0
28849554,14448871,away,3,2,1,1,0,0,1,0,1,0,2,0,0
28849554,14448864,away,2,0,2,0,0,0,1,0,0,0,1,0,0
28849554,14448865,away,1,0,0,0,0,0,0,1,0,1,1,0,0
28849554,14448866,away,2,0,0,0,0,0,0,0,0,0,0,0,0
28849554,14448872,away,2,0,0,0,0,0,0,0,1,0,0,0,0
28849554,14448863,away,3,2,2,1,0,0,2,0,0,0,1,0,0
28849554,14476360,away,2,0,0,0,0,0,0,0,1,0,0,0,0
28849554,14448867,away,3,0,1,0,0,0,1,0,0,0,0,0,0
28849554,14476357,away,1,0,0,0,1,0,0,0,0,0,0,0,0
28849554,14448873,away,3,1,2,0,0,0,1,0,0,0,0,0,0
28849554,14448831,home,2,0,1,0,0,0,0,0,0,0,0,0,0
28849554,14448822,home,2,2,0,1,0,0,0,1,0,0,0,0,0
28849554,14448823,home,3,0,0,1,0,0,2,0,0,0,0,0,0
28849554,14448821,home,3,0,1,0,0,0,1,0,0,0,1,0,0
28849554,14448819,home,3,0,1,0,0,0,0,0,0,0,0,0,0
28849554,14448828,home,2,1,0,1,0,0,1,0,0,0,0,0,0
28849554,14448827,home,2,0,1,0,0,0,0,0,0,0,1,0,0
28849554,14448830,home,1,0,0,0,0,0,0,1,1,0,0,0,0
28849554,14448824,home,2,1,0,0,0,0,0,1,0,0,0,0,0
28849554,14448826,home,3,1,2,0,0,0,0,0,0,0,2,0,0
28849553,14448808,away,1,1,0,0,0,0,0,2,0,0,0,0,0
28849553,14448812,away,1,0,0,0,0,0,0,1,1,0,0,0,0
28849553,14448818,away,1,0,0,0,0,0,0,1,0,0,0,0,0
28849553,14448815,away,2,0,0,0,0,0,0,0,0,0,0,0,0
28849553,14448816,away,1,0,0,0,0,0,0,1,0,0,0,0,0
28849553,14448809,away,2,0,2,0,0,0,0,0,0,0,0,0,0
28849553,14448811,away,2,0,1,0,0,0,0,0,1,0,0,0,0
28849553,14448807,away,2,1,0,0,0,0,1,0,1,0,1,0,0
28849553,14448817,away,1,0,1,0,0,0,0,1,0,0,2,0,0
28849553,14476300,away,1,0,0,0,0,0,0,1,1,0,1,0,0
28849553,14448810,away,3,1,1,0,0,0,0,0,0,0,0,0,0
28849553,14448813,away,2,0,2,0,0,0,2,0,0,0,0,0,0
28849553,14448861,home,2,1,1,1,0,0,2,0,0,0,0,0,0
28849553,14448794,home,2,2,1,0,0,0,2,1,0,0,2,0,0
28849553,14448787,home,3,2,1,1,0,0,4,0,0,0,1,0,0
28849553,14448788,home,3,2,2,0,0,0,0,0,0,0,2,0,0
28849553,14448789,home,3,1,2,0,0,0,0,0,0,0,0,0,0
28849553,14448792,home,2,1,0,1,0,0,1,1,0,0,0,0,0
28849553,14448804,home,1,0,0,0,0,0,0,1,0,0,0,0,0
28849553,14448852,home,4,1,2,0,0,0,0,0,1,0,0,0,0
28849553,14448855,home,4,1,2,0,0,0,0,0,0,0,0,0,0
28849553,14448854,home,2,1,2,0,0,0,0,1,0,0,0,0,0
28849553,14448860,home,2,1,1,0,0,0,0,1,0,0,1,0,0
28849553,14448870,home,2,1,1,0,0,0,1,0,0,0,0,0,0
28849553,14448857,home,2,1,1,1,0,0,2,1,0,0,0,0,0
28849555,14448837,away,2,2,1,1,0,0,1,1,0,0,0,0,0
28849555,14448843,away,1,3,1,0,0,0,1,2,0,0,1,0,0
28849555,14448839,away,6,1,1,2,0,0,1,0,0,0,1,0,0
28849555,14448838,away,2,2,2,0,0,0,1,0,1,0,0,0,0
28849555,14448849,away,2,0,1,0,0,0,2,0,0,0,0,1,0
28849555,14448848,away,1,0,1,0,0,0,2,0,0,1,0,0,1
28849555,14448847,away,3,0,0,0,0,0,0,0,2,0,0,0,0
28849555,14448845,away,0,0,0,0,0,0,0,0,0,0,0,0,0
28849555,14448846,away,3,1,0,0,1,0,0,0,1,0,0,0,0
28849555,14448850,away,2,0,1,0,0,0,0,0,1,0,0,0,0
28849555,14448876,home,2,0,0,1,0,0,0,0,0,0,0,0,0
28849555,14448890,home,2,0,1,1,0,0,3,0,0,0,0,0,0
28849555,14448882,home,0,2,0,0,0,0,0,1,0,0,0,0,1
28849555,14448889,home,0,1,0,0,0,0,1,1,0,0,0,0,0
28849555,14448891,home,2,0,0,0,0,0,0,0,2,0,0,0,0
28849555,14448888,home,2,1,0,0,1,0,0,0,0,0,0,0,0
28849555,14448879,home,2,1,2,0,0,0,0,0,0,0,1,0,0
28849555,14448887,home,1,2,1,0,0,0,1,0,0,0,0,0,1
28849555,14448885,home,2,0,0,0,0,0,0,0,0,0,0,0,0
28849555,14448886,home,2,0,0,0,0,0,0,0,0,0,0,0,0
28849555,14448884,home,3,0,0,1,0,0,1,0,1,0,0,0,0
28849555,14476354,home,2,1,1,0,1,0,1,0,0,0,0,0,0
28849555,14448883,home,2,1,2,0,0,0,0,0,0,0,0,0,0
28849555,14448881,home,2,1,1,0,0,0,1,0,0,0,0,0,0
28849557,14448875,away,4,2,1,1,0,0,0,0,0,0,0,0,0
28849557,14476361,away,5,3,0,4,0,0,2,0,0,0,0,0,0
28849557,14448871,away,2,0,0,1,0,0,1,2,0,0,0,0,0
28849557,14448864,away,3,0,1,0,0,0,0,1,0,0,0,0,0
28849557,14448865,away,5,3,3,1,0,0,2,0,0,0,1,0,0
28849557,14448869,away,4,0,1,0,0,0,1,0,0,0,0,0,0
28849557,14448866,away,3,1,3,0,0,0,0,0,0,0,0,0,0
28849557,14448872,away,2,3,1,0,0,0,0,3,0,0,0,0,0
28849557,14448863,away,4,0,1,0,0,0,0,0,1,0,0,0,0
28849557,14476360,away,3,0,0,0,0,0,0,0,3,0,0,0,0
28849557,14448874,away,4,1,1,0,0,0,0,0,3,0,1,0,0
28849557,14476357,away,4,4,2,2,0,0,1,0,0,1,0,0,0
28849557,14448873,away,3,0,0,0,0,0,0,0,0,0,0,0,0
28849557,14448890,home,2,1,0,0,0,0,0,2,1,0,0,0,0
28849557,14448880,home,3,3,1,0,0,1,3,1,0,0,2,0,0
28849557,14448882,home,3,0,0,0,0,0,0,1,0,0,1,0,0
28849557,14448889,home,3,0,0,0,0,0,0,0,1,0,0,0,0
28849557,14448891,home,3,0,0,0,0,0,0,0,2,1,0,0,0
28849557,14448879,home,3,0,2,0,0,0,5,0,0,0,0,1,0
28849557,14448885,home,3,1,2,0,0,0,0,1,1,0,0,0,0
28849557,14448886,home,4,0,2,0,0,0,0,0,1,0,0,0,0
28849557,14448884,home,4,3,4,0,0,0,0,1,0,0,2,0,0
28849557,14476354,home,4,3,0,2,0,0,2,1,1,0,1,0,0
28849557,14448883,home,4,3,1,0,0,0,0,1,0,0,1,0,0
28849558,14448806,away,3,3,1,0,0,0,0,1,0,0,1,0,1
28849558,14448812,away,3,0,2,0,0,0,2,1,0,0,0,1,0
28849558,14448818,away,4,0,0,0,0,0,0,0,3,0,0,0,0
28849558,14448816,away,4,0,0,0,0,0,0,0,0,0,0,0,0
28849558,14448811,away,5,1,2,0,0,0,0,0,0,0,0,0,0
28849558,14448807,away,3,2,1,0,0,0,0,1,0,0,0,0,0
28849558,14448817,away,5,0,3,0,0,0,0,0,0,0,0,0,0
28849558,14476300,away,5,0,2,0,0,0,1,1,1,0,0,0,0
28849558,14448813,away,4,1,4,0,0,0,2,1,0,0,0,0,0
28849558,14448814,home,3,1,1,1,0,0,1,0,0,1,0,0,0
28849558,14448823,home,5,1,0,0,0,0,1,0,1,0,0,0,0
28849558,14448821,home,3,2,1,0,0,0,3,0,0,0,0,0,1
28849558,14448819,home,4,1,1,1,0,0,3,0,0,0,0,0,0
28849558,14448820,home,4,2,3,0,0,0,1,0,1,0,0,0,0
28849558,14448827,home,3,2,2,0,0,0,0,1,0,0,0,0,0
28849558,14448825,home,4,2,3,0,0,0,1,1,0,0,0,0,0
28849559,14448861,away,3,2,0,1,0,0,0,0,1,0,0,0,1
28849559,14448794,away,4,2,2,0,0,0,1,0,1,0,0,0,0
28849559,14448787,away,5,3,1,0,1,1,4,0,1,0,0,0,0
28849559,14448788,away,4,2,2,1,0,0,3,1,0,0,1,0,0
28849559,14448789,away,5,0,1,0,0,0,0,0,0,0,0,0,0
28849559,14448792,away,4,0,3,0,1,0,3,1,0,0,0,0,0
28849559,14448804,away,1,2,0,0,0,0,0,3,1,0,0,0,0
28849559,14448784,away,4,3,2,1,0,0,2,1,0,0,1,0,0
28849559,14448854,away,5,1,2,0,0,0,2,0,0,0,0,0,0
28849559,14448870,away,5,1,2,0,0,0,1,0,1,0,0,0,0
28849559,14448837,home,5,0,3,0,0,0,1,0,0,0,0,0,0
28849559,14448843,home,3,2,2,0,0,0,0,2,1,0,2,0,1
28849559,14448839,home,2,0,1,0,0,0,0,1,0,1,0,0,0
28849559,14448838,home,4,1,1,2,0,0,0,1,0,0,0,0,0
28849559,14448844,home,3,0,0,0,0,0,0,0,2,0,0,0,0
28849559,14448849,home,2,0,0,0,0,0,0,1,1,0,0,0,0
28849559,14448848,home,4,1,1,0,0,0,1,1,1,0,0,0,0
28849559,14448847,home,3,0,0,0,0,0,0,0,0,0,0,0,0
28849559,14448845,home,3,0,0,0,0,0,0,1,0,0,0,0,0
28849563,14448837,away,5,2,1,1,0,0,2,1,0,0,0,0,0
28849563,14448842,away,4,3,1,0,1,0,1,0,0,0,0,0,1
28849563,14448843,away,4,3,0,0,0,0,0,2,0,0,0,0,0
28849563,14448839,away,4,1,0,0,2,0,1,1,1,0,1,0,0
28849563,14448848,away,5,1,1,0,0,0,2,0,0,0,0,0,1
28849563,14448847,away,5,0,0,0,0,0,0,0,2,0,0,0,1
28849563,14448845,away,6,2,4,0,0,0,2,0,0,0,0,0,0
28849563,14448846,away,5,1,2,0,0,0,1,0,0,0,0,1,0
28849563,14448823,home,7,2,4,0,0,0,3,0,0,0,0,0,0
28849563,14448821,home,6,2,4,0,0,0,0,0,0,0,2,0,0
28849563,14448819,home,6,1,2,0,0,0,1,0,0,0,1,0,0
28849563,14448833,home,5,0,2,0,0,0,3,1,0,0,0,0,0
28849563,14448828,home,3,1,2,0,0,0,1,2,0,1,1,0,0
28849563,14448827,home,3,3,0,1,0,0,0,3,0,0,1,0,0
28849563,14448830,home,4,2,0,0,0,0,0,2,1,0,0,0,0
28849561,14448876,away,4,4,3,0,0,0,1,0,0,0,0,0,1
28849561,14448890,away,5,0,1,0,0,0,2,0,1,0,0,0,0
28849561,14448880,away,5,4,1,2,0,1,6,0,0,0,0,0,0
28849561,14448882,away,3,1,1,0,0,0,0,1,1,0,1,0,0
28849561,14448889,away,4,2,2,0,0,0,3,1,0,0,2,0,0
28849561,14448891,away,5,0,1,0,0,0,1,0,0,0,0,0,0
28849561,14448888,away,4,3,3,0,0,0,2,0,1,0,0,0,1
28849561,14448879,away,5,3,3,1,0,0,3,0,0,0,1,0,0
28849561,14448887,away,5,0,1,1,0,0,2,0,0,0,0,0,0
28849561,14448885,away,5,3,4,1,0,0,2,0,0,0,0,0,0
28849561,14448884,away,3,1,1,0,0,0,0,0,0,0,0,0,0
28849561,14476354,away,5,4,3,1,0,0,2,0,0,0,1,0,0
28849561,14448883,away,5,3,1,3,0,0,2,0,0,0,1,0,0
28849561,14448806,home,4,1,2,0,0,0,1,0,0,0,2,0,0
28849561,14499763,home,1,2,1,0,0,0,0,3,0,0,0,0,0
28849561,14448812,home,3,2,1,0,0,0,0,0,0,0,0,0,1
28849561,14448818,home,3,0,0,0,0,0,0,1,0,0,0,0,0
28849561,14448815,home,3,1,0,0,0,0,0,1,0,0,0,0,0
28849561,14448816,home,3,1,2,0,0,0,2,0,0,0,2,0,0
28849561,14448809,home,3,0,1,0,0,0,1,0,0,0,0,0,1
28849561,14448811,home,4,0,1,0,0,0,0,0,0,0,0,0,0
28849561,14448817,home,1,1,0,0,0,0,1,3,1,0,1,0,0
28849561,14476300,home,6,2,1,0,1,0,2,0,3,0,0,0,0
28849561,14448810,home,4,1,2,0,0,0,1,0,0,0,0,0,0
28849561,14448813,home,3,1,1,0,0,0,0,1,0,0,0,0,0
28849562,14448787,away,5,5,2,2,0,1,3,0,0,0,1,0,0
28849562,14448788,away,5,3,3,0,0,0,0,0,1,0,1,0,0
28849562,14448789,away,6,1,3,0,0,0,3,0,0,0,0,0,0
28849562,14448792,away,4,3,2,0,0,0,0,2,0,0,0,0,0
28849562,14448804,away,6,0,0,0,0,0,0,0,0,0,0,0,0
28849562,14448784,away,4,4,3,0,0,0,1,2,0,0,0,0,0
28849562,14448852,away,6,3,2,1,0,0,3,0,1,0,0,0,0
28849562,14448855,away,6,0,2,0,0,0,5,0,0,0,1,0,0
28849562,14448857,away,5,1,1,1,0,0,2,1,0,0,0,0,0
28849562,14448875,home,4,1,1,0,1,0,0,0,0,0,0,0,0
28849562,14476361,home,4,2,2,0,0,0,0,1,1,0,3,0,0
28849562,14448871,home,5,0,0,1,0,0,0,0,0,0,0,0,0
28849562,14448864,home,3,1,2,0,0,0,0,0,0,1,1,0,0
28849562,14448865,home,3,0,0,1,0,0,1,0,0,1,0,0,0
28849562,14448866,home,4,0,0,0,0,0,0,0,1,0,0,0,0
28849562,14448872,home,4,1,2,0,0,0,0,2,0,0,0,0,0
28849562,14476360,home,2,0,1,0,0,0,0,1,0,1,0,0,0
28849562,14448874,home,2,1,1,1,0,0,0,2,0,0,1,0,0
28849562,14448867,home,4,1,0,1,0,0,1,0,1,0,1,0,0
28849562,14476357,home,5,1,1,1,0,0,0,0,0,0,0,0,0
28849562,14448873,home,4,1,1,1,0,0,1,0,1,0,1,0,0
29113735,14448837,away,5,1,0,0,0,0,0,0,0,0,0,0,1
29113735,14448842,away,4,2,1,0,0,0,1,2,0,0,0,0,0
29113735,14448843,away,5,0,2,0,0,0,1,0,1,0,0,0,0
29113735,14448839,away,3,3,1,0,0,0,0,2,0,1,0,0,0
29113735,14448838,away,2,2,1,0,0,0,0,1,0,1,0,0,0
29113735,14448849,away,4,0,0,0,0,0,4,1,2,1,0,0,0
29113735,14448840,away,5,1,1,0,0,0,0,1,0,0,0,0,0
29113735,14448848,away,5,2,3,0,0,0,1,0,0,1,0,0,0
29113735,14448850,away,3,0,1,0,0,0,1,2,2,0,0,0,0
29113735,14448861,home,4,1,1,2,0,0,1,0,1,0,0,0,0
29113735,14448794,home,4,3,4,0,0,0,1,0,0,0,0,0,0
29113735,14448788,home,5,0,3,0,0,0,1,0,0,0,1,0,0
29113735,14448789,home,3,1,1,0,0,0,0,1,0,0,0,0,0
29113735,14448792,home,4,1,1,0,0,0,0,0,3,0,0,0,0
29113735,14448804,home,3,0,1,0,0,0,1,0,1,0,0,0,0
29113735,14448784,home,4,0,0,0,0,0,0,0,0,0,0,0,0
29113735,14448852,home,2,2,0,0,1,0,0,2,1,0,1,0,0
29113735,14448855,home,4,0,1,0,0,0,0,0,0,0,0,0,0
29113735,14448854,home,4,1,2,0,0,0,1,0,0,0,0,0,0
29113735,14448860,home,4,2,1,1,0,0,3,0,0,0,0,0,0
29113735,14448857,home,4,1,1,0,1,0,3,0,1,0,1,0,0
29113736,14448808,away,4,1,3,0,0,0,1,0,0,0,0,0,0
29113736,14499763,away,1,1,0,0,0,0,1,1,0,0,0,0,2
29113736,14448812,away,3,0,1,0,0,0,2,1,2,0,1,0,0
29113736,14448818,away,3,0,0,0,0,0,0,0,2,0,0,0,0
29113736,14448815,away,3,1,2,0,0,0,0,0,0,0,1,0,1
29113736,14448816,away,4,0,2,0,0,0,0,0,1,0,0,0,0
29113736,14448811,away,2,1,1,0,0,0,0,1,1,0,0,0,0
29113736,14448807,away,2,3,0,2,0,0,0,2,0,0,1,0,0
29113736,14448805,away,4,1,1,0,0,0,3,0,0,0,1,0,0
29113736,14448817,away,4,0,2,0,0,0,2,0,0,0,1,0,0
29113736,14476300,away,3,1,0,0,0,0,0,0,0,0,1,0,0
29113736,14448810,away,4,1,1,0,0,0,0,0,1,0,1,0,0
29113736,14448813,away,4,1,1,0,0,0,1,0,0,0,0,0,0
29113736,14448868,home,3,3,0,1,0,0,1,0,0,0,4,0,0
29113736,14448875,home,3,2,0,2,0,0,0,0,0,0,3,0,0
29113736,14476361,home,3,1,1,0,0,0,1,0,1,0,0,0,0
29113736,14448871,home,3,2,3,0,0,0,2,0,0,0,0,0,0
29113736,14448864,home,2,1,1,0,0,0,0,1,1,0,0,0,0
29113736,14448865,home,3,1,0,0,0,0,0,1,0,0,0,0,0
29113736,14448869,home,1,0,0,0,0,0,1,1,1,0,1,1,0
29113736,14448866,home,3,0,1,0,0,0,1,0,0,0,0,0,0
29113736,14448872,home,3,0,2,0,0,0,0,0,0,0,0,0,0
29113736,14448863,home,3,2,1,1,0,1,3,0,0,1,0,0,0
29113736,14476360,home,2,0,0,0,0,0,0,0,1,1,0,0,0
29113736,14448867,home,2,3,1,0,1,0,3,0,0,0,1,0,0
29113736,14476357,home,4,2,1,0,1,0,1,0,0,0,0,0,0
29113736,14448873,home,3,1,2,0,0,0,2,0,1,0,0,0,0
29205715,14448868,away,3,2,1,0,0,0,0,1,0,0,0,0,1
29205715,14448875,away,1,2,1,0,0,0,0,3,0,0,0,0,0
29205715,14448871,away,0,0,0,0,0,0,0,0,0,0,0,0,0
29205715,14448864,away,4,1,3,0,0,0,1,0,0,0,0,0,0
29205715,14448865,away,3,3,1,1,0,0,3,1,0,0,0,0,0
29205715,14448869,away,3,2,1,0,0,0,0,0,0,1,0,0,0
29205715,14448866,away,4,1,2,0,0,0,2,0,0,0,0,0,0
29205715,14448872,away,3,1,1,0,0,0,0,1,0,0,0,0,0
29205715,14448863,away,4,3,2,0,1,0,2,0,0,0,1,0,0
29205715,14476360,away,3,0,1,0,0,0,1,0,1,1,0,0,0
29205715,14448874,away,4,0,1,0,0,0,2,0,2,0,0,0,0
29205715,14448867,away,2,1,1,0,0,0,1,0,1,0,2,0,1
29205715,14476357,away,4,1,2,0,0,0,0,0,0,0,0,0,0
29205715,14448873,away,4,0,1,0,0,0,0,0,0,0,0,0,0
29205715,14448814,home,2,1,0,0,0,0,1,1,0,0,0,0,0
29205715,14448831,home,2,1,0,0,0,0,0,0,0,0,0,0,1
29205715,14448822,home,3,2,2,0,0,0,2,1,0,0,1,0,0
29205715,14448823,home,4,0,2,0,0,0,1,0,0,0,0,0,0
29205715,14448821,home,3,2,1,0,0,0,1,1,0,0,0,0,0
29205715,14448819,home,4,1,1,0,0,0,2,0,0,0,0,0,0
29205715,14448820,home,3,0,0,0,0,0,0,0,0,0,0,0,0
29205715,14448833,home,3,2,1,0,0,0,1,1,0,0,2,0,0
29205715,14448828,home,2,1,0,0,0,0,0,0,0,0,0,0,0
29205715,14448827,home,3,1,2,0,0,0,0,0,1,0,0,0,0
29205715,14448824,home,4,0,1,0,0,0,1,0,0,0,1,0,0
29205715,14448826,home,4,0,2,0,0,0,0,0,2,0,0,0,0
29205715,14448825,home,2,1,2,0,0,0,1,1,0,0,0,0,0
29205719,14448861,away,4,0,0,0,0,0,0,0,0,0,0,0,1
29205719,14448794,away,3,0,0,0,0,0,0,2,0,0,0,0,0
29205719,14448788,away,5,2,1,0,0,0,1,1,2,0,0,0,0
29205719,14448792,away,4,0,0,0,0,0,0,1,2,0,0,0,0
29205719,14448804,away,2,2,0,0,0,0,0,3,0,0,0,0,0
29205719,14448801,away,4,2,1,0,0,0,0,1,0,0,1,0,0
29205719,14448784,away,3,3,2,0,0,0,1,0,0,1,0,0,0
29205719,14448855,away,4,1,1,1,0,0,2,1,0,0,1,0,0
29205719,14448854,away,3,1,1,0,0,0,0,1,0,0,0,0,1
29205719,14448860,away,4,1,1,1,0,0,1,1,1,0,1,0,0
29205719,14448870,away,0,0,0,0,0,0,0,0,0,0,0,0,0
29205719,14448857,away,4,2,1,0,0,0,0,0,0,0,0,0,1
29205719,14448876,home,3,2,0,1,0,0,1,1,0,0,0,0,0
29205719,14448890,home,3,1,0,0,0,0,0,1,0,0,0,0,0
29205719,14448880,home,3,1,0,1,0,0,2,0,1,1,0,0,0
29205719,14448889,home,3,1,1,0,0,0,0,0,0,0,0,0,0
29205719,14448891,home,3,0,0,0,0,0,0,0,1,0,0,0,0
29205719,14448888,home,3,2,2,0,1,0,3,0,0,0,1,0,1
29205719,14448879,home,2,3,1,1,0,0,2,0,0,0,1,0,2
29205719,14448887,home,2,0,0,0,0,0,0,2,1,0,0,0,0
29205719,14448885,home,3,1,0,0,0,0,1,1,0,0,0,0,0
29205719,14448884,home,4,4,4,0,0,0,2,0,0,0,1,0,0
29205719,14476354,home,3,0,0,1,0,0,3,0,0,0,0,0,1
29205719,14448883,home,2,1,1,0,0,0,2,1,0,0,2,1,0
29205719,14448881,home,2,1,2,0,0,0,0,0,1,0,0,0,0
29237785,14448868,away,4,3,2,0,0,0,0,1,0,0,0,0,0
29237785,14448875,away,3,0,0,0,0,0,0,0,1,0,0,0,1
29237785,14476361,away,4,1,2,0,0,0,0,0,1,1,0,0,0
29237785,14448871,away,0,0,0,0,0,0,0,0,0,0,0,0,0
29237785,14448864,away,2,1,1,0,0,0,0,0,0,2,0,0,0
29237785,14448865,away,2,2,1,0,0,0,1,1,0,2,0,0,0
29237785,14448869,away,4,0,1,0,0,0,2,0,1,0,0,0,0
29237785,14448866,away,3,0,1,0,0,0,0,1,0,0,0,0,0
29237785,14448872,away,3,0,1,0,0,0,0,0,0,0,1,0,0
29237785,14448863,away,5,1,3,0,0,0,0,0,0,0,0,0,0
29237785,14476360,away,3,0,2,0,0,0,0,0,0,1,0,0,0
29237785,14448867,away,3,1,0,0,0,0,1,1,0,0,0,1,0
29237785,14476357,away,3,2,1,1,0,0,1,2,0,0,0,0,0
29237785,14448873,away,4,0,3,0,0,0,0,0,0,0,0,0,0
29237785,14448876,home,2,2,1,0,0,0,1,2,0,0,2,0,0
29237785,14448890,home,2,0,0,0,0,0,0,0,1,1,0,0,0
29237785,14448880,home,3,2,1,0,0,0,0,1,0,0,0,0,0
29237785,14448882,home,2,1,0,0,0,0,0,1,0,0,0,0,0
29237785,14448889,home,3,0,1,0,0,0,0,0,0,0,0,0,0
29237785,14448891,home,0,0,0,0,0,0,0,0,0,0,0,0,0
29237785,14448888,home,2,1,1,0,0,0,1,2,0,0,1,0,0
29237785,14448879,home,4,0,1,0,0,0,0,0,0,0,0,0,0
29237785,14448887,home,3,0,1,0,0,0,0,0,0,0,0,0,0
29237785,14448885,home,2,1,0,1,0,0,1,1,1,0,0,0,0
29237785,14448886,home,2,1,1,0,0,0,1,1,0,0,1,1,0
29237785,14448884,home,3,2,1,0,0,0,0,1,1,0,0,0,0
29237785,14476354,home,4,0,1,1,0,0,1,0,0,0,0,0,0
29237785,14448883,home,1,2,1,0,0,0,1,3,0,0,1,0,0
29237785,14448881,home,2,0,0,0,0,0,0,1,0,0,0,0,0
29720968,14783275,away,3,0,0,0,0,0,0,0,3,0,0,0,0
29720968,14783276,away,4,3,2,0,0,0,0,0,0,0,0,0,0
29720968,14783283,away,3,1,2,0,0,0,1,1,0,0,0,0,0
29720968,14783282,away,3,0,0,0,0,0,0,0,0,0,0,0,0
29720968,14783280,away,3,2,1,1,0,0,2,0,0,1,1,0,0
29720968,14783289,away,4,0,0,0,0,0,0,0,1,0,0,0,0
29720968,14783279,away,2,0,1,0,0,0,0,1,1,1,0,0,0
29720968,14783278,away,3,1,1,1,0,0,1,1,0,0,0,0,0
29720968,14783284,away,2,0,1,0,0,0,0,2,0,0,0,0,0
29720968,14783285,away,2,1,1,0,0,0,0,1,0,0,2,0,0
29720968,14783287,away,4,1,1,2,0,0,3,0,0,0,2,0,0
29720968,14783288,away,3,0,0,0,0,0,0,0,2,0,0,0,0
29720968,14783226,home,3,0,1,0,0,0,0,1,1,0,0,0,0
29720968,14783241,home,3,0,0,0,0,0,1,0,0,0,0,0,0
29720968,14783235,home,4,1,1,0,0,0,0,0,0,0,0,0,0
29720968,14783240,home,2,0,0,0,0,0,1,2,2,0,0,0,0
29720968,14783233,home,2,1,0,1,0,0,2,2,0,0,0,0,0
29720968,14783228,home,3,3,2,0,0,0,0,1,0,0,0,0,0
29720968,14783229,home,3,2,1,0,0,0,1,1,1,0,1,0,0
29720968,14783227,home,3,1,3,0,0,0,2,1,0,0,0,0,0
29720968,14785279,home,2,0,0,0,0,0,0,1,1,1,0,0,0
29720968,14783230,home,3,1,2,0,0,0,1,1,0,0,0,0,0
29720968,14783237,home,3,3,2,0,0,0,0,1,1,0,0,0,0
29720968,14783231,home,1,0,0,0,0,0,2,3,0,0,0,0,0
29720968,14783234,home,4,2,1,1,1,0,1,0,0,0,0,0,0
29720969,14783247,away,2,1,0,1,0,0,0,1,0,0,0,0,0
29720969,14783251,away,3,1,2,0,0,0,1,0,1,0,0,0,0
29720969,14783245,away,3,1,1,0,0,0,0,0,0,0,0,0,0
29720969,14783243,away,2,1,0,1,0,0,0,2,0,0,1,0,0
29720969,14783258,away,1,0,0,0,0,0,0,2,0,0,0,0,0
29720969,14783254,away,3,2,2,1,0,0,1,0,0,0,0,0,0
29720969,14783246,away,2,3,1,0,0,0,1,1,0,0,0,0,0
29720969,14783242,away,4,0,2,0,0,0,0,0,0,0,0,0,0
29720969,14783256,away,3,1,1,0,0,0,0,1,0,0,0,0,0
29720969,14783257,away,3,1,1,0,0,0,0,0,1,0,0,0,1
29720969,14783248,away,3,0,0,0,0,0,0,0,1,0,0,0,0
29720969,14783253,away,1,0,0,0,0,0,0,2,0,0,0,0,0
29720969,14783244,away,1,3,0,1,0,0,0,1,0,1,0,0,0
29720969,14783201,home,3,1,0,0,0,0,0,1,1,0,0,0,0
29720969,14783205,home,4,2,2,0,0,0,0,0,1,0,0,0,1
29720969,14783198,home,3,1,1,0,0,0,0,1,0,0,0,0,0
29720969,14783204,home,3,2,0,1,0,0,0,1,0,0,0,0,0
29720969,14783199,home,4,1,3,1,0,0,5,0,0,0,0,0,0
29720969,14783210,home,2,1,0,0,0,0,0,1,1,0,0,0,0
29720969,14783208,home,4,1,3,0,0,0,1,0,1,0,0,0,0
29720969,14783203,home,4,4,3,1,0,0,1,0,0,0,0,0,0
29720969,14783202,home,3,3,2,0,0,0,1,2,0,0,0,0,0
29720969,14783209,home,3,2,2,0,0,0,1,1,1,0,0,0,0
29720970,14783263,away,5,2,1,0,0,0,0,1,3,0,0,0,0
29720970,14783274,away,5,0,0,0,0,0,1,1,1,0,0,0,1
29720970,14783272,away,6,3,3,0,0,0,0,0,3,0,0,0,0
29720970,14783269,away,5,1,2,0,0,0,2,1,0,0,0,0,1
29720970,14783264,away,4,1,1,0,0,0,0,0,1,0,0,0,0
29720970,14783267,away,5,0,1,0,0,0,0,1,2,0,0,0,0
29720970,14783270,away,6,1,1,0,0,0,0,0,0,0,0,0,0
29720970,14783273,away,4,0,2,0,0,0,1,2,0,0,0,0,0
29720970,14783266,away,3,0,2,0,0,0,0,3,0,0,0,0,0
29720970,14783217,home,3,0,0,0,0,0,0,0,1,0,0,0,0
29720970,14783220,home,4,1,2,1,0,0,3,0,1,0,0,0,0
29720970,14783214,home,3,2,1,0,0,0,0,0,0,1,0,0,0
29720970,14783219,home,3,1,1,0,0,0,0,1,0,0,0,0,0
29720970,14783215,home,4,2,3,0,0,0,0,0,0,0,2,0,0
29720970,14783211,home,2,1,1,0,0,0,1,1,0,1,2,0,0
29720970,14783225,home,2,0,0,0,0,0,1,1,1,0,0,0,0
29720970,14783224,home,2,1,0,0,0,0,0,1,1,0,2,0,0
29720970,14783218,home,0,0,0,0,0,0,0,0,0,0,0,0,0
29720970,14783216,home,3,2,1,1,0,0,0,1,0,0,2,0,0
29720970,14783213,home,3,0,2,0,0,0,2,0,0,0,0,1,0
29720970,14783212,home,4,0,2,0,0,0,0,0,1,0,0,0,0
29720970,14783221,home,3,1,1,0,0,0,2,0,0,0,1,0,0
29769420,14783201,away,2,3,0,0,0,0,0,2,1,0,3,0,0
29769420,14783205,away,5,0,2,0,0,0,4,0,0,0,0,0,0
29769420,14783198,away,4,3,3,0,0,0,0,0,0,0,3,0,0
29769420,14783204,away,3,0,1,0,0,0,0,1,1,0,1,0,0
29769420,14783199,away,3,3,2,0,0,0,3,1,1,1,0,0,0
29769420,14783210,away,1,1,1,0,0,0,0,2,0,0,2,0,0
29769420,14783203,away,4,0,2,0,0,0,3,1,0,0,0,0,0
29769420,14783197,away,3,3,0,2,0,0,2,2,0,0,1,0,0
29769420,14783207,away,2,0,0,0,0,0,1,1,0,1,0,0,1
29769420,14783202,away,4,2,1,0,0,0,3,1,0,0,2,0,2
29769420,14783209,away,5,1,2,0,0,0,1,0,0,0,0,0,0
29769420,14783260,home,2,2,1,1,0,0,1,1,0,0,0,0,0
29769420,14783261,home,3,2,0,1,0,0,0,2,2,0,3,0,0
29769420,14783262,home,2,0,0,0,0,0,0,1,0,0,0,0,0
29769420,14783271,home,3,0,1,0,0,0,0,0,1,0,0,0,0
29769420,14783263,home,3,0,1,0,0,0,0,0,0,0,0,0,0
29769420,14783272,home,2,0,0,0,0,0,0,1,0,0,0,0,0
29769420,14783269,home,1,0,0,0,0,0,1,1,0,0,0,1,0
29769420,14783259,home,2,3,1,1,0,0,4,1,0,0,1,0,0
29769420,14783264,home,3,0,2,0,0,0,0,0,0,0,0,0,0
29769420,14783267,home,3,1,1,0,0,0,0,0,0,0,1,0,0
29769420,14783270,home,2,2,0,0,0,0,0,2,0,0,2,0,0
29769420,14783273,home,2,0,0,0,0,0,1,0,1,1,0,0,0
29769420,14783266,home,3,1,2,0,0,0,3,0,0,0,1,0,0
29769420,14783265,home,3,0,1,2,0,0,2,0,0,0,0,0,0
29769422,14783241,away,4,0,0,0,0,0,0,0,3,0,0,0,0
29769422,14783240,away,4,0,0,0,0,0,0,0,3,0,0,0,0
29769422,14783233,away,5,3,1,2,0,0,3,0,1,0,1,0,0
29769422,14783228,away,5,2,3,1,0,0,2,0,0,0,1,0,0
29769422,14783229,away,4,0,1,1,0,0,3,0,0,0,0,0,0
29769422,14783227,away,4,1,1,0,0,0,0,1,1,0,0,0,0
29769422,14783236,away,2,1,0,0,0,0,0,0,1,2,0,0,0
29769422,14783230,away,4,1,2,0,0,0,1,0,1,0,0,0,0
29769422,14783237,away,5,2,0,2,0,0,2,0,2,0,0,0,0
29769422,14783231,away,4,2,2,0,0,0,1,0,0,0,0,0,2
29769422,14783234,away,5,2,1,1,0,0,2,0,0,0,1,0,1
29769422,14783247,home,4,1,1,0,0,0,0,0,2,0,0,0,0
29769422,14783245,home,4,3,3,1,0,0,1,0,0,0,1,0,0
29769422,14783243,home,4,1,2,0,0,0,0,0,0,0,0,0,0
29769422,14783258,home,3,0,0,0,0,0,0,1,0,0,0,0,0
29769422,14783250,home,3,0,0,0,0,0,1,1,0,0,1,0,1
29769422,14783246,home,4,2,2,0,0,0,0,0,1,0,0,0,0
29769422,14783242,home,4,1,3,0,0,0,2,0,0,0,0,0,0
29769422,14783256,home,4,1,3,0,0,0,2,0,0,0,1,0,0
29769422,14783257,home,3,0,1,0,0,0,0,0,2,0,0,0,0
29769422,14783248,home,4,1,4,0,0,0,2,0,0,0,0,0,0
29769422,14783244,home,4,2,3,0,0,0,0,0,0,0,0,0,0
29769421,14783217,away,2,1,1,0,0,0,0,2,0,1,0,0,0
29769421,14783220,away,4,1,1,0,0,0,1,1,0,0,0,0,0
29769421,14783222,away,5,1,0,0,0,0,0,0,0,0,0,0,1
29769421,14783215,away,2,3,1,0,0,0,3,3,0,0,1,0,0
29769421,14783211,away,5,1,2,0,0,0,2,0,1,0,0,0,1
29769421,14783225,away,2,0,0,0,0,0,0,0,0,0,0,0,0
29769421,14783224,away,3,3,2,0,0,0,1,2,1,0,0,0,0
29769421,14783218,away,4,0,2,0,0,0,3,1,0,0,0,0,0
29769421,14783216,away,4,3,3,0,0,0,2,1,0,0,1,0,0
29769421,14783213,away,3,0,1,0,0,0,2,2,0,0,0,0,0
29769421,14783221,away,3,2,1,0,0,0,1,1,0,1,0,0,0
29769421,14783281,home,2,1,1,0,0,0,1,0,0,0,1,1,0
29769421,14783275,home,3,0,0,0,0,0,0,0,2,0,0,0,0
29769421,14783276,home,3,2,1,0,0,0,0,1,0,0,2,0,0
29769421,14783283,home,4,0,0,0,0,0,0,0,0,0,0,0,0
29769421,14783282,home,2,0,1,0,0,0,0,1,0,0,0,0,0
29769421,14783280,home,4,1,2,0,0,0,2,0,1,0,1,0,0
29769421,14783289,home,3,0,1,0,0,0,0,0,2,0,0,0,0
29769421,14783279,home,3,0,0,2,0,0,0,0,1,0,0,0,0
29769421,14783278,home,4,1,1,0,0,0,0,0,1,0,0,0,0
29769421,14783284,home,3,0,0,0,0,0,0,0,2,0,0,0,0
29769421,14783285,home,3,1,2,0,0,0,0,0,0,0,1,0,0
29769421,14783286,home,3,0,1,1,0,0,2,0,1,0,1,0,0
29769421,14783287,home,2,0,0,0,0,0,1,1,0,0,0,0,0
29769421,14783288,home,0,0,0,0,0,0,0,1,0,0,0,0,0
29720978,14783201,away,2,1,1,0,0,0,0,2,1,0,1,0,0
29720978,14783205,away,4,1,1,0,0,0,0,1,1,0,1,0,0
29720978,14783204,away,3,0,0,0,0,0,0,0,1,0,0,0,0
29720978,14783208,away,3,2,2,0,0,0,0,2,0,0,1,0,0
29720978,14783203,away,3,1,1,0,0,0,0,2,1,0,1,0,0
29720978,14783197,away,2,1,0,0,0,0,0,2,2,0,1,0,0
29720978,14783202,away,4,1,2,0,0,0,0,1,0,0,1,0,0
29720978,14783209,away,5,0,1,0,0,0,0,0,4,0,0,0,0
29720978,14783260,home,1,3,0,1,0,0,0,3,0,0,2,0,0
29720978,14783261,home,4,1,0,1,0,0,0,0,2,0,1,0,0
29720978,14783271,home,3,0,1,0,0,0,0,0,0,0,0,0,0
29720978,14783263,home,3,1,2,0,0,0,2,1,0,0,0,0,0
29720978,14783274,home,4,0,2,0,0,0,0,0,2,0,0,0,0
29720978,14783272,home,4,0,2,0,0,0,1,0,1,0,0,0,0
29720978,14783269,home,4,1,2,0,0,0,2,0,1,0,0,0,0
29720978,14783259,home,4,0,1,1,0,0,2,0,1,0,0,0,0
29720978,14783264,home,3,0,0,0,0,0,0,0,1,0,0,0,0
29720978,14783270,home,3,1,1,0,0,0,0,1,1,0,1,0,0
29720978,14783273,home,3,0,0,0,0,0,0,0,1,0,0,0,0
29720978,14783265,home,4,1,3,0,0,0,0,0,1,0,0,0,0
29720976,14783226,away,3,0,1,0,0,0,1,0,0,1,0,0,0
29720976,14783241,away,3,1,1,0,0,0,1,0,1,0,0,0,0
29720976,14783235,away,2,1,1,0,0,0,0,1,0,0,2,0,0
29720976,14783240,away,2,2,1,0,0,0,0,1,0,0,0,0,0
29720976,14783233,away,2,0,2,0,0,0,0,0,0,0,0,0,0
29720976,14783228,away,4,0,2,0,0,0,1,0,0,0,1,0,0
29720976,14783229,away,3,0,0,0,0,0,0,1,1,0,0,0,0
29720976,14783227,away,3,0,1,0,0,0,1,0,0,0,1,0,0
29720976,14783236,away,2,1,0,1,0,0,0,0,1,1,0,0,0
29720976,14783230,away,2,1,1,0,0,0,1,0,0,1,0,0,0
29720976,14783237,away,1,2,0,0,0,0,1,3,1,0,1,0,0
29720976,14783231,away,3,1,1,0,0,0,1,1,1,0,0,0,0
29720976,14783234,away,4,3,1,1,0,0,2,0,0,0,1,0,0
29720976,14783247,home,1,1,0,0,0,0,1,3,1,0,1,0,0
29720976,14783251,home,3,0,1,0,0,0,0,0,1,0,0,0,0
29720976,14783245,home,4,2,1,1,0,0,2,0,0,0,2,0,1
29720976,14783243,home,4,1,1,0,0,0,0,0,0,0,2,0,0
29720976,14783258,home,3,0,1,0,0,0,0,0,0,0,1,0,0
29720976,14783250,home,2,1,1,0,0,0,0,0,0,2,0,0,0
29720976,14783246,home,4,1,2,1,0,0,3,0,1,0,0,0,0
29720976,14783242,home,3,2,1,0,0,0,0,1,0,0,2,0,1
29720976,14783256,home,4,1,1,0,0,0,2,0,0,0,0,0,1
29720976,14783257,home,3,0,1,0,0,0,0,0,1,0,0,0,0
29720976,14783248,home,4,0,1,0,0,0,0,0,0,0,1,0,0
29720976,14783253,home,3,0,1,0,1,0,1,0,0,0,1,0,0
29720976,14783244,home,4,1,1,0,0,0,1,0,0,0,2,0,0
29720974,14783281,away,3,3,2,0,0,0,0,1,0,0,1,0,0
29720974,14783275,away,3,0,0,0,0,0,0,0,3,0,0,0,0
29720974,14783276,away,4,0,2,0,0,0,3,0,1,0,1,0,0
29720974,14783283,away,3,0,1,0,0,0,0,1,0,0,0,0,0
29720974,14783282,away,3,1,2,0,0,0,0,1,0,0,2,0,0
29720974,14783280,away,3,2,1,1,0,0,2,1,0,0,0,0,0
29720974,14783289,away,1,1,1,0,0,0,0,0,1,0,0,0,0
29720974,14783279,away,3,1,1,0,1,0,2,0,1,0,0,0,0
29720974,14783278,away,3,0,1,1,0,0,2,0,1,0,0,1,0
29720974,14783284,away,4,0,1,0,0,0,0,0,0,0,0,0,0
29720974,14783287,away,3,1,1,0,0,0,0,1,0,0,0,0,0
29720974,14783288,away,3,1,1,0,0,0,1,0,0,0,0,0,0
29720974,14783220,home,2,1,2,0,0,0,0,2,0,0,0,0,0
29720974,14783214,home,2,0,1,0,0,0,0,1,0,0,0,0,0
29720974,14783222,home,3,0,0,0,0,0,0,0,0,0,0,0,0
29720974,14783219,home,3,1,0,0,0,0,1,0,0,0,0,0,0
29720974,14783215,home,2,0,0,0,0,0,1,1,0,0,0,0,1
29720974,14783211,home,3,2,3,0,0,0,2,1,0,0,0,0,0
29720974,14783225,home,1,2,0,0,0,0,0,2,0,0,0,0,0
29720974,14783224,home,2,1,0,0,0,0,0,1,1,0,0,0,0
29720974,14783218,home,4,0,2,0,0,0,2,0,0,0,0,0,0
29720974,14783216,home,3,4,3,0,0,0,2,1,0,0,3,0,0
29720974,14783213,home,4,1,1,0,0,0,2,0,0,0,0,0,0
29720974,14783212,home,4,2,2,0,0,0,0,0,0,0,0,0,1
29720974,14783221,home,2,1,0,0,0,0,0,1,1,0,2,0,0
29720995,14783275,away,3,0,0,0,0,0,0,2,3,0,0,0,0
29720995,14783276,away,4,2,0,0,0,0,0,1,2,0,0,0,0
29720995,14783283,away,5,0,3,0,0,0,1,0,0,0,0,0,0
29720995,14783282,away,5,0,2,0,0,0,0,0,1,0,0,0,0
29720995,14783280,away,2,1,1,0,0,0,1,1,0,2,0,0,1
29720995,14783289,away,4,1,2,0,0,0,1,0,1,1,0,0,0
29720995,14783287,away,4,1,2,0,0,0,0,1,1,0,0,0,0
29720995,14783288,away,5,0,0,1,0,0,1,0,2,0,0,0,0
29720995,14783201,home,4,0,2,0,0,0,1,0,0,0,0,0,0
29720995,14783205,home,4,1,2,0,0,0,0,0,1,0,0,0,1
29720995,14783198,home,4,2,1,1,0,0,0,1,2,0,0,0,0
29720995,14783204,home,0,0,0,0,0,0,0,0,0,0,0,0,0
29720995,14783199,home,4,1,1,1,0,0,2,0,0,0,0,0,0
29720995,14783210,home,4,1,1,0,0,0,0,0,1,0,0,0,1
29720995,14783208,home,4,0,4,0,0,0,0,0,0,0,0,0,0
29720995,14783203,home,4,1,2,0,1,0,0,0,0,0,1,0,0
29720995,14783197,home,3,3,2,1,0,0,1,1,0,0,1,0,0
29720995,14783207,home,2,0,0,0,0,0,0,2,1,0,0,0,0
29720995,14783202,home,4,3,1,1,0,0,2,0,0,0,0,0,0
29720995,14783209,home,4,0,1,0,0,0,0,0,1,0,0,0,0
29720996,14783220,away,6,0,1,1,0,0,0,4,1,0,0,0,0
29720996,14783214,away,5,4,2,1,0,0,0,1,0,0,0,0,0
29720996,14783219,away,4,4,2,2,0,0,4,1,0,0,0,0,0
29720996,14783215,away,3,4,3,0,0,0,0,4,0,0,0,0,0
29720996,14783211,away,6,4,3,0,0,0,2,1,1,0,0,0,0
29720996,14783224,away,0,0,0,0,0,0,0,0,0,0,0,0,0
29720996,14783218,away,7,4,1,1,0,0,5,0,0,0,0,0,0
29720996,14783216,away,7,4,1,2,1,1,4,0,0,0,0,0,0
29720996,14783213,away,6,1,2,0,0,0,1,0,0,0,0,0,0
29720996,14783212,away,6,1,3,1,0,0,6,0,0,0,0,0,0
29720996,14783226,home,3,1,0,1,0,0,2,0,0,0,1,0,0
29720996,14783241,home,3,0,0,0,0,0,0,0,0,0,0,0,0
29720996,14783235,home,3,0,1,0,0,0,0,0,0,0,0,0,0
29720996,14783240,home,3,0,0,0,0,0,0,0,2,0,0,0,0
29720996,14783228,home,3,0,0,0,0,0,1,0,0,0,0,0,0
29720996,14783229,home,3,1,1,0,0,0,1,0,0,0,1,0,0
29720996,14783227,home,1,1,0,0,0,0,0,2,1,0,0,0,0
29720996,14783236,home,2,0,0,0,0,0,0,1,1,0,0,0,0
29720996,14783230,home,3,0,2,0,0,0,0,0,0,0,0,0,0
29720996,14783237,home,2,0,0,0,0,0,0,1,2,0,0,0,0
29720996,14783231,home,2,0,0,0,0,0,0,1,0,0,0,0,0
29720996,14783234,home,3,1,1,0,0,0,0,0,0,0,0,0,0
29720997,14783247,away,4,0,2,0,0,0,1,0,1,0,0,0,0
29720997,14783251,away,2,0,0,0,0,0,1,1,2,0,0,0,0
29720997,14783245,away,3,1,1,0,0,0,0,1,0,0,1,0,0
29720997,14783258,away,3,0,0,0,0,0,1,1,0,0,0,0,0
29720997,14783250,away,3,2,1,0,0,0,0,1,0,0,2,0,0
29720997,14783254,away,3,0,0,0,0,0,1,1,2,0,0,0,0
29720997,14783246,away,2,2,0,0,0,0,0,1,1,1,0,0,0
29720997,14808809,away,2,1,0,0,0,0,0,1,1,0,0,0,0
29720997,14783242,away,4,2,3,1,0,0,3,0,0,0,2,0,0
29720997,14783256,away,3,0,1,0,0,0,2,0,0,0,0,0,0
29720997,14783248,away,2,3,1,1,0,0,2,2,0,0,0,0,0
29720997,14783253,away,2,3,1,1,0,0,3,2,0,0,1,0,0
29720997,14783244,away,3,2,1,0,0,0,2,0,0,0,2,0,0
29720997,14783260,home,4,2,2,0,0,0,2,0,1,0,1,0,0
29720997,14783261,home,5,3,2,1,0,0,1,0,1,0,2,0,0
29720997,14783271,home,4,1,1,0,0,0,1,0,0,0,0,0,0
29720997,14783263,home,4,1,2,0,0,0,0,0,0,0,0,0,0
29720997,14783272,home,4,1,1,0,0,0,0,0,0,0,0,0,0
29720997,14783269,home,4,0,2,1,0,0,2,0,0,0,0,0,0
29720997,14783259,home,4,2,1,2,0,0,3,0,0,0,2,0,0
29720997,14783264,home,3,2,2,0,0,0,1,0,0,0,1,0,0
29720997,14783267,home,3,0,1,0,0,0,0,1,0,0,0,0,0
29720997,14783270,home,3,1,0,0,0,0,0,1,1,0,1,0,0
29720997,14783273,home,4,0,2,0,0,0,1,0,2,0,1,0,0
29720997,14783265,home,3,1,3,0,0,0,2,0,0,0,1,0,0
29721001,14783247,away,3,1,1,0,0,0,0,0,0,0,0,0,0
29721001,14783245,away,3,2,1,0,0,0,0,1,1,0,0,0,0
29721001,14783258,away,2,0,0,0,0,0,1,1,0,0,0,0,0
29721001,14783250,away,4,0,0,0,0,0,0,0,0,0,0,0,0
29721001,14783254,away,3,0,0,0,0,0,0,1,0,0,0,0,0
29721001,14783246,away,4,0,2,0,0,0,3,0,0,0,0,0,0
29721001,14808809,away,2,0,0,0,0,0,0,1,1,0,0,0,0
29721001,14783242,away,4,2,3,0,0,0,0,0,0,0,1,0,0
29721001,14783256,away,3,0,1,0,0,0,1,0,0,0,0,0,0
29721001,14783248,away,3,1,1,1,0,0,1,0,0,0,3,0,0
29721001,14783253,away,3,1,1,0,0,0,0,0,1,0,0,0,0
29721001,14783244,away,3,1,2,0,0,0,2,0,0,0,0,1,0
29721001,14783220,home,4,0,0,1,0,0,0,1,0,0,0,0,0
29721001,14783214,home,5,0,1,0,0,0,1,0,0,0,0,0,0
29721001,14783215,home,4,3,2,1,0,0,6,0,1,1,2,0,0
29721001,14783211,home,5,1,3,0,0,0,1,0,0,0,0,0,0
29721001,14783224,home,3,3,1,0,0,0,0,0,0,0,1,0,1
29721001,14783216,home,5,4,3,0,0,0,1,1,0,0,4,0,0
29721001,14783213,home,5,0,0,0,0,0,0,0,1,0,0,0,0
29721001,14783212,home,5,0,4,0,0,0,3,0,1,0,0,0,0
29721001,14783221,home,2,3,1,1,0,0,0,3,0,0,5,0,0
29721003,14783201,away,3,0,1,0,0,0,1,2,0,0,0,0,0
29721003,14783205,away,4,2,3,0,0,0,0,0,0,1,1,0,0
29721003,14783198,away,5,1,1,0,0,0,0,0,0,0,0,0,0
29721003,14783204,away,1,0,0,0,0,0,0,0,0,0,0,0,0
29721003,14783210,away,5,0,2,0,0,0,0,0,1,0,0,0,1
29721003,14783208,away,5,0,3,0,0,0,0,0,0,0,0,0,0
29721003,14783203,away,5,3,3,1,0,0,0,0,0,0,0,0,0
29721003,14783197,away,6,3,2,1,0,0,0,0,1,0,0,0,0
29721003,14783207,away,3,0,0,0,0,0,0,2,0,0,0,0,0
29721003,14783209,away,5,2,1,0,0,0,1,0,1,0,0,0,1
29721003,14783226,home,5,1,0,1,0,0,1,0,3,0,0,0,0
29721003,14783241,home,3,0,0,0,0,0,0,1,0,0,0,0,0
29721003,14783235,home,4,1,2,0,0,0,0,0,0,0,0,0,0
29721003,14783228,home,5,3,1,1,1,0,6,0,0,0,1,0,0
29721003,14783229,home,4,3,2,1,0,0,0,0,0,1,0,0,0
29721003,14783236,home,3,0,1,0,0,0,0,0,1,0,0,0,0
29721003,14783231,home,2,1,1,0,0,0,0,2,0,0,0,0,1
29721003,14783234,home,4,2,1,1,0,0,1,0,0,0,0,0,0
29721002,14783275,away,5,1,2,0,0,0,0,0,2,0,0,0,0
29721002,14783276,away,6,3,2,0,0,0,1,0,2,0,2,0,0
29721002,14783283,away,5,1,1,0,0,0,0,0,1,0,0,0,0
29721002,14783280,away,4,2,2,0,0,0,1,0,0,2,0,0,0
29721002,14783289,away,3,1,0,0,0,0,0,0,1,1,0,0,0
29721002,14783279,away,6,1,2,0,0,0,0,0,2,0,0,0,0
29721002,14783278,away,4,2,1,1,1,0,3,2,1,0,1,0,0
29721002,14783287,away,5,1,3,0,0,0,6,1,0,0,1,0,0
29721002,14783288,away,4,1,2,0,0,0,2,1,0,0,0,0,0
29721002,14783260,home,4,3,3,1,0,0,2,0,0,0,3,0,0
29721002,14783261,home,2,3,1,0,0,0,0,3,0,0,4,0,0
29721002,14783262,home,3,0,0,0,0,0,0,1,1,0,0,0,0
29721002,14783263,home,3,0,1,0,0,0,0,0,1,0,0,0,0
29721002,14783272,home,4,1,0,0,0,0,0,0,1,0,0,0,0
29721002,14783259,home,2,1,0,0,0,0,2,2,2,0,1,1,0
29721002,14783264,home,4,0,0,0,0,0,0,0,1,0,0,0,0
29721002,14783267,home,5,0,2,0,0,0,0,0,1,0,0,0,0
29721002,14783273,home,2,0,0,0,0,0,0,1,1,0,1,0,0
29721002,14783266,home,0,0,0,0,0,0,0,0,0,0,0,0,0
29721002,14783265,home,5,1,2,0,0,0,3,0,1,0,0,0,0
29721007,14827428,away,5,4,1,2,0,0,1,0,0,0,0,0,1
29721007,14783241,away,4,0,0,0,0,0,0,1,2,0,0,0,0
29721007,14783235,away,4,4,2,1,0,0,3,1,0,0,1,0,0
29721007,14783240,away,5,1,2,0,0,0,1,0,1,0,0,0,0
29721007,14783228,away,5,3,4,0,0,0,2,0,0,0,0,0,1
29721007,14783229,away,5,2,4,0,0,0,3,0,0,0,0,0,0
29721007,14783227,away,5,4,3,1,0,0,2,0,0,0,2,0,0
29721007,14783236,away,4,0,2,0,0,0,2,1,1,0,0,0,0
29721007,14783230,away,2,0,0,0,0,0,1,3,0,0,0,0,0
29721007,14783237,away,5,2,1,0,0,0,0,0,3,0,1,0,0
29721007,14783234,away,6,2,1,0,0,0,0,0,0,0,0,0,2
29721007,14783260,home,4,0,1,0,0,0,0,0,0,0,0,0,0
29721007,14783261,home,4,1,1,0,0,0,0,0,0,0,2,0,0
29721007,14783262,home,3,0,0,0,0,0,0,0,0,0,0,0,0
29721007,14783271,home,4,0,1,0,0,0,0,0,1,0,0,0,0
29721007,14783263,home,4,0,1,0,0,0,0,0,1,0,0,0,0
29721007,14783272,home,4,0,1,0,0,0,0,0,0,0,0,0,0
29721007,14783259,home,3,0,3,0,0,0,1,1,0,0,1,0,0
29721007,14783264,home,2,1,2,0,0,0,0,0,0,0,0,0,0
29721007,14783267,home,4,0,0,0,0,0,0,0,1,0,0,0,0
29721007,14783270,home,3,0,0,1,0,0,0,1,1,0,1,0,0
29721007,14783265,home,3,0,1,0,0,0,0,1,1,0,0,0,0
29721006,14783247,away,3,1,2,0,0,0,1,1,0,0,0,0,0
29721006,14783245,away,3,0,0,0,1,0,0,0,0,0,0,0,0
29721006,14783258,away,3,0,0,0,0,0,1,1,0,0,0,0,0
29721006,14783250,away,4,1,2,0,0,0,1,1,0,0,0,0,0
29721006,14783254,away,1,2,0,0,0,0,0,3,1,0,2,0,0
29721006,14808809,away,3,0,0,0,0,0,1,1,1,0,0,0,0
29721006,14783242,away,5,3,4,1,0,0,0,0,0,0,1,0,0
29721006,14783256,away,3,1,2,0,0,0,0,1,0,0,1,0,0
29721006,14783257,away,2,1,1,0,0,0,1,0,0,1,0,1,0
29721006,14783248,away,4,1,1,0,1,0,2,1,1,0,0,0,0
29721006,14783253,away,1,0,0,0,0,0,1,2,0,0,1,1,0
29721006,14783244,away,3,1,2,0,0,0,2,1,0,0,0,0,0
29721006,14783281,home,5,4,4,0,0,0,1,0,0,0,1,0,0
29721006,14783275,home,0,0,0,0,0,0,0,0,0,0,0,0,0
29721006,14783276,home,4,1,0,1,0,0,0,0,0,0,0,0,0
29721006,14783283,home,3,0,2,0,0,0,0,1,0,0,0,0,0
29721006,14783280,home,4,2,2,1,1,0,2,0,0,0,0,0,0
29721006,14783289,home,1,0,0,0,0,0,0,0,0,0,0,0,0
29721006,14783279,home,5,1,0,1,0,0,1,0,1,0,0,0,0
29721006,14783278,home,3,1,1,1,0,0,3,0,1,0,0,1,0
29721006,14783284,home,4,0,0,0,0,0,0,0,1,0,0,0,0
29721006,14783285,home,4,0,2,1,0,0,2,0,0,0,1,0,0
29721006,14783286,home,4,0,1,0,0,0,0,0,1,0,1,0,0
29721006,14783287,home,4,0,0,0,0,0,0,0,1,0,0,0,0
29721006,14783288,home,4,1,2,0,0,0,0,0,1,0,1,0,0
29721005,14783201,away,3,1,0,0,0,0,0,1,0,0,0,0,0
29721005,14783205,away,5,2,3,0,0,0,0,0,0,0,1,0,0
29721005,14783198,away,3,1,1,0,0,0,0,2,0,0,0,0,0
29721005,14783204,away,3,1,1,0,0,0,1,1,0,1,0,0,0
29721005,14783199,away,5,1,1,0,0,0,4,0,0,0,0,0,1
29721005,14783210,away,5,1,3,0,0,0,1,0,1,0,0,0,0
29721005,14783208,away,2,0,0,0,0,0,0,0,1,0,0,0,0
29721005,14783203,away,5,3,1,1,1,0,2,0,0,0,1,0,0
29721005,14783207,away,4,1,3,0,0,0,0,1,1,0,0,0,0
29721005,14783202,away,5,2,3,0,0,0,0,0,1,0,1,0,0
29721005,14783209,away,4,0,1,0,0,0,1,1,2,0,0,0,1
29721005,14783217,home,3,1,0,0,0,0,0,1,0,0,0,0,0
29721005,14783220,home,3,3,2,0,0,0,1,1,1,0,0,0,0
29721005,14783222,home,4,1,2,0,0,0,1,0,1,0,0,0,0
29721005,14783219,home,3,0,1,0,0,0,2,1,0,0,0,0,0
29721005,14783215,home,4,1,2,0,0,0,1,0,0,0,0,0,1
29721005,14783211,home,4,2,2,0,0,0,1,0,0,0,1,0,0
29721005,14783225,home,3,0,1,0,0,0,0,1,2,0,0,0,0
29721005,14783224,home,2,0,1,0,0,0,1,2,1,0,0,0,0
29721005,14783218,home,4,2,3,0,0,0,1,0,0,0,1,0,0
29721005,14783216,home,4,2,2,0,0,0,1,0,0,1,2,0,0
29721005,14783213,home,3,2,1,0,0,0,0,1,0,0,0,0,0
29721005,14783212,home,4,2,2,0,0,1,5,0,0,0,0,0,0
29721005,14783221,home,4,1,0,0,0,0,2,0,1,0,0,0,0
29721010,14783226,away,3,3,2,0,0,0,4,1,0,0,0,0,0
29721010,14783241,away,4,1,1,0,0,0,0,0,0,0,0,0,0
29721010,14783235,away,4,3,2,0,0,0,2,1,0,0,1,0,0
29721010,14783240,away,2,2,1,0,0,0,0,2,0,0,0,0,0
29721010,14783233,away,4,0,1,0,0,0,1,0,1,0,0,0,0
29721010,14783228,away,4,0,2,0,0,0,2,1,0,0,0,0,0
29721010,14783229,away,3,0,0,0,0,0,1,0,0,0,0,0,1
29721010,14783227,away,3,3,2,0,0,0,1,1,0,0,1,0,0
29721010,14783236,away,4,1,1,0,0,0,0,0,1,0,0,0,0
29721010,14783230,away,5,1,2,0,0,0,1,0,1,0,0,0,0
29721010,14783231,away,3,0,1,0,0,0,1,1,0,0,0,0,0
29721010,14783234,away,3,2,1,1,0,0,1,2,0,0,1,0,0
29721010,14783281,home,5,1,3,0,0,0,0,0,0,0,1,0,0
29721010,14783275,home,4,1,1,0,0,0,0,0,0,0,0,0,0
29721010,14783276,home,5,1,1,0,0,0,0,0,3,0,0,0,0
29721010,14783283,home,4,0,0,0,0,0,0,0,0,0,0,0,0
29721010,14783280,home,4,0,2,0,1,0,2,0,0,0,0,0,0
29721010,14783279,home,5,2,2,2,0,0,2,0,0,0,0,0,0
29721010,14783278,home,3,1,1,0,0,0,1,1,0,0,0,1,0
29721010,14783284,home,4,0,0,0,0,0,0,1,0,0,0,0,0
29721010,14783285,home,3,0,0,0,0,0,0,1,1,0,0,0,0
29721010,14783288,home,3,0,0,0,0,0,0,1,1,0,1,0,0
29721012,14783201,away,4,1,2,0,0,0,2,2,1,1,0,0,0
29721012,14783198,away,5,2,2,1,1,0,0,1,0,0,0,0,0
29721012,14783204,away,6,0,2,0,0,0,2,0,0,0,0,0,0
29721012,14783199,away,5,0,2,0,0,0,0,1,1,0,0,0,1
29721012,14783203,away,5,2,3,1,0,0,0,0,1,0,0,0,0
29721012,14783197,away,5,0,1,0,0,0,0,1,0,0,0,0,0
29721012,14783202,away,4,2,0,0,1,0,1,2,0,0,0,0,0
29721012,14783251,home,4,1,0,0,0,0,0,1,2,0,0,0,0
29721012,14783245,home,4,0,0,0,0,0,0,0,0,0,0,0,0
29721012,14783258,home,3,0,0,0,0,0,0,1,1,0,0,0,0
29721012,14783250,home,3,0,2,0,0,0,0,1,0,0,0,0,0
29721012,14783254,home,2,0,0,0,0,0,0,2,0,0,0,0,0
29721012,14783246,home,4,0,2,0,0,0,0,0,0,0,0,0,0
29721012,14808809,home,3,0,0,0,0,0,0,0,2,0,0,0,0
29721012,14783256,home,3,0,1,0,0,0,0,1,2,0,0,0,0
29721012,14783257,home,5,0,0,0,0,0,0,0,0,0,0,0,0
29721012,14783248,home,3,0,0,0,0,0,0,1,2,0,0,0,0
29721012,14783253,home,3,0,1,0,0,0,0,0,1,0,0,0,0
29721012,14783244,home,4,0,1,0,0,0,0,0,0,0,0,0,0
29721011,14783220,away,0,0,0,0,0,0,0,0,0,0,0,0,0
29721011,14783222,away,5,3,2,0,0,0,0,0,0,0,1,0,0
29721011,14783215,away,5,3,0,2,0,0,2,1,0,0,3,0,1
29721011,14783211,away,3,0,1,0,0,0,0,3,0,0,0,0,0
29721011,14783225,away,3,1,1,0,0,0,1,1,0,1,1,0,0
29721011,14783218,away,6,1,1,0,1,0,4,0,0,0,0,0,0
29721011,14783216,away,5,2,1,1,0,0,0,1,1,0,0,0,0
29721011,14783213,away,5,1,0,0,0,0,0,1,0,0,0,0,0
29721011,14783212,away,4,1,3,0,0,0,1,0,0,0,0,1,0
29721011,14783221,away,4,2,1,0,0,0,0,1,1,0,1,0,0
29721011,14783260,home,4,2,2,0,0,0,0,0,1,0,0,0,0
29721011,14783261,home,5,2,1,1,0,0,0,0,1,0,1,0,0
29721011,14783262,home,3,0,0,0,0,0,0,1,0,0,0,0,0
29721011,14783271,home,3,0,2,0,0,0,0,1,0,0,1,0,0
29721011,14783274,home,4,0,1,0,0,0,0,0,2,0,0,0,0
29721011,14783269,home,3,1,2,0,0,0,3,0,0,0,0,0,0
29721011,14783259,home,4,2,0,2,0,0,2,0,0,0,0,0,0
29721011,14783267,home,4,0,2,0,0,0,0,0,0,0,0,0,0
29721011,14783270,home,4,0,2,0,0,0,2,0,0,0,0,0,0
29721011,14783273,home,2,0,0,0,0,0,0,1,0,0,0,0,0
29721011,14783266,home,3,1,2,0,0,0,0,0,0,0,1,0,0
29721011,14783265,home,3,0,1,0,0,0,0,0,0,1,0,0,0
29721015,14783275,away,4,1,1,0,0,0,1,1,3,0,0,0,0
29721015,14783283,away,5,0,1,0,0,0,0,0,1,0,0,0,0
29721015,14783282,away,4,3,2,0,0,0,0,1,0,0,2,0,0
29721015,14783280,away,4,2,2,0,0,0,0,1,1,0,3,0,0
29721015,14783289,away,3,0,1,0,0,0,2,2,2,0,0,0,0
29721015,14783278,away,3,0,1,0,0,0,2,1,2,1,1,0,0
29721015,14783287,away,3,1,1,0,0,0,2,2,0,0,0,0,0
29721015,14783201,home,1,1,0,0,0,0,0,2,0,0,0,0,0
29721015,14783205,home,4,1,0,0,0,0,0,0,0,0,0,0,0
29721015,14783198,home,4,2,2,0,0,0,1,0,0,0,0,0,0
29721015,14783204,home,3,0,3,0,0,0,3,0,0,0,0,0,0
29721015,14783199,home,2,1,1,0,0,0,2,1,0,0,0,1,0
29721015,14783208,home,4,1,2,0,0,0,1,0,1,0,0,0,0
29721015,14783203,home,3,1,1,1,0,0,2,1,0,0,0,0,0
29721015,14783197,home,3,2,2,0,0,0,1,0,0,0,0,0,0
29721015,14783202,home,4,0,2,0,0,0,0,0,1,0,0,0,0
29721015,14783209,home,4,1,1,0,0,0,0,0,1,0,0,0,0
29721016,14783226,away,3,1,0,0,0,0,0,0,0,1,1,0,0
29721016,14783241,away,4,0,0,0,0,0,0,0,1,0,0,0,0
29721016,14783235,away,5,1,2,0,0,0,0,0,0,0,4,0,0
29721016,14783240,away,2,1,1,0,0,0,0,2,0,0,0,0,0
29721016,14783233,away,4,0,1,0,0,0,0,0,0,0,0,0,0
29721016,14783228,away,3,0,1,0,0,0,1,1,0,0,0,0,0
29721016,14783229,away,4,0,0,0,0,0,0,0,1,0,1,0,0
29721016,14783230,away,4,0,0,0,0,0,0,0,1,0,0,0,0
29721016,14783237,away,4,0,0,0,0,0,0,1,3,0,0,0,1
29721016,14783231,away,3,0,1,0,0,0,0,1,1,0,0,0,0
29721016,14783234,away,4,1,2,1,0,0,2,1,0,0,0,0,0
29721016,14783217,home,4,1,3,0,0,0,4,0,0,0,0,0,0
29721016,14783220,home,3,4,3,0,0,0,2,1,0,0,0,0,0
29721016,14783214,home,4,1,1,0,0,0,3,0,1,0,1,0,0
29721016,14783222,home,4,1,3,0,0,0,0,0,0,0,0,0,0
29721016,14783219,home,4,1,3,0,0,0,0,0,0,0,0,0,0
29721016,14783215,home,3,2,1,0,0,0,2,0,0,0,0,0,0
29721016,14783211,home,3,3,2,0,0,0,0,1,0,0,1,0,0
29721016,14783224,home,3,1,0,0,0,0,0,1,1,0,0,0,0
29721016,14783218,home,4,1,0,0,0,1,4,0,1,0,0,0,0
29721016,14783216,home,5,0,0,0,1,0,0,0,0,0,0,0,0
29721016,14783213,home,3,3,2,0,0,0,2,0,0,1,0,0,0
29721016,14783212,home,1,2,0,0,0,0,0,1,0,2,0,0,0
29721016,14783221,home,5,0,1,0,0,0,0,0,2,0,2,0,0
29721014,14783261,away,5,3,2,1,0,0,0,0,1,0,2,0,0
29721014,14783271,away,4,0,2,0,0,0,0,0,1,0,1,0,0
29721014,14783272,away,5,0,2,0,0,0,0,0,0,0,0,0,0
29721014,14783269,away,3,0,1,0,0,0,0,1,0,1,0,0,0
29721014,14783267,away,4,1,4,0,0,0,4,1,0,0,0,0,0
29721014,14783270,away,3,3,3,0,0,0,0,0,1,0,5,0,0
29721014,14783247,home,3,1,1,0,0,0,1,0,1,1,0,0,0
29721014,14783251,home,4,2,2,0,0,0,1,0,2,0,0,0,0
29721014,14783243,home,2,3,1,0,0,0,1,2,0,0,4,0,0
29721014,14783258,home,0,0,0,0,0,0,0,0,0,0,0,0,0
29721014,14783250,home,4,1,1,0,0,0,2,0,0,0,2,0,0
29721014,14783254,home,3,1,2,0,0,0,1,1,0,0,1,0,0
29721014,14783246,home,4,0,0,0,0,0,2,0,0,0,0,0,0
29721014,14783242,home,4,2,1,1,0,0,0,0,0,0,0,0,0
29721014,14783256,home,3,0,0,0,0,0,2,1,0,0,1,0,0
29721014,14783253,home,4,1,3,1,0,0,1,0,0,0,0,0,0
29721014,14783244,home,3,2,2,0,0,0,1,1,0,0,1,0,0
29721018,14783226,away,2,0,0,0,0,0,1,3,1,0,0,0,0
29721018,14783241,away,4,1,1,0,0,0,0,0,2,0,1,0,0
29721018,14783240,away,5,3,0,1,0,0,1,1,1,0,2,0,0
29721018,14783233,away,4,1,2,0,0,0,2,1,1,1,0,0,0
29721018,14783227,away,5,2,3,1,0,0,2,0,0,0,0,0,0
29721018,14783236,away,5,1,2,0,0,0,1,1,2,0,0,0,0
29721018,14783231,away,4,1,0,0,0,0,2,1,1,0,0,0,0
29721018,14783201,home,3,1,1,0,0,0,0,2,1,0,0,0,0
29721018,14783205,home,5,2,4,0,0,0,4,0,0,0,0,0,0
29721018,14783198,home,6,0,4,0,0,0,2,0,0,0,0,0,0
29721018,14783204,home,5,1,3,0,0,0,3,0,0,0,0,0,0
29721018,14783199,home,5,3,2,2,0,0,3,0,0,0,0,0,0
29721018,14783208,home,5,0,1,0,0,0,1,0,0,0,0,0,0
29721018,14783203,home,6,5,3,1,0,0,0,0,0,0,0,0,0
29721018,14783197,home,3,3,3,0,0,0,2,2,1,0,0,0,0
29721018,14783202,home,5,3,1,1,0,0,1,1,0,0,0,0,0
29721018,14783209,home,5,2,2,0,0,0,1,0,1,0,0,0,0
29721020,14783260,away,3,2,0,1,0,0,1,1,2,0,0,0,0
29721020,14783261,away,4,1,3,3,0,0,2,0,0,0,1,0,0
29721020,14783262,away,4,1,1,0,0,0,0,0,1,0,0,0,0
29721020,14783271,away,4,1,2,0,0,0,0,2,1,0,1,0,0
29721020,14783263,away,2,0,1,0,0,0,0,2,1,0,0,0,0
29721020,14783274,away,3,1,1,0,0,0,0,1,2,0,2,0,0
29721020,14783272,away,2,1,1,0,0,0,0,1,0,0,0,0,0
29721020,14783269,away,1,1,0,0,0,0,1,0,0,0,1,0,0
29721020,14783259,away,2,1,1,0,0,0,1,1,1,0,0,0,0
29721020,14783267,away,4,0,2,0,0,0,3,0,1,0,0,0,0
29721020,14783270,away,3,1,0,0,0,0,1,1,2,0,3,0,0
29721020,14783266,away,2,0,1,0,0,0,0,1,0,0,0,0,0
29721020,14783265,away,2,1,2,0,0,0,2,1,0,0,0,0,0
29721020,14783275,home,3,1,0,0,0,0,0,1,3,1,0,0,0
29721020,14783276,home,0,0,0,0,0,0,0,0,0,0,0,0,0
29721020,14783280,home,5,4,2,1,0,0,7,1,0,0,1,0,0
29721020,14783289,home,4,1,1,0,0,0,0,1,1,0,0,0,0
29721020,14783278,home,6,3,1,3,0,0,0,0,0,0,0,0,0
29721020,14783284,home,6,0,4,0,0,0,4,0,1,0,0,0,0
29721020,14783285,home,4,2,1,0,0,0,1,2,1,0,0,0,0
29721020,14783286,home,5,1,1,2,0,0,1,0,0,0,0,0,0
29721020,14783287,home,5,2,2,0,0,0,1,1,0,0,1,0,1
29721020,14783288,home,2,4,0,0,0,0,0,3,0,0,1,0,0
29721019,14783247,away,5,1,1,0,0,0,1,0,0,0,0,0,0
29721019,14783251,away,1,0,0,0,0,0,0,0,1,0,0,0,0
29721019,14783245,away,3,2,1,0,0,0,0,1,1,0,1,0,0
29721019,14783250,away,4,0,1,0,0,0,0,1,0,0,0,0,0
29721019,14783254,away,5,2,2,0,0,0,1,0,1,0,1,0,0
29721019,14783246,away,5,1,4,0,0,0,2,0,0,0,1,0,0
29721019,14808809,away,3,0,0,0,0,0,0,1,2,0,0,0,0
29721019,14783242,away,5,1,2,0,0,0,2,0,0,0,0,0,0
29721019,14783256,away,3,1,1,0,0,0,0,1,0,1,0,0,0
29721019,14783257,away,3,1,1,0,0,0,2,1,0,0,0,0,0
29721019,14783248,away,4,3,2,1,0,0,2,1,0,0,1,0,0
29721019,14783217,home,4,1,1,0,0,0,1,1,1,0,0,0,0
29721019,14783220,home,5,3,1,3,0,0,2,0,0,0,0,0,1
29721019,14783214,home,5,2,1,2,0,0,1,0,1,0,0,0,0
29721019,14783222,home,5,0,1,0,0,0,1,0,1,0,1,0,0
29721019,14783223,home,0,0,0,0,0,0,0,0,0,0,0,0,0
29721019,14783219,home,5,1,0,0,1,0,1,0,0,0,0,0,0
29721019,14783215,home,4,3,2,1,0,0,2,1,0,0,2,0,0
29721019,14783211,home,3,1,3,0,0,0,2,1,0,1,2,0,0
29721019,14783216,home,5,2,1,1,1,0,0,0,0,0,1,0,0
29721019,14783212,home,5,0,0,0,0,0,2,0,1,0,0,0,1
29725930,14783271,away,4,0,0,0,0,0,0,1,0,0,0,0,0
29725930,14783263,away,5,1,1,0,0,0,0,0,3,0,0,0,0
29725930,14783272,away,5,2,2,0,0,0,0,0,1,0,0,0,0
29725930,14783269,away,5,3,2,1,0,0,0,0,0,0,0,0,0
29725930,14783264,away,4,0,1,0,0,0,1,0,0,0,0,0,0
29725930,14783267,away,5,1,2,0,0,0,1,0,0,0,0,0,0
29725930,14783273,away,4,0,2,0,0,0,2,0,0,0,1,0,0
29725930,14783266,away,3,1,2,0,0,0,1,0,0,0,1,0,0
29725930,14783265,away,4,0,0,0,0,0,0,1,0,0,0,0,0
29725930,14783241,home,4,1,0,1,0,0,3,1,0,0,0,0,0
29725930,14783240,home,4,1,0,1,0,0,0,0,0,1,1,0,0
29725930,14783233,home,5,1,3,0,0,0,2,0,0,0,4,0,0
29725930,14783227,home,5,0,1,0,0,0,0,0,0,0,0,0,0
29725930,14783236,home,5,0,0,0,0,0,0,0,2,0,0,0,0
29725930,14783231,home,4,0,0,0,0,0,0,1,0,0,0,0,0
29725930,14783234,home,4,3,3,0,0,0,0,1,0,0,1,0,0
29725929,14783280,away,6,1,3,1,0,0,3,0,0,0,0,0,0
29725929,14783289,away,6,0,2,0,0,0,1,0,2,0,0,0,0
29725929,14783278,away,5,4,2,1,0,0,1,1,1,0,0,0,0
29725929,14783284,away,6,2,3,0,0,0,0,0,0,0,1,0,0
29725929,14783285,away,6,3,0,1,0,0,0,0,0,0,0,0,0
29725929,14783287,away,6,2,3,0,0,0,0,0,2,0,0,0,0
29725929,14783288,away,6,1,2,0,0,0,0,0,0,0,0,0,0
29725929,14783247,home,3,1,0,0,0,0,0,1,1,1,0,0,0
29725929,14783251,home,3,0,1,0,0,0,0,0,0,1,1,0,0
29725929,14783245,home,1,0,0,0,0,0,0,0,0,0,0,0,1
29725929,14783258,home,6,1,0,0,0,0,0,0,0,0,0,0,1
29725929,14783254,home,4,1,3,0,0,0,1,0,0,0,1,0,0
29725929,14783246,home,5,2,4,0,0,0,1,0,0,0,0,0,0
29725929,14808809,home,4,1,1,0,0,0,1,0,0,0,1,0,0
29725929,14783242,home,4,2,2,0,0,0,1,0,0,0,1,0,0
29725929,14783256,home,5,2,2,0,0,0,0,0,0,0,0,0,0
29725929,14783248,home,3,1,1,0,0,0,0,1,0,0,2,0,0
29725929,14783253,home,2,0,1,0,0,0,1,0,0,0,1,0,0
29725929,14783244,home,4,1,0,2,0,0,4,0,0,0,0,0,0
29725931,14783217,away,6,1,3,1,0,0,3,0,1,0,0,0,0
29725931,14783214,away,3,3,2,0,0,0,0,3,1,0,2,0,0
29725931,14783222,away,3,0,1,0,0,0,0,1,1,0,1,0,0
29725931,14783219,away,4,1,2,0,0,0,0,0,0,1,1,0,0
29725931,14783215,away,0,0,0,0,0,0,0,0,0,0,0,0,0
29725931,14783211,away,5,3,3,0,0,0,0,1,1,0,1,0,0
29725931,14783224,away,4,1,1,0,0,0,1,0,2,0,0,0,0
29725931,14783218,away,4,2,1,0,0,0,1,1,1,0,0,1,0
29725931,14783213,away,5,2,2,1,0,0,2,1,0,0,0,0,1
29725931,14783221,away,5,0,1,0,1,0,3,1,1,0,1,0,0
29725931,14783201,home,6,0,1,0,0,0,0,0,1,0,0,0,0
29725931,14783205,home,6,1,1,0,0,0,0,1,0,0,0,0,0
29725931,14783204,home,6,1,2,0,0,0,1,1,1,0,1,0,0
29725931,14783210,home,6,1,3,0,0,0,0,0,0,0,0,0,0
29725931,14783208,home,7,3,5,0,0,0,0,1,1,0,0,0,0
29725931,14783209,home,7,1,2,0,0,0,0,1,4,0,0,0,0
29923941,14783247,away,2,2,0,1,0,0,1,1,0,0,0,0,0
29923941,14783251,away,3,0,0,0,0,0,0,0,2,0,0,0,0
29923941,14783245,away,5,1,0,4,0,0,3,0,1,0,0,0,0
29923941,14783258,away,3,0,0,0,0,0,0,0,2,0,0,0,0
29923941,14783250,away,3,0,2,0,0,0,2,0,0,0,0,0,0
29923941,14783254,away,3,0,2,0,0,0,2,0,0,0,0,0,0
29923941,14783246,away,2,2,1,0,0,0,1,0,0,1,0,0,0
29923941,14808809,away,3,0,0,0,0,0,0,0,2,0,0,0,0
29923941,14783256,away,0,0,0,0,0,0,0,0,0,0,0,0,0
29923941,14783248,away,4,2,1,1,0,0,0,0,1,0,0,0,0
29923941,14783244,away,3,1,0,0,0,0,0,1,0,0,0,0,0
29923941,14783217,home,1,1,0,0,0,0,0,1,1,0,0,0,0
29923941,14783220,home,2,0,2,0,0,0,1,0,0,0,0,0,0
29923941,14783214,home,3,1,1,0,0,0,0,0,0,0,1,0,1
29923941,14783222,home,6,0,4,0,0,0,3,0,0,0,1,0,0
29923941,14783219,home,3,1,3,0,0,0,1,0,0,0,1,0,0
29923941,14783215,home,2,1,2,0,0,0,1,0,0,0,0,0,0
29923941,14783211,home,6,2,3,0,0,0,1,0,0,0,1,0,0
29923941,14783225,home,2,1,1,0,0,0,0,0,0,0,0,0,0
29923941,14783224,home,1,0,1,0,0,0,0,0,0,1,0,0,0
29923941,14783216,home,2,2,2,0,0,0,2,1,0,0,1,0,0
29923941,14783213,home,2,0,1,0,0,0,2,0,0,0,1,1,0
29923941,14783212,home,3,1,1,0,0,0,1,0,0,0,0,0,0
29923941,14783221,home,4,1,2,0,0,0,0,2,0,0,0,0,0
29923942,14783261,away,3,2,1,0,0,0,0,1,1,0,1,0,0
29923942,14783262,away,3,0,1,0,0,0,1,1,0,0,0,0,0
29923942,14783271,away,4,1,1,0,0,0,0,0,1,0,0,0,0
29923942,14783263,away,3,1,2,0,0,0,2,1,0,0,0,0,0
29923942,14783274,away,2,0,0,0,0,0,0,1,0,0,0,0,0
29923942,14783269,away,3,3,2,0,0,0,0,1,0,0,1,0,0
29923942,14783259,away,3,2,0,1,0,0,2,1,1,0,0,0,0
29923942,14783264,away,2,1,1,0,0,0,0,1,1,0,0,0,0
29923942,14783267,away,4,0,1,0,0,0,1,0,0,0,0,0,0
29923942,14783273,away,3,3,0,0,0,0,0,1,0,0,0,0,0
29923942,14783265,away,4,0,0,0,0,0,2,0,0,0,0,0,0
29923942,14783280,home,4,2,1,0,0,1,2,0,0,0,1,0,0
29923942,14783289,home,4,0,1,0,0,0,1,1,2,0,0,0,0
29923942,14783279,home,4,2,1,1,1,0,1,1,1,0,0,0,0
29923942,14783278,home,5,2,1,2,0,0,2,1,0,0,1,0,0
29923942,14783284,home,4,2,2,0,0,0,1,1,1,0,0,0,0
29923942,14783285,home,4,3,1,1,0,0,1,0,0,1,2,0,0
29923942,14783286,home,5,2,2,0,0,0,1,0,0,0,3,0,0
29923942,14783287,home,4,2,2,0,0,0,1,1,0,0,1,0,0
29923942,14783288,home,4,0,3,0,0,0,3,1,1,0,1,0,0
29923943,14783198,away,3,3,2,0,0,0,0,1,0,0,0,0,0
29923943,14783199,away,4,3,3,1,0,0,2,0,0,0,0,0,0
29923943,14783206,away,0,0,0,0,0,0,0,0,0,0,0,0,0
29923943,14783208,away,4,1,2,0,0,0,2,0,0,0,1,0,0
29923943,14783203,away,4,2,3,0,0,0,0,0,0,0,1,0,0
29923943,14783202,away,4,2,1,0,1,0,0,0,0,0,0,0,0
29923943,14783226,home,3,0,0,0,0,0,1,0,1,0,1,0,0
29923943,14783241,home,2,0,0,0,0,0,0,1,1,0,0,0,0
29923943,14783240,home,1,1,1,0,0,0,1,2,0,0,0,0,0
29923943,14783233,home,3,1,0,1,0,0,2,1,0,0,1,0,0
29923943,14783228,home,2,1,0,1,0,0,0,1,0,0,0,0,0
29923943,14783229,home,2,1,0,0,0,0,0,1,0,0,0,0,0
29923943,14783227,home,1,0,0,0,0,0,1,0,0,0,0,0,0
29923943,14783236,home,2,1,0,0,0,0,0,0,2,1,0,0,0
29923943,14783237,home,3,0,0,0,0,0,0,0,3,1,0,0,0
29923943,14783231,home,1,1,1,0,0,0,1,0,1,0,0,0,0
29923943,14783234,home,2,2,0,1,0,0,0,2,0,0,1,0,0
29885565,14783219,away,7,3,3,2,0,0,3,0,0,0,0,0,0
29885565,14783215,away,5,5,4,1,0,0,0,1,0,1,1,0,0
29885565,14783211,away,6,5,3,0,0,0,1,1,0,0,0,0,2
29885565,14783225,away,7,0,2,0,0,0,1,0,0,0,0,0,1
29885565,14783224,away,4,1,0,0,0,0,0,2,0,0,1,0,0
29885565,14783212,away,6,0,3,0,0,0,4,1,0,0,0,0,1
29885565,14783221,away,5,1,1,0,0,0,1,2,1,0,0,0,1
29885565,14783260,home,3,1,1,0,0,0,0,1,0,0,1,0,0
29885565,14783261,home,2,2,1,0,0,0,0,3,0,0,2,0,0
29885565,14783262,home,4,0,1,0,0,0,0,0,1,0,0,0,0
29885565,14783271,home,4,1,2,0,0,0,0,0,1,0,0,0,0
29885565,14783263,home,3,0,0,0,0,0,0,1,0,0,0,0,0
29885565,14783272,home,4,0,2,0,0,0,0,0,0,0,0,0,0
29885565,14783269,home,3,1,1,0,0,0,0,1,2,0,0,0,0
29885565,14783259,home,4,0,1,1,0,0,1,0,0,0,0,0,0
29885565,14783264,home,4,1,4,0,0,0,1,0,0,0,1,0,0
29885565,14783267,home,5,0,4,0,0,0,0,0,0,0,0,0,0
29885565,14783270,home,2,1,0,0,0,0,0,2,1,0,0,0,0
29885565,14783265,home,4,0,1,0,0,0,0,0,1,0,0,0,0
29885567,14783241,away,4,2,2,0,0,0,1,0,2,0,1,0,0
29885567,14783240,away,4,0,2,0,0,0,0,0,0,0,0,0,0
29885567,14783233,away,4,2,2,1,0,0,0,0,0,1,3,0,1
29885567,14783228,away,4,2,3,0,0,0,2,1,0,0,2,0,0
29885567,14783229,away,4,2,1,0,0,0,0,0,2,0,1,0,1
29885567,14783227,away,4,1,1,0,0,0,1,1,0,0,1,0,0
29885567,14783236,away,4,0,1,0,0,0,0,0,2,0,0,0,0
29885567,14783230,away,3,0,0,0,0,0,1,0,0,0,0,1,0
29885567,14783237,away,3,1,0,0,0,0,0,2,2,0,1,0,0
29885567,14783231,away,4,0,1,0,0,0,0,0,0,0,0,0,0
29885567,14783247,home,4,0,4,0,0,0,1,0,0,0,1,0,0
29885567,14783245,home,5,1,3,0,0,0,2,0,1,0,3,0,0
29885567,14783258,home,4,1,1,0,0,0,0,1,0,0,0,0,1
29885567,14783250,home,4,1,2,1,0,0,2,0,0,0,1,0,0
29885567,14783254,home,5,3,3,0,0,0,2,0,0,0,2,0,0
29885567,14783246,home,5,2,2,0,0,0,2,0,1,0,0,0,0
29885567,14808809,home,4,0,0,0,0,0,0,0,1,0,0,0,0
29885567,14783242,home,4,1,2,0,0,0,1,0,0,0,2,1,0
29885567,14783256,home,4,0,1,0,0,0,2,0,0,0,0,0,0
29885567,14783248,home,5,3,2,2,0,0,0,0,1,0,2,0,0
29885567,14783244,home,5,1,1,0,0,0,0,0,0,0,0,0,0
29885566,14783280,away,4,1,4,0,0,0,0,1,0,0,5,0,0
29885566,14783289,away,3,0,0,0,0,0,0,0,3,1,0,0,0
29885566,14783279,away,4,0,0,1,0,0,0,0,1,0,0,0,0
29885566,14783284,away,3,0,0,0,0,0,0,2,1,0,0,0,0
29885566,14783285,away,4,0,1,0,0,0,0,1,1,0,1,0,0
29885566,14783286,away,4,1,1,0,0,0,0,1,1,0,1,0,0
29885566,14783287,away,3,0,0,1,0,0,0,1,0,0,2,0,0
29885566,14783288,away,5,1,0,0,0,0,0,1,1,0,1,0,0
29885566,14783205,home,6,0,1,1,0,0,2,0,0,0,0,0,0
29885566,14783198,home,6,2,4,0,0,0,1,0,0,0,1,0,0
29885566,14783204,home,0,0,0,0,0,0,0,0,0,0,0,0,0
29885566,14783210,home,5,0,1,0,0,0,1,0,0,0,0,0,0
29885566,14783203,home,5,3,3,1,0,0,1,0,0,0,1,0,0
29885566,14783197,home,4,1,2,1,0,0,0,1,0,0,0,0,0
29885566,14783209,home,3,2,3,0,0,0,1,1,0,0,0,0,0
29924022,14783217,away,5,2,2,0,0,0,1,1,1,0,0,0,0
29924022,14783214,away,5,2,4,0,0,0,0,2,0,0,0,0,0
29924022,14783222,away,4,0,1,0,0,0,0,0,2,0,0,0,0
29924022,14783219,away,6,3,3,0,0,0,2,0,0,0,0,0,1
29924022,14783211,away,6,3,3,1,0,0,4,1,0,0,0,0,0
29924022,14783225,away,5,1,2,0,0,0,1,0,3,0,0,0,0
29924022,14783224,away,3,1,0,0,0,0,1,1,2,0,1,0,0
29924022,14783218,away,6,3,2,0,0,0,0,0,0,0,0,0,0
29924022,14783216,away,6,2,4,0,0,0,2,0,2,0,1,1,0
29924022,14783213,away,6,3,2,1,0,0,4,0,0,0,0,0,1
29924022,14783212,away,4,3,2,0,0,0,1,2,0,0,0,0,0
29924022,14783275,home,3,0,0,0,0,0,0,1,2,0,1,0,0
29924022,14783276,home,0,0,0,0,0,0,0,0,0,0,0,0,0
29924022,14783280,home,3,0,0,0,0,0,0,3,0,0,1,0,0
29924022,14783279,home,4,1,2,0,0,0,3,0,0,0,0,0,0
29924022,14783284,home,3,1,0,0,0,0,0,1,0,0,0,0,0
29924022,14783285,home,3,1,0,0,0,0,0,1,0,0,1,0,0
29924022,14783286,home,4,1,1,1,0,0,0,1,1,0,0,0,0
29924022,14783288,home,4,0,1,0,0,0,0,1,2,0,0,0,0
29924020,14783260,away,5,3,2,0,0,0,0,0,0,0,1,0,0
29924020,14783262,away,5,1,2,0,0,0,0,0,0,0,0,0,0
29924020,14783271,away,5,1,1,0,0,0,0,0,1,0,0,0,0
29924020,14783263,away,5,0,0,0,0,0,0,0,1,0,0,0,0
29924020,14783274,away,5,0,1,0,0,0,3,0,1,0,0,0,0
29924020,14783272,away,5,0,4,0,0,0,0,0,0,0,0,0,0
29924020,14783269,away,5,2,3,1,0,0,0,0,0,0,1,0,0
29924020,14783259,away,5,2,2,1,1,0,2,0,1,0,0,0,0
29924020,14783264,away,0,0,0,0,0,0,0,0,0,0,0,0,0
29924020,14783267,away,5,1,3,0,0,0,1,0,0,0,0,0,0
29924020,14783270,away,5,2,3,0,0,0,2,0,1,0,0,0,0
29924020,14783265,away,5,1,4,0,0,0,1,0,0,0,0,0,0
29924020,14783245,home,4,0,2,0,0,0,1,0,0,0,0,0,0
29924020,14783258,home,4,0,1,0,0,0,0,0,0,0,0,0,0
29924020,14783250,home,3,2,3,0,0,0,2,1,0,0,3,0,0
29924020,14783254,home,4,1,0,1,0,0,0,0,0,0,0,0,0
29924020,14783246,home,5,1,1,0,0,0,1,0,0,0,0,0,0
29924020,14808809,home,4,0,1,0,0,0,0,0,2,0,0,0,0
29924020,14783242,home,5,2,2,0,0,0,0,0,1,0,1,0,1
29924020,14783256,home,4,1,1,0,0,0,0,0,0,0,0,0,0
29924020,14783257,home,3,1,0,1,0,0,2,1,0,0,0,0,0
29924020,14783244,home,5,1,2,1,0,0,1,0,0,0,0,0,0
29924021,14783201,away,0,0,0,0,0,0,0,0,0,0,0,0,0
29924021,14783205,away,7,6,4,0,0,0,1,1,1,0,0,0,0
29924021,14783198,away,8,5,4,0,0,0,0,0,0,0,0,0,0
29924021,14783204,away,0,0,0,0,0,0,0,0,0,0,0,0,0
29924021,14783206,away,4,2,1,0,0,0,0,1,1,0,0,0,0
29924021,14783203,away,8,1,3,1,1,0,7,0,0,0,0,0,0
29924021,14783197,away,7,6,4,1,0,0,3,0,0,0,0,0,0
29924021,14783202,away,7,2,4,1,0,0,1,1,0,0,0,0,0
29924021,14783209,away,7,0,3,0,0,0,3,1,0,0,0,0,1
29924021,14783226,home,7,3,3,1,0,0,4,0,2,0,0,0,0
29924021,14783241,home,7,0,1,0,0,0,0,0,3,0,0,0,0
29924021,14783228,home,7,2,3,0,0,0,1,0,0,0,3,0,0
29924021,14783229,home,7,2,5,0,0,0,1,0,1,0,1,0,1
29924021,14783227,home,7,1,2,0,0,0,0,0,1,0,0,0,0
29924021,14783230,home,4,1,3,0,0,0,3,0,0,0,0,0,0
29924021,14783231,home,4,0,2,0,0,0,0,2,2,0,0,0,0
29924021,14783234,home,7,5,6,1,0,0,3,0,0,0,0,0,0
29924039,14783205,away,4,1,2,0,0,0,2,1,0,1,0,0,0
29924039,14783206,away,7,2,4,0,0,0,1,0,0,0,0,0,0
29924039,14783203,away,5,0,2,0,0,0,1,1,0,0,2,0,0
29924039,14783197,away,5,2,3,0,0,0,2,1,1,0,3,0,0
29924039,14783202,away,6,1,1,1,0,0,0,1,1,0,0,0,0
29924039,14783209,away,5,1,1,0,0,0,1,0,0,0,0,0,0
29924039,14783261,home,6,2,4,0,0,0,0,0,1,0,3,0,0
29924039,14783271,home,4,1,2,0,0,0,2,2,0,0,2,0,0
29924039,14783263,home,6,2,2,0,0,0,1,0,2,0,0,0,0
29924039,14783272,home,5,0,1,0,0,0,2,0,1,0,0,0,0
29924039,14783259,home,3,1,1,1,0,0,0,0,1,2,0,0,0
29924039,14783267,home,5,0,0,0,0,0,0,0,0,0,0,0,0
29924039,14783273,home,4,0,2,0,0,0,0,1,2,0,1,0,0
29924039,14783266,home,5,1,4,0,0,0,0,0,0,0,0,0,0
29924039,14783265,home,4,0,3,0,0,0,1,1,0,0,0,0,0
29924040,14783283,away,5,0,0,0,0,0,0,2,2,0,0,0,0
29924040,14783282,away,5,0,4,0,0,0,2,0,0,0,0,0,0
29924040,14783289,away,5,0,1,0,0,0,0,0,0,0,0,0,0
29924040,14783279,away,5,3,2,1,0,1,1,0,1,0,2,0,0
29924040,14783284,away,5,1,2,0,0,0,0,0,0,0,0,0,0
29924040,14783285,away,5,2,1,1,0,0,0,0,0,0,0,0,0
29924040,14783251,home,2,0,0,0,0,0,0,1,0,0,1,0,1
29924040,14783245,home,3,0,1,0,0,0,0,0,0,0,0,0,0
29924040,14783258,home,3,0,2,0,0,0,0,0,1,0,0,0,0
29924040,14783250,home,2,1,1,0,0,0,0,1,0,0,1,0,0
29924040,14783254,home,2,1,1,0,0,0,0,0,0,0,0,0,0
29924040,14783246,home,3,1,3,0,0,0,0,0,0,0,0,0,0
29924040,14808809,home,2,0,0,0,0,0,0,1,1,0,0,0,0
29924040,14783242,home,3,2,3,0,0,0,2,0,0,0,0,0,0
29924040,14783256,home,3,0,0,0,0,0,1,0,1,0,0,0,0
29924040,14783248,home,2,2,1,0,0,0,0,0,1,0,0,0,0
29924038,14783217,away,3,2,1,0,0,0,1,1,0,0,0,1,0
29924038,14783220,away,6,3,3,0,0,0,3,1,0,0,0,0,0
29924038,14783214,away,6,2,3,0,0,0,2,0,1,0,0,0,0
29924038,14783219,away,5,1,2,0,0,0,2,1,0,0,0,1,0
29924038,14783215,away,6,3,5,1,0,0,3,1,0,0,0,0,0
29924038,14783211,away,7,4,3,0,0,0,0,0,0,0,0,0,0
29924038,14783224,away,1,0,0,0,0,0,0,0,1,0,0,0,0
29924038,14783218,away,7,4,6,0,0,0,2,0,0,1,0,1,0
29924038,14783213,away,5,1,2,1,0,0,3,1,0,0,1,0,0
29924038,14783221,away,6,0,0,0,0,0,0,2,2,0,0,0,0
29924038,14783226,home,5,1,3,0,0,0,0,0,2,0,2,0,0
29924038,14783241,home,3,0,0,0,0,0,0,0,3,1,1,0,0
29924038,14783235,home,4,2,1,0,1,0,0,1,0,0,1,0,0
29924038,14783240,home,5,0,2,1,0,0,2,0,0,0,2,0,0
29924038,14783233,home,5,1,2,0,0,0,2,0,0,0,2,0,0
29924038,14783228,home,5,0,0,0,0,0,0,0,2,0,0,0,0
29924038,14783229,home,5,2,2,1,0,0,0,0,1,0,2,0,0
29924038,14783236,home,4,0,0,0,0,0,0,0,2,0,0,0,0
29924038,14783237,home,4,0,2,0,0,0,0,0,2,0,0,0,0
30524141,11380985,away,4,0,1,0,0,0,1,0,1,0,0,0,0
30524141,11957681,away,3,0,1,0,0,0,0,1,0,0,0,0,1
30524141,11385516,away,0,0,0,0,0,0,0,0,0,0,0,0,0
30524141,11385123,away,3,0,1,0,0,0,0,0,0,0,0,0,1
30524141,15103773,away,3,2,2,1,0,0,1,0,0,0,0,0,0
30524141,11380987,away,4,0,2,0,0,0,1,0,1,0,2,0,0
30524141,15103776,away,2,1,0,0,0,0,0,0,1,1,0,0,0
30524141,15103778,away,3,1,2,0,0,0,3,0,1,1,0,0,0
30524141,12597841,away,3,0,0,0,0,0,0,1,1,0,0,0,0
30524141,11959816,away,4,3,1,0,2,0,1,0,0,0,3,0,0
30524141,15103777,away,3,0,0,0,0,0,1,0,0,0,0,0,0
30524141,15103779,away,4,2,2,1,0,0,1,0,1,0,0,0,0
30524141,11385045,away,3,2,0,0,0,0,0,1,1,0,0,0,0
30524141,15103775,away,4,2,2,0,0,0,0,0,0,0,1,0,0
30524141,15103766,home,3,0,0,0,0,0,1,1,0,0,0,0,0
30524141,14783220,home,3,2,3,0,0,0,1,1,0,0,0,0,0
30524141,15103763,home,2,1,1,0,0,0,0,2,0,0,0,0,0
30524141,14448888,home,4,3,1,1,0,0,2,0,0,0,0,0,1
30524141,15103764,home,4,3,2,0,0,0,1,0,0,0,2,0,0
30524141,11385043,home,4,1,1,0,0,0,2,1,1,0,0,0,1
30524141,14448866,home,4,1,3,0,0,0,2,0,0,0,0,0,0
30524141,14448829,home,3,0,0,0,0,0,2,1,0,0,0,0,0
30524141,15103762,home,2,1,1,0,0,0,0,0,1,1,0,0,0
30524141,11385139,home,3,1,0,0,0,0,0,1,2,0,0,0,0
30524141,15103760,home,3,2,3,0,0,0,1,1,0,0,2,0,0
30524141,15103765,home,4,0,1,0,0,0,0,0,0,0,0,0,0
30524141,15103761,home,0,1,0,0,0,0,0,1,0,1,2,0,0
30524141,11389637,home,4,1,3,0,0,0,2,0,1,0,2,0,0
30524153,14448792,away,4,0,1,1,0,0,1,0,1,0,0,0,0
30524153,15103782,away,3,0,0,0,0,0,1,0,1,0,0,0,1
30524153,15103783,away,2,0,0,0,0,0,0,2,0,0,1,0,0
30524153,11957670,away,3,0,1,0,0,0,1,1,0,0,1,0,0
30524153,15103781,away,3,0,0,0,0,0,0,0,1,0,0,0,0
30524153,11389643,away,3,0,0,0,0,0,0,0,1,0,0,0,0
30524153,14783236,away,3,1,1,0,0,0,0,0,1,0,0,0,0
30524153,14783279,away,3,2,2,0,0,0,0,1,1,0,0,0,0
30524153,11385128,away,2,0,0,0,0,0,0,1,0,0,0,0,0
30524153,13132599,away,4,1,0,0,0,0,1,0,0,0,0,0,1
30524153,15103780,away,4,1,2,1,0,0,2,0,1,0,2,0,0
30524153,13132563,away,4,1,1,0,0,0,0,0,1,0,1,0,0
30524153,11385053,home,3,0,0,1,0,0,1,0,0,0,0,0,0
30524153,14448837,home,2,1,1,0,0,0,0,1,0,0,1,0,0
30524153,13132480,home,3,0,1,0,0,0,0,0,1,0,1,0,0
30524153,11389539,home,4,0,0,0,0,0,2,0,0,0,0,0,1
30524153,15103772,home,3,1,0,0,0,0,0,1,0,0,1,0,1
30524153,12597854,home,4,0,2,1,0,0,0,0,0,0,2,0,0
30524153,15103771,home,3,1,0,1,0,0,1,1,0,0,0,0,0
30524153,11385046,home,2,0,0,0,0,0,0,1,0,0,0,0,0
30524153,15103770,home,4,1,1,0,0,0,0,0,1,0,1,0,0
30524153,15103769,home,1,0,0,0,0,0,0,0,0,0,0,0,0
30524153,11997556,home,4,2,1,2,0,0,0,0,1,0,2,0,0
30524153,11385055,home,3,1,2,0,0,0,0,0,0,0,1,0,0
30524143,11380985,away,4,0,1,0,0,0,0,0,0,0,0,0,0
30524143,11957681,away,3,1,2,0,0,0,2,1,0,0,0,0,0
30524143,14448871,away,4,4,3,0,0,0,1,1,0,0,1,0,1
30524143,11385516,away,1,2,0,0,0,0,1,0,0,3,0,0,0
30524143,11385123,away,4,1,0,0,0,0,0,0,0,0,0,0,0
30524143,15103773,away,5,1,0,1,0,0,2,0,1,0,0,0,0
30524143,15103774,away,5,0,2,0,0,0,1,0,0,0,0,0,0
30524143,15103778,away,0,0,0,0,0,0,0,0,0,0,0,0,0
30524143,12597841,away,3,1,2,0,0,0,1,1,0,0,0,0,0
30524143,11959816,away,3,3,1,2,0,0,2,1,0,0,0,0,0
30524143,15103777,away,1,0,1,0,0,0,1,0,0,0,0,0,0
30524143,15103779,away,3,1,1,0,0,0,0,1,2,0,2,0,0
30524143,11385045,away,1,1,0,0,0,0,1,3,0,0,0,0,0
30524143,15103775,away,4,1,3,0,0,0,2,0,0,0,1,0,0
30524143,11389650,home,1,0,0,0,0,0,0,2,0,0,0,0,0
30524143,15103785,home,3,0,1,0,0,0,2,0,0,0,1,0,0
30524143,14448865,home,3,2,2,0,0,0,1,0,0,0,0,0,0
30524143,14783219,home,2,1,1,0,0,0,0,1,0,0,1,0,0
30524143,11389652,home,1,0,0,0,0,0,0,1,0,0,0,0,0
30524143,11385124,home,3,1,1,0,0,0,0,1,0,0,0,0,0
30524143,11389657,home,4,1,1,0,0,0,1,0,2,0,0,0,0
30524143,11389654,home,3,0,0,0,0,0,0,0,1,0,0,0,0
30524143,11389655,home,4,2,3,0,0,0,0,0,0,0,2,0,0
30524143,14448885,home,2,0,1,0,0,0,0,1,0,0,2,0,0
30524143,14783216,home,3,0,0,1,0,0,1,1,0,0,0,0,0
30524143,15103784,home,3,1,2,0,0,0,0,0,0,0,0,0,1
30524143,11959852,home,3,1,1,0,0,0,0,1,0,0,0,0,0
30524143,14448850,home,3,0,1,0,0,0,0,0,2,0,0,0,0
30524150,15103766,away,3,1,1,0,0,0,0,1,2,0,0,0,0
30524150,14783220,away,5,2,1,1,0,0,0,0,1,0,1,0,0
30524150,14448888,away,4,1,2,0,0,0,1,0,0,0,0,0,0
30524150,15103767,away,2,0,0,0,0,0,0,2,0,0,0,0,0
30524150,11385043,away,5,1,1,0,0,0,0,0,0,0,2,0,0
30524150,14448866,away,4,1,2,0,0,0,2,0,0,0,1,0,0
30524150,14448829,away,3,1,2,0,0,0,0,1,0,0,0,0,0
30524150,15103762,away,2,1,1,0,0,0,0,2,0,0,0,0,0
30524150,11385139,away,1,1,0,0,0,0,0,3,0,0,0,0,0
30524150,15103765,away,3,1,2,0,0,0,1,1,0,0,0,0,0
30524150,11389637,away,5,1,3,0,0,0,1,0,0,0,1,0,0
30524150,11385053,home,5,0,1,0,0,0,0,0,1,0,0,0,0
30524150,14448837,home,3,1,1,0,0,0,0,1,0,0,1,0,0
30524150,13132480,home,0,0,0,0,0,0,0,0,0,0,0,0,0
30524150,11389539,home,4,1,1,0,0,0,0,0,2,0,1,0,0
30524150,15103768,home,3,1,2,0,0,0,0,2,1,0,1,0,0
30524150,15103772,home,3,1,2,0,0,0,0,1,0,0,2,0,0
30524150,15103771,home,4,0,0,0,0,0,0,0,1,0,0,0,0
30524150,11385052,home,4,0,1,0,0,0,1,0,1,0,0,0,0
30524150,11385046,home,3,0,1,0,0,0,1,1,0,0,0,0,0
30524150,15103770,home,5,0,1,0,0,0,0,0,1,0,2,0,0
30524150,15103769,home,5,1,3,0,0,0,0,0,0,0,0,0,0
30524150,11997556,home,5,1,4,0,0,0,0,0,0,0,0,0,0
30524164,11385053,away,4,2,1,0,0,0,1,0,0,1,0,0,2
30524164,14783271,away,5,2,0,0,0,0,2,1,2,0,0,0,0
30524164,15103772,away,2,0,0,0,0,0,1,3,0,1,0,0,0
30524164,12597854,away,6,1,2,0,0,0,3,0,0,0,1,0,0
30524164,11385052,away,3,3,1,1,0,0,2,0,0,2,0,0,0
30524164,11385046,away,5,1,2,0,0,0,1,1,1,0,0,0,1
30524164,11997556,away,6,3,4,0,0,0,3,0,0,0,0,0,0
30524164,11385055,away,6,3,4,1,0,0,2,0,0,0,1,0,1
30524164,11389650,home,3,1,2,0,0,0,0,0,0,0,0,0,0
30524164,15103785,home,3,0,1,0,0,0,0,0,0,0,1,0,0
30524164,14448865,home,4,1,1,0,0,0,0,0,1,0,1,0,0
30524164,11385124,home,3,0,1,0,0,0,0,0,0,0,1,0,0
30524164,11389657,home,4,0,1,1,0,0,1,0,0,0,0,0,0
30524164,11389654,home,3,0,0,0,0,0,0,0,2,0,0,0,0
30524164,11389655,home,4,0,0,0,0,0,0,0,0,0,0,0,0
30524164,14448885,home,3,0,0,0,0,0,0,0,1,0,0,0,0
30524164,15103784,home,4,1,2,1,0,0,0,0,0,0,2,0,0
30524164,14783221,home,3,0,1,0,0,0,1,1,0,0,0,0,0
30524164,11959852,home,3,0,1,0,0,0,0,0,0,0,0,0,0
30524151,15103766,away,5,1,1,0,0,0,0,0,0,0,0,0,0
30524151,14783220,away,5,2,2,0,0,0,0,1,1,0,0,0,0
30524151,15103763,away,3,4,2,0,0,0,0,3,1,0,1,0,0
30524151,14448888,away,5,0,2,0,0,0,1,1,0,0,1,0,0
30524151,15103764,away,4,2,0,0,1,0,0,2,0,0,0,0,1
30524151,11385043,away,6,4,3,1,0,0,2,0,0,0,4,0,2
30524151,14448829,away,5,0,1,0,0,0,0,0,2,0,0,0,0
30524151,11385139,away,3,1,0,0,0,0,0,3,2,0,0,0,0
30524151,15103765,away,5,0,2,0,0,0,3,1,0,0,0,0,0
30524151,15103761,away,4,0,1,0,0,0,1,2,0,0,0,0,0
30524151,11389637,away,4,0,0,0,0,0,0,2,0,0,2,0,1
30524151,15103782,home,3,2,0,0,2,0,1,1,0,0,0,0,0
30524151,15103783,home,3,1,2,1,0,0,3,1,0,0,0,0,0
30524151,15103781,home,3,1,2,0,0,0,1,1,0,0,0,0,0
30524151,11389643,home,3,3,1,0,0,0,1,1,2,0,0,0,1
30524151,14783236,home,2,3,0,1,0,0,0,2,1,0,0,0,0
30524151,14783279,home,4,2,0,0,1,0,1,1,0,0,0,0,0
30524151,11997554,home,3,3,2,1,0,0,3,1,0,0,0,0,0
30524151,11385128,home,2,0,1,0,0,0,0,2,0,0,0,0,0
30524151,15103780,home,5,3,1,1,1,1,4,0,0,0,0,0,0
30524151,11389545,home,4,1,1,0,0,0,1,0,0,0,0,0,0
30524151,11389546,home,2,3,2,0,0,0,0,1,0,1,1,0,0
30524151,11389547,home,5,1,3,0,0,0,1,0,0,0,0,0,0
30524151,13132563,home,3,1,1,0,0,0,0,1,0,0,0,0,0
30569227,15103766,away,5,1,3,0,0,0,0,0,0,0,1,0,0
30569227,14783220,away,5,0,1,0,0,0,1,0,0,0,0,0,1
30569227,14448888,away,6,1,0,1,0,0,2,0,0,0,0,0,1
30569227,11385043,away,4,3,1,1,0,0,3,2,0,0,1,0,0
30569227,14448866,away,5,0,2,0,0,0,1,0,1,0,0,0,0
30569227,14448829,away,2,2,0,0,0,0,0,3,0,0,0,0,0
30569227,15103760,away,6,1,1,1,1,0,1,0,0,0,1,0,1
30569227,15103765,away,5,1,2,0,0,0,0,0,1,0,0,0,0
30569227,11380985,home,5,0,0,0,0,0,0,0,1,0,0,0,0
30569227,11957681,home,5,2,1,1,0,0,2,0,0,0,1,0,0
30569227,11385123,home,5,0,0,0,0,0,0,1,0,0,0,0,0
30569227,15103773,home,5,2,3,1,0,0,1,0,0,0,1,0,1
30569227,15103774,home,5,1,2,0,0,0,0,0,0,0,0,0,1
30569227,15103776,home,5,2,2,0,0,0,0,0,0,0,0,0,1
30569227,15103778,home,4,0,1,0,0,0,0,1,0,0,0,0,0
30569227,12597841,home,4,1,1,0,0,0,0,0,0,1,2,0,1
30569227,15103779,home,5,1,2,0,0,0,1,0,0,0,1,0,1
30569228,14448792,away,3,1,2,0,0,0,1,0,0,0,1,0,0
30569228,15103782,away,3,5,2,0,0,0,1,2,0,0,2,0,1
30569228,15103783,away,6,1,5,0,0,0,2,0,0,0,1,0,0
30569228,14783279,away,6,4,4,0,0,0,1,0,1,0,2,0,0
30569228,11389545,away,5,3,2,0,0,0,1,1,2,0,1,0,0
30569228,11389546,away,5,1,0,1,0,0,1,1,1,0,2,0,0
30569228,11385053,home,3,1,1,0,0,0,1,1,1,0,1,0,0
30569228,14448837,home,4,2,2,1,0,0,4,0,0,0,0,0,1
30569228,14783271,home,3,3,1,0,0,0,1,1,0,1,0,0,0
30569228,13132480,home,4,3,3,0,0,0,4,1,0,0,1,0,0
30569228,11389539,home,4,4,4,0,0,0,1,1,0,0,1,0,0
30569228,15103768,home,4,2,1,2,0,0,1,1,1,0,0,0,0
30569228,15103772,home,2,3,1,0,0,0,1,2,0,1,1,0,0
30569228,12597854,home,3,1,1,1,0,0,5,0,0,0,0,2,0
30569228,11385052,home,4,1,3,0,0,0,2,1,0,0,2,0,2
30569228,11385046,home,5,0,1,0,0,0,2,0,0,0,0,0,0
30569228,15103770,home,5,3,4,1,0,0,3,0,0,0,2,0,0
30569228,11997556,home,3,1,1,0,0,0,0,2,1,0,1,0,0
30573329,11389650,away,4,3,0,1,1,0,2,1,0,0,0,0,0
30573329,14783219,away,6,0,1,1,0,0,1,0,0,0,0,0,0
30573329,11385124,away,6,2,3,2,0,0,5,0,0,0,0,0,0
30573329,11389657,away,6,1,4,0,0,0,0,0,0,0,0,0,0
30573329,11389654,away,5,2,0,0,0,0,2,0,1,0,0,0,0
30573329,11389655,away,5,5,4,1,0,0,6,1,0,0,0,0,0
30573329,14448885,away,5,0,2,0,0,0,2,1,0,0,0,0,0
30573329,14783216,away,6,6,3,1,1,1,2,0,0,0,0,0,0
30573329,11959852,away,6,1,2,0,0,0,0,0,0,0,0,0,0
30573329,14448850,away,5,2,2,0,0,0,1,0,0,0,0,0,0
30573329,15103766,home,4,0,1,0,0,0,0,0,0,0,2,0,1
30573329,15103763,home,2,1,1,0,0,0,0,1,0,0,0,0,0
30573329,14448888,home,5,2,2,0,0,0,0,0,2,0,2,0,0
30573329,15103767,home,0,0,0,0,0,0,0,0,0,0,0,0,0
30573329,11385043,home,4,1,3,0,0,0,1,0,0,0,1,0,0
30573329,14448866,home,3,1,1,0,0,0,0,1,0,0,0,0,0
30573329,11385139,home,3,0,0,0,0,0,1,0,0,0,0,1,0
30573329,15103765,home,5,0,1,0,0,0,1,0,0,0,0,0,0
30573329,11389637,home,5,0,1,0,0,0,0,0,0,0,1,0,0
30573328,14448792,away,4,1,3,0,0,0,0,1,0,0,0,0,0
30573328,15103782,away,4,1,2,1,0,0,5,1,1,0,0,0,0
30573328,15103783,away,4,0,2,1,0,0,2,1,1,0,0,0,0
30573328,11957670,away,1,5,1,0,0,0,0,4,0,0,1,0,0
30573328,15103781,away,2,0,0,0,0,0,0,2,0,0,0,0,0
30573328,14783236,away,5,0,0,0,0,0,0,0,2,0,0,0,0
30573328,14783279,away,3,1,2,0,0,0,0,0,0,2,1,0,0
30573328,11385128,away,2,0,1,0,0,0,0,2,0,0,0,0,0
30573328,13132599,away,3,1,1,0,0,0,1,2,0,0,1,0,0
30573328,15103780,away,5,2,1,1,0,0,0,0,1,0,0,0,0
30573328,11389546,away,4,1,1,0,0,0,1,1,1,0,0,0,0
30573328,11389547,away,2,3,0,1,0,0,1,3,1,0,0,0,0
30573328,13132563,away,4,0,3,0,0,0,1,0,0,0,0,0,0
30573328,14448871,home,4,2,2,0,0,0,1,2,1,0,2,0,0
30573328,11385516,home,4,0,1,0,0,0,0,1,0,0,0,0,0
30573328,15103773,home,5,2,2,0,0,0,1,0,0,0,1,0,0
30573328,15103774,home,5,0,1,0,0,0,2,1,0,0,0,0,0
30573328,12597841,home,5,2,4,0,0,0,2,1,1,0,0,0,0
30573328,11959816,home,5,1,0,2,0,0,0,1,1,0,2,0,1
30573328,15103779,home,5,0,0,0,0,0,1,1,1,0,0,0,0
30579288,11389650,away,4,1,1,1,0,0,2,0,0,0,0,0,0
30579288,15103785,away,4,0,3,0,0,0,0,0,0,0,1,0,0
30579288,14448865,away,4,1,1,1,0,0,0,0,0,0,0,0,0
30579288,14783219,away,3,2,0,1,0,0,1,1,0,0,0,0,0
30579288,11385124,away,2,2,1,0,0,0,0,2,1,0,0,0,0
30579288,11389657,away,3,1,2,0,0,0,1,1,0,0,0,0,0
30579288,11389654,away,3,0,0,0,0,0,0,0,2,0,0,0,0
30579288,11389655,away,2,1,0,0,0,0,1,2,1,0,1,0,0
30579288,14448885,away,3,0,0,0,0,0,0,0,2,0,0,0,0
30579288,14783216,away,3,2,1,0,0,0,0,1,1,0,3,0,0
30579288,15103784,away,4,2,1,1,0,0,2,0,1,0,0,0,0
30579288,11959852,away,3,1,2,0,0,0,1,1,0,0,0,0,0
30579288,14448850,away,3,1,1,0,0,0,2,1,0,0,0,0,0
30579288,14448871,home,6,2,3,0,0,0,2,1,0,0,1,0,0
30579288,11385516,home,4,2,1,0,0,0,0,1,1,1,3,0,0
30579288,15103773,home,5,4,2,1,0,0,1,2,0,0,4,0,0
30579288,15103778,home,6,3,3,0,0,0,0,0,0,0,1,0,0
30579288,11959816,home,6,3,4,2,0,0,2,2,0,0,4,0,0
30579288,15103777,home,6,2,2,0,0,0,0,0,0,0,0,0,1
30579288,15103779,home,5,0,3,0,0,0,1,1,1,0,2,0,0
30579288,11385045,home,6,0,1,0,0,0,0,1,0,0,1,0,0
30579289,11385053,away,5,3,2,0,0,0,1,1,1,0,1,0,0
30579289,14783271,away,6,4,1,2,0,0,2,1,2,0,0,0,0
30579289,13132480,away,6,3,2,0,0,0,2,0,1,0,0,0,0
30579289,11389539,away,6,2,4,0,0,0,5,0,0,0,1,0,0
30579289,15103772,away,4,2,3,0,0,0,2,2,0,0,0,0,0
30579289,12597854,away,6,2,2,0,0,1,3,0,0,0,0,0,0
30579289,11385052,away,5,2,3,0,0,0,2,1,0,0,0,0,0
30579289,11385046,away,4,2,0,0,0,0,0,2,1,0,0,0,0
30579289,11997556,away,7,4,1,0,0,3,7,0,0,0,0,0,1
30579289,15103766,home,4,1,1,0,0,0,1,0,0,0,0,0,0
30579289,14783220,home,4,0,1,0,0,0,0,0,0,0,0,0,0
30579289,15103763,home,4,0,1,0,0,0,0,0,0,0,0,0,0
30579289,11385500,home,3,1,1,0,0,0,1,1,0,0,1,0,0
30579289,14448888,home,4,1,1,0,0,0,0,0,0,0,0,0,0
30579289,15103764,home,4,0,0,0,0,0,0,0,1,0,0,0,0
30579289,11385139,home,0,0,0,0,0,0,0,0,0,0,0,0,0
30579289,15103765,home,3,1,1,0,0,0,0,0,0,1,0,0,0
30579289,11389637,home,4,1,1,0,0,0,0,1,0,0,0,0,0
30584686,11389650,away,5,0,2,0,0,0,2,0,1,0,0,0,0
30584686,15103785,away,5,0,2,0,0,0,0,0,0,0,0,0,0
30584686,11385124,away,4,0,0,0,0,0,0,0,1,0,0,0,0
30584686,11389657,away,4,0,1,0,0,0,0,1,0,0,0,0,0
30584686,11389654,away,4,1,2,0,0,0,1,0,0,0,0,0,0
30584686,14783216,away,5,3,1,2,0,0,0,0,0,0,1,0,0
30584686,15103784,away,5,1,2,0,0,0,2,0,0,0,1,0,0
30584686,14448850,away,4,1,1,0,0,0,0,0,1,0,0,0,0
30584686,11385053,home,4,0,1,0,0,0,0,1,0,0,1,0,0
30584686,14448837,home,4,2,2,0,0,0,1,0,0,0,1,0,0
30584686,14783271,home,2,2,0,0,0,0,0,2,0,0,4,0,0
30584686,13132480,home,4,2,1,0,0,0,0,0,0,0,0,0,0
30584686,11389539,home,4,0,1,0,0,0,0,0,0,0,0,0,0
30584686,15103768,home,5,2,4,0,0,0,3,0,0,0,4,0,0
30584686,15103772,home,3,2,1,0,0,0,1,0,0,0,2,0,0
30584686,12597854,home,5,0,3,0,0,0,2,0,0,0,2,0,0
30584686,11385052,home,1,2,0,0,0,0,1,2,0,1,2,0,0
30584686,11385046,home,3,1,2,0,0,0,1,0,0,0,1,0,0
30584686,11997556,home,5,0,1,1,0,0,3,0,0,0,1,0,0
30584694,15103766,away,4,0,0,0,0,0,0,0,1,0,0,0,0
30584694,14783220,away,4,2,1,1,0,0,3,1,0,0,1,0,0
30584694,15103763,away,2,0,2,0,0,0,0,2,0,0,1,0,0
30584694,11385500,away,2,0,0,0,0,0,0,1,0,0,0,0,0
30584694,14448888,away,3,0,0,0,0,0,1,0,1,0,0,0,0
30584694,15103767,away,3,1,2,0,0,0,0,1,0,0,0,0,0
30584694,15103764,away,4,1,4,0,0,0,1,0,0,0,2,0,0
30584694,11385043,away,4,1,3,0,0,0,1,0,0,0,2,0,0
30584694,14448866,away,4,0,0,0,0,0,0,0,0,0,0,0,0
30584694,15103760,away,5,2,0,2,0,0,1,0,0,0,0,0,0
30584694,15103765,away,2,1,2,0,0,0,0,1,0,0,0,0,0
30584694,11389637,away,4,0,2,0,0,0,1,0,0,0,0,0,0
30584694,15103782,home,4,3,3,0,0,0,0,0,1,0,1,0,0
30584694,15103783,home,4,1,2,0,0,0,0,0,0,0,1,0,0
30584694,11957670,home,4,2,1,2,0,0,3,0,1,0,2,0,0
30584694,15103781,home,3,1,0,0,0,0,0,1,0,0,0,0,0
30584694,14783236,home,3,0,1,0,0,0,1,0,1,1,0,0,0
30584694,14783279,home,4,0,0,1,0,0,2,0,1,0,0,0,0
30584694,11385128,home,2,1,0,0,0,0,0,2,0,0,0,0,0
30584694,13132599,home,2,1,1,0,0,0,1,1,0,0,2,1,0
30584694,11389546,home,4,1,2,0,0,0,1,0,0,0,1,0,0
30584694,13132563,home,3,1,1,0,0,0,1,0,0,0,1,1,0
30584688,11380985,away,4,0,0,0,0,0,0,0,1,0,0,0,0
30584688,11957681,away,4,0,2,0,0,0,0,0,1,0,1,0,0
30584688,14448871,away,2,3,1,0,0,0,2,2,0,0,2,0,0
30584688,11385516,away,3,2,3,0,0,0,0,0,0,0,2,0,0
30584688,11385123,away,4,0,0,0,0,0,0,0,0,0,0,0,0
30584688,15103773,away,3,1,2,0,0,0,0,0,0,0,0,0,0
30584688,15103776,away,1,1,1,0,0,0,0,0,0,0,1,0,0
30584688,15103778,away,4,0,3,0,0,0,0,0,0,0,0,0,0
30584688,12597841,away,3,0,1,0,0,0,0,1,0,0,0,0,0
30584688,11959816,away,2,1,2,0,0,0,0,1,0,0,0,0,0
30584688,15103777,away,4,0,0,0,0,0,0,0,1,0,0,0,0
30584688,15103779,away,3,0,1,0,0,0,0,0,1,1,1,0,0
30584688,11385045,away,4,1,2,1,0,0,2,0,0,0,2,0,0
30584688,11385053,home,3,1,1,0,0,0,0,1,2,0,0,0,0
30584688,14783271,home,4,1,2,0,0,0,0,0,1,0,0,0,0
30584688,13132480,home,1,2,0,0,0,0,0,2,1,1,2,0,0
30584688,11389539,home,4,0,1,0,0,0,2,0,0,0,0,0,0
30584688,15103768,home,4,2,2,0,0,0,1,0,1,0,1,0,0
30584688,15103772,home,2,0,1,0,0,0,1,2,0,0,0,0,0
30584688,12597854,home,2,1,0,1,0,0,1,1,0,0,0,1,0
30584688,11385052,home,3,0,2,0,0,0,2,1,0,0,0,0,0
30584688,11385046,home,3,2,2,0,0,0,2,1,1,0,0,0,0
30584688,15103770,home,4,1,3,0,0,0,0,0,0,0,3,0,0
30584688,11997556,home,3,1,1,1,0,0,0,1,0,0,1,0,0
30584688,11385055,home,4,2,2,0,0,0,0,0,1,0,2,0,0
30584689,11389650,away,5,2,2,0,0,0,1,0,1,0,0,0,0
30584689,14783219,away,4,2,1,1,0,0,0,1,0,0,0,0,0
30584689,11385124,away,4,1,0,1,0,0,4,1,0,0,0,0,0
30584689,11389657,away,3,2,2,0,0,0,0,2,1,0,0,0,0
30584689,11389654,away,3,2,1,0,0,0,0,1,1,0,0,0,0
30584689,11389655,away,4,1,3,0,0,0,1,1,0,0,2,0,0
30584689,14448885,away,3,3,0,1,0,0,0,2,0,0,3,0,0
30584689,15103784,away,5,1,1,0,0,0,1,0,0,0,0,0,0
30584689,11959852,away,4,0,3,1,0,0,1,0,0,0,1,0,0
30584689,14448850,away,3,0,1,0,0,0,0,1,1,0,0,0,0
30584689,14448792,home,4,0,1,1,0,0,1,0,0,0,0,0,0
30584689,15103782,home,3,1,1,0,0,0,0,0,0,1,2,0,0
30584689,11957670,home,4,3,2,1,0,1,2,0,0,0,2,0,0
30584689,14783236,home,3,1,1,0,0,0,0,0,0,0,0,0,0
30584689,14783279,home,1,3,1,0,0,0,1,3,0,0,2,0,0
30584689,11385128,home,4,0,1,0,0,0,0,0,0,0,0,0,0
30584689,13132599,home,2,0,1,0,0,0,1,1,0,0,0,1,0
30584689,15103780,home,4,3,2,0,1,0,2,0,1,0,0,0,0
30584689,11389545,home,4,1,1,0,0,0,1,0,0,0,0,0,0
30584689,11389546,home,4,2,1,1,0,0,0,0,1,0,1,0,0
30584689,11389547,home,4,0,2,0,0,0,0,0,0,0,0,0,0
30584689,13132563,home,4,1,3,1,0,0,3,0,0,0,0,0,0
30600333,11389650,away,3,2,3,0,0,0,0,0,0,0,0,0,0
30600333,15156526,away,3,0,1,0,0,0,1,0,0,0,0,0,0
30600333,15156527,away,3,0,1,0,0,0,0,1,0,0,0,0,0
30600333,15156528,away,3,2,2,0,0,0,0,0,0,0,0,0,0
30600333,15156529,away,3,0,0,0,0,0,0,1,3,0,0,0,0
30600333,15156530,away,3,0,0,0,0,0,0,0,0,0,0,0,0
30600333,15156531,away,4,0,0,0,0,0,0,0,0,0,0,0,0
30600333,11389654,away,3,0,0,0,0,0,0,0,1,0,0,0,0
30600333,15156533,away,4,0,2,0,0,0,1,0,0,0,0,0,0
30600333,14448885,away,3,0,1,0,0,0,2,0,0,0,0,0,0
30600333,15156535,away,3,3,1,1,0,0,0,1,0,0,4,0,0
30600333,15156536,away,3,1,1,1,0,0,0,0,0,0,0,0,0
30600333,11959852,away,2,0,0,0,0,0,0,0,0,1,0,0,0
30600333,15156538,away,3,0,2,0,0,0,1,0,0,0,0,0,0
30600333,15156508,home,2,0,0,0,0,0,0,1,0,0,1,0,0
30600333,14783220,home,3,0,1,0,0,0,0,1,0,0,0,0,0
30600333,15156510,home,3,0,1,0,0,0,0,0,1,1,0,0,0
30600333,11385500,home,2,1,0,0,0,0,0,1,0,0,0,0,0
30600333,15156512,home,3,0,0,0,0,0,0,0,0,0,0,0,0
30600333,15103767,home,3,0,0,0,0,0,0,0,0,0,0,0,0
30600333,11385043,home,3,0,0,0,0,0,1,0,1,0,0,0,0
30600333,14448829,home,3,0,0,0,0,0,0,0,1,0,0,0,0
30600333,11385139,home,1,0,0,0,0,0,0,1,1,1,0,0,0
30600333,15156521,home,2,0,0,0,0,0,0,1,0,0,0,0,0
30600333,15156522,home,3,0,0,0,0,0,0,0,1,0,0,0,0
30600333,15156524,home,2,0,1,0,0,0,0,1,1,0,0,0,0
30600329,15156492,away,3,0,0,0,0,0,0,0,1,0,0,0,0
30600329,11957681,away,4,0,1,0,0,0,0,0,0,0,0,0,0
30600329,11385516,away,3,0,0,0,0,0,0,1,0,0,0,0,0
30600329,15156496,away,3,0,0,0,0,0,0,0,1,0,0,0,0
30600329,15103773,away,4,2,3,1,0,0,1,0,0,0,1,0,0
30600329,15156498,away,3,0,0,0,0,0,0,0,2,0,0,0,0
30600329,15156500,away,2,0,0,0,0,0,1,0,0,0,0,1,0
30600329,11959816,away,3,2,1,1,0,0,0,0,0,0,1,0,0
30600329,15156504,away,3,0,0,0,0,0,0,0,0,0,0,0,0
30600329,15156505,away,3,1,1,0,0,0,0,1,0,0,1,0,0
30600329,11385045,away,4,0,2,1,0,0,2,0,0,0,1,0,0
30600329,15156507,away,2,1,1,0,0,0,0,0,0,0,1,0,0
30600329,11385053,home,5,1,1,1,0,0,0,0,0,0,0,0,0
30600329,14783271,home,5,1,3,0,0,0,2,0,0,0,2,0,0
30600329,15156542,home,4,1,0,0,0,0,0,1,2,0,0,0,0
30600329,11389539,home,5,0,1,0,0,0,1,0,0,0,0,0,0
30600329,15103772,home,3,0,0,0,0,0,0,1,1,0,0,0,0
30600329,15156546,home,5,1,2,1,0,0,4,0,0,0,0,0,0
30600329,15156548,home,3,2,2,0,0,0,0,1,0,0,1,0,0
30600329,11385046,home,3,1,2,0,0,0,2,1,0,0,1,0,0
30600329,15156550,home,5,2,3,0,0,0,2,0,1,0,0,0,0
30600329,11997556,home,4,4,2,1,0,0,1,1,0,0,1,0,0
30600329,15156553,home,4,3,3,0,0,0,0,1,0,0,1,0,1
30600330,15156554,away,4,0,0,0,0,0,0,0,2,0,0,0,0
30600330,15156556,away,4,1,2,0,0,0,2,0,1,0,0,0,0
30600330,15156557,away,3,1,0,0,0,0,0,1,1,0,1,0,0
30600330,15156558,away,4,1,2,0,0,0,0,0,1,0,1,0,1
30600330,15156560,away,3,1,1,0,0,0,0,0,2,0,0,0,0
30600330,14783279,away,4,1,1,0,0,0,1,0,1,0,0,0,0
30600330,11385128,away,3,0,0,0,0,0,0,0,1,0,0,0,0
30600330,15156564,away,3,1,2,0,0,0,0,1,0,0,1,0,0
30600330,15156566,away,3,0,0,0,0,0,0,1,0,0,0,0,0
30600330,11389546,away,4,1,2,0,1,0,0,0,1,0,1,0,0
30600330,13132563,away,3,2,1,0,0,0,2,1,0,0,0,0,0
30600330,15156492,home,3,0,1,0,0,0,0,0,1,0,0,0,0
30600330,11957681,home,3,1,0,0,0,0,0,1,1,0,0,0,0
30600330,15156494,home,4,1,1,0,0,0,0,0,2,0,1,0,0
30600330,11385516,home,3,2,2,0,0,0,0,1,0,1,0,0,0
30600330,15156496,home,3,0,0,0,0,0,0,1,0,0,0,0,0
30600330,15103773,home,3,0,0,1,0,0,1,1,0,0,0,0,0
30600330,15156498,home,3,1,3,0,0,0,1,0,0,0,1,0,0
30600330,15103774,home,4,2,2,0,0,0,0,0,0,0,1,0,0
30600330,15156500,home,3,1,3,0,0,0,3,0,0,0,0,0,0
30600330,15103778,home,2,0,1,0,0,0,0,1,0,0,0,0,0
30600330,11959816,home,4,3,3,1,0,0,1,0,0,0,1,0,0
30600330,15156504,home,1,2,1,0,0,0,0,1,0,0,2,0,0
30600330,15156505,home,2,0,0,0,0,0,0,1,0,1,0,0,0
30600330,11385045,home,3,0,0,0,0,0,0,1,1,0,0,0,0
30600334,11385053,away,4,2,2,0,0,0,1,0,0,1,0,0,0
30600334,15156540,away,3,0,1,0,0,0,0,1,0,0,0,0,0
30600334,14783271,away,5,1,2,1,0,0,2,0,0,0,0,0,0
30600334,15156542,away,4,0,2,0,0,0,0,0,0,0,0,0,0
30600334,11389539,away,5,0,3,0,0,0,1,0,0,0,0,0,0
30600334,15103772,away,3,0,1,0,0,0,0,1,0,0,0,0,0
30600334,15156548,away,4,2,3,0,0,0,0,0,0,0,1,0,0
30600334,11385046,away,3,0,0,0,0,0,0,0,1,0,0,0,0
30600334,15156550,away,5,2,3,0,0,0,0,0,1,0,0,0,0
30600334,11997556,away,4,3,3,0,0,0,0,1,0,0,1,0,0
30600334,15156553,away,5,2,3,0,0,0,1,0,0,0,1,0,0
30600334,15156508,home,4,0,1,0,0,0,1,0,1,0,0,0,0
30600334,14783220,home,4,0,1,0,0,0,0,0,0,0,0,0,0
30600334,15156510,home,3,0,1,0,0,0,1,1,2,0,0,0,0
30600334,11385500,home,0,0,0,0,0,0,1,1,0,1,1,1,0
30600334,15156512,home,4,1,2,1,0,0,1,0,0,0,2,0,1
30600334,11385043,home,4,0,3,0,0,0,2,0,0,0,3,0,0
30600334,15156516,home,0,0,0,0,0,0,0,0,0,0,0,0,0
30600334,14448829,home,1,0,0,0,0,0,0,0,0,0,0,0,0
30600334,11385139,home,2,1,1,0,0,0,0,2,0,0,1,0,0
30600334,15103760,home,4,1,0,0,1,0,0,0,0,0,0,0,0
30600334,15156521,home,4,1,1,0,0,0,0,0,0,0,0,0,0
30600334,15156522,home,4,1,0,0,1,0,0,0,0,0,0,0,0
30600334,15103761,home,4,0,2,0,0,0,0,0,0,0,0,0,0
30600334,15156524,home,4,1,1,0,0,0,0,0,2,0,0,0,0
30600331,15156492,away,3,1,2,0,0,0,1,0,0,0,0,0,0
30600331,11957681,away,1,1,0,0,0,0,0,1,0,0,1,0,0
30600331,15156494,away,3,2,1,0,0,0,0,0,1,0,1,0,0
30600331,11385516,away,4,1,1,0,0,0,0,0,1,0,1,0,0
30600331,15156496,away,3,0,1,0,0,0,0,0,0,0,0,0,0
30600331,15103773,away,2,1,1,0,0,0,1,1,0,0,0,0,0
30600331,15156498,away,2,1,0,0,0,0,0,1,0,0,0,0,1
30600331,15103774,away,4,0,2,0,0,0,2,0,1,0,0,0,0
30600331,15156500,away,3,2,2,1,0,0,5,0,0,1,0,0,0
30600331,15103778,away,3,0,1,0,0,0,1,0,0,0,0,0,0
30600331,11959816,away,4,1,1,1,0,0,2,0,0,0,0,0,0
30600331,15156505,away,2,1,1,0,0,0,0,1,1,0,0,0,0
30600331,11385045,away,4,1,1,0,0,0,0,0,0,0,0,0,0
30600331,11389650,home,5,4,4,0,0,0,0,1,0,0,4,0,0
30600331,15156526,home,5,0,1,0,0,0,0,0,2,0,0,0,0
30600331,15156527,home,4,1,1,1,0,0,0,1,0,0,0,0,0
30600331,15156528,home,5,0,4,0,0,0,2,0,0,0,0,0,0
30600331,11389654,home,4,1,1,0,0,0,0,0,1,0,1,0,0
30600331,15156533,home,4,3,1,1,1,0,2,0,0,0,1,0,0
30600331,14448885,home,6,3,3,0,0,0,3,0,0,0,3,0,0
30600331,15156538,home,4,1,2,0,0,0,0,0,1,0,1,0,0
30600339,11385053,away,2,1,1,0,0,0,0,0,0,1,1,0,0
30600339,15156540,away,3,2,2,0,0,0,1,0,0,0,0,0,0
30600339,14783271,away,4,1,2,0,0,0,0,0,1,0,0,0,0
30600339,15156542,away,3,0,0,0,0,0,1,0,0,0,0,1,0
30600339,11389539,away,4,0,1,0,0,0,1,0,0,0,0,0,0
30600339,15103772,away,3,1,1,0,0,0,0,1,0,0,1,0,0
30600339,15156548,away,5,1,2,0,0,0,3,0,0,0,1,0,0
30600339,15156550,away,5,1,4,0,0,0,2,0,0,0,1,0,0
30600339,11997556,away,2,2,2,0,0,0,0,3,0,0,0,0,0
30600339,15156553,away,2,2,2,0,0,0,1,3,0,0,1,0,0
30600339,15103782,home,3,0,0,0,0,0,0,0,0,0,0,0,0
30600339,15156556,home,0,0,0,0,0,0,0,0,2,1,0,0,0
30600339,15156557,home,3,1,1,0,0,0,1,1,0,0,0,0,0
30600339,15156558,home,4,0,3,0,0,0,1,0,0,0,1,0,0
30600339,15156559,home,3,1,2,0,0,0,0,0,1,0,0,0,0
30600339,15156560,home,4,0,0,0,0,0,0,0,3,0,0,0,0
30600339,14783279,home,4,1,2,0,0,0,0,0,1,0,0,0,0
30600339,11385128,home,4,0,0,0,0,0,0,0,1,0,0,0,0
30600339,15156565,home,2,2,0,1,0,0,2,3,1,0,2,0,0
30600339,15156566,home,3,0,0,0,0,0,1,0,1,0,0,1,0
30600339,11389546,home,4,1,1,1,0,0,1,0,0,0,0,0,0
30600339,11389547,home,3,1,2,0,0,0,1,1,0,0,0,0,0
30600338,15156554,away,5,1,3,0,0,0,1,0,0,0,0,0,0
30600338,15103782,away,4,1,4,0,0,0,1,1,0,0,0,0,0
30600338,15156556,away,5,3,3,0,0,0,3,1,0,0,0,0,0
30600338,15156557,away,5,4,2,2,0,0,2,1,0,0,1,0,0
30600338,15156558,away,5,0,0,0,0,0,1,0,0,0,0,0,0
30600338,15156560,away,5,0,0,0,0,0,0,0,4,0,0,0,0
30600338,14783279,away,5,4,4,0,0,0,0,1,1,0,3,0,0
30600338,15156565,away,4,3,3,1,0,0,1,0,0,0,1,0,0
30600338,11389546,away,3,2,2,0,0,0,1,2,0,0,0,0,0
30600338,13132563,away,4,2,3,0,0,0,2,1,0,0,1,0,0
30600338,11389650,home,4,1,2,0,0,0,0,0,0,0,0,0,0
30600338,15156526,home,4,1,1,0,0,0,0,0,0,0,0,0,0
30600338,15156527,home,4,1,2,0,0,0,1,0,0,0,0,0,0
30600338,15156528,home,0,0,0,0,0,0,0,0,0,0,0,0,0
30600338,15156529,home,4,1,1,0,0,0,0,0,0,0,0,0,0
30600338,15156530,home,4,1,2,0,0,0,0,0,0,0,0,0,0
30600338,15156531,home,4,1,1,0,0,0,0,0,0,0,0,0,0
30600338,11389654,home,4,1,4,0,0,0,1,0,0,0,3,0,0
30600338,15156533,home,4,1,2,0,0,0,0,0,0,0,0,0,0
30600338,14448885,home,4,1,1,0,0,0,0,0,0,0,0,0,0
30600338,15156535,home,4,1,2,0,0,0,0,0,0,0,0,0,0
30600338,11959852,home,4,1,1,0,0,0,0,0,0,0,0,0,0
30600338,15156538,home,4,1,2,0,0,0,0,0,0,0,0,0,0
30600332,15156508,away,3,0,0,0,0,0,0,0,2,0,0,0,0
30600332,14783220,away,3,1,0,0,0,0,0,1,1,0,0,0,1
30600332,15156510,away,3,1,1,0,0,0,0,0,1,0,1,0,0
30600332,11385500,away,3,0,1,0,0,0,0,0,0,0,0,0,0
30600332,15156512,away,3,0,0,1,0,0,2,0,2,0,0,0,0
30600332,15103767,away,2,0,0,0,0,0,0,1,0,0,1,0,0
30600332,15156514,away,2,1,2,0,0,0,2,1,0,0,0,0,0
30600332,11385043,away,3,0,1,0,0,0,0,0,0,0,0,0,0
30600332,15156516,away,2,0,1,0,0,0,0,0,0,1,0,0,0
30600332,14448829,away,2,0,0,0,0,0,0,1,0,0,0,0,0
30600332,11385139,away,0,0,0,0,0,0,0,3,0,0,0,0,0
30600332,15103760,away,3,0,0,0,0,0,0,1,0,0,0,0,0
30600332,15156521,away,3,1,0,0,0,0,0,0,0,0,0,0,0
30600332,15156522,away,3,1,2,0,0,0,0,0,0,0,1,0,0
30600332,15156524,away,3,0,2,0,0,0,1,0,0,0,0,0,0
30600332,15156492,home,3,0,2,0,0,0,0,0,0,0,0,0,0
30600332,11957681,home,4,2,3,0,0,0,0,0,0,0,0,0,0
30600332,15156494,home,3,2,2,0,0,0,0,1,0,0,1,0,0
30600332,11385516,home,3,1,0,0,0,0,0,0,1,1,1,0,0
30600332,15156496,home,2,0,0,0,0,0,0,0,0,1,0,0,0
30600332,15103773,home,4,0,1,1,0,0,1,0,0,0,0,0,0
30600332,15156498,home,2,0,0,0,0,0,0,1,1,0,0,0,0
30600332,15103774,home,3,1,1,0,0,0,1,0,0,0,0,0,0
30600332,15156500,home,4,1,2,0,0,0,2,0,2,0,0,0,0
30600332,15103778,home,4,0,2,0,0,0,0,0,1,0,0,0,0
30600332,11959816,home,3,1,1,0,0,0,0,1,0,0,0,0,0
30600332,15156505,home,2,1,1,0,0,0,1,1,0,0,0,0,0
30600336,15156508,away,5,2,2,1,0,0,0,0,0,0,0,0,0
30600336,14783220,away,6,2,2,0,1,0,0,0,0,0,0,0,0
30600336,15156510,away,4,2,0,0,1,0,0,0,0,0,0,0,0
30600336,15156512,away,6,3,3,1,0,0,4,0,0,0,2,0,0
30600336,15103767,away,5,1,0,0,0,0,0,0,0,0,1,0,0
30600336,14448829,away,4,1,0,0,0,0,0,1,0,0,0,0,0
30600336,15156518,away,0,0,0,0,0,0,0,0,0,0,0,0,0
30600336,11385139,away,4,1,1,0,0,0,0,1,0,0,1,0,0
30600336,15103760,away,5,2,1,1,1,0,2,0,0,0,2,0,0
30600336,15156521,away,5,0,4,0,0,0,2,0,0,0,0,0,0
30600336,15156554,home,6,0,4,1,0,0,0,0,0,0,0,0,0
30600336,15103782,home,0,0,0,0,0,0,2,0,0,0,1,0,0
30600336,15156556,home,6,2,3,1,0,0,0,0,0,0,0,0,0
30600336,15156557,home,0,0,0,0,0,0,5,0,2,0,2,0,0
30600336,15156558,home,5,2,1,1,0,0,0,0,0,0,1,0,0
30600336,15156560,home,5,0,2,0,0,0,0,0,2,0,0,0,0
30600336,14783279,home,5,5,4,0,0,0,1,1,1,0,4,0,0
30600336,11385128,home,5,1,1,0,0,0,0,1,0,0,0,0,0
30600336,15156564,home,4,1,2,0,0,0,2,2,0,0,0,0,0
30600336,15156565,home,4,6,0,2,1,0,1,2,0,0,3,0,0
30600336,15156566,home,3,0,0,0,0,0,0,0,1,0,0,0,0
30600336,11389546,home,1,0,0,1,0,0,1,0,0,0,0,0,0
30711962,15156492,away,3,0,1,0,0,0,0,0,0,0,0,0,1
30711962,11957681,away,3,0,0,0,0,0,0,0,0,0,0,0,0
30711962,15156494,away,3,2,2,0,0,0,0,1,0,0,1,0,0
30711962,11385516,away,3,0,0,0,0,0,0,0,1,0,0,0,0
30711962,15156496,away,3,0,0,0,0,0,0,0,2,0,0,0,0
30711962,15103773,away,4,0,2,0,0,0,2,0,0,0,0,0,0
30711962,15156498,away,3,0,1,0,0,0,0,0,1,0,0,0,0
30711962,15103774,away,4,0,2,0,0,0,0,0,2,0,0,0,0
30711962,15156500,away,2,1,0,1,0,0,1,1,0,0,0,0,0
30711962,15103778,away,2,0,1,0,0,0,0,0,1,0,0,0,0
30711962,15156502,away,0,0,0,0,0,0,0,0,0,0,0,0,0
30711962,11959816,away,4,1,1,0,0,0,0,0,1,0,1,0,0
30711962,15156505,away,3,0,0,0,0,0,0,0,1,0,0,0,0
30711962,11385053,home,2,0,0,0,0,0,2,0,0,1,0,0,0
30711962,15156540,home,3,0,0,0,0,0,0,0,0,0,0,0,0
30711962,14783271,home,3,0,2,0,0,0,1,0,0,0,0,0,0
30711962,15156542,home,0,0,0,0,0,0,0,0,0,0,1,0,0
30711962,11389539,home,3,0,2,0,0,0,1,0,0,0,1,0,0
30711962,15156544,home,2,1,0,0,0,0,0,2,1,0,1,0,0
30711962,15103772,home,3,0,0,0,0,0,1,0,0,0,0,0,0
30711962,15156546,home,3,1,1,0,0,0,0,0,0,0,0,0,0
30711962,15156548,home,2,0,2,0,0,0,0,1,0,0,1,0,0
30711962,11385046,home,2,0,1,0,0,0,0,1,1,0,0,0,0
30711962,15156550,home,3,2,2,0,0,0,0,0,0,0,1,0,0
30711962,11997556,home,3,0,1,0,0,0,0,0,1,0,0,0,0
30996054,15368323,away,2,0,1,0,0,0,2,1,0,1,0,0,0
30996054,15368328,away,2,1,1,1,0,0,3,1,0,0,0,0,0
30996054,15368319,away,2,1,0,0,0,0,0,1,0,0,0,0,0
30996054,15368332,away,1,1,0,0,0,0,0,2,0,0,0,0,0
30996054,15368320,away,0,0,0,0,0,0,0,0,0,0,0,0,0
30996054,15368322,away,3,1,2,0,0,0,0,1,0,0,0,0,0
30996054,15368321,away,3,1,0,1,0,0,0,1,0,0,1,0,0
30996054,15368330,away,4,1,1,0,0,0,1,0,0,0,2,0,0
30996054,15368331,away,2,0,0,0,0,0,0,2,1,0,0,0,0
30996054,15368325,away,3,0,0,0,0,0,0,1,0,0,0,0,0
30996054,15368329,away,4,2,2,0,0,0,0,0,0,0,0,0,0
30996054,15368324,away,4,1,1,0,0,0,0,0,0,0,0,0,0
30996054,15368326,away,3,1,1,0,0,0,0,1,0,0,0,0,0
30996054,15368261,home,2,0,1,0,0,0,1,2,0,0,0,0,0
30996054,15368253,home,1,3,0,0,0,0,1,3,0,0,0,0,0
30996054,15368258,home,3,1,0,0,0,0,0,1,3,1,0,0,0
30996054,15368256,home,1,0,0,0,0,0,1,3,3,0,0,0,0
30996054,15368254,home,4,0,0,0,0,0,0,1,3,0,0,0,0
30996054,15368259,home,2,3,0,0,0,1,1,2,1,0,1,0,0
30996054,15368249,home,0,0,0,0,0,0,0,0,0,0,0,0,0
30996054,15368248,home,3,0,1,0,0,0,1,1,1,0,1,0,0
30996054,15368257,home,0,0,0,0,0,0,0,0,0,0,0,0,0
30996054,15368255,home,4,0,1,0,0,0,2,0,3,0,0,0,0
30996054,15368251,home,0,0,0,0,0,0,0,0,0,0,0,0,0
30996054,15368252,home,5,2,2,0,0,0,0,2,0,2,0,0,0
30996054,15368260,home,2,0,0,0,0,0,1,2,1,0,0,0,0
30996054,15368250,home,2,2,1,0,0,0,0,3,0,0,4,0,0
30996055,15368295,away,1,0,0,0,0,0,0,2,0,0,0,0,0
30996055,15368294,away,2,0,0,0,0,0,0,1,2,0,0,0,0
30996055,15368301,away,2,0,0,0,0,0,0,1,0,0,0,0,0
30996055,15368304,away,2,0,0,0,0,0,0,1,0,0,0,0,0
30996055,15368293,away,2,1,0,0,0,0,0,1,1,0,3,0,0
30996055,15368291,away,3,1,0,0,0,0,0,0,1,0,0,0,0
30996055,15368302,away,2,0,0,0,0,0,0,1,2,0,0,0,0
30996055,15368292,away,0,0,0,0,0,0,0,0,0,0,0,0,0
30996055,15368298,away,1,0,0,0,0,0,0,1,0,0,0,0,0
30996055,15368296,away,3,0,0,0,0,0,0,0,2,0,0,0,0
30996055,15368297,away,0,0,0,0,0,0,0,0,0,0,0,0,0
30996055,15368303,away,3,0,0,0,0,0,0,0,2,0,0,0,0
30996055,15368299,away,2,0,0,0,0,0,0,1,0,0,0,0,0
30996055,15368300,away,2,0,0,0,0,0,0,1,1,0,0,0,0
30996055,15368309,home,2,2,1,0,0,0,1,2,0,0,0,0,0
30996055,15368316,home,4,2,1,0,0,0,2,1,0,0,0,0,0
30996055,15368306,home,4,1,2,0,0,0,1,1,0,0,0,0,0
30996055,15368317,home,4,2,2,1,0,0,2,0,0,0,0,0,0
30996055,15368313,home,0,0,0,0,0,0,0,0,0,0,0,0,0
30996055,15368314,home,0,0,0,0,0,0,0,0,0,0,0,0,0
30996055,15368308,home,5,1,2,1,0,0,1,0,0,0,1,0,0
30996055,15368310,home,4,1,0,0,0,0,0,0,1,1,0,0,0
30996055,15368312,home,4,2,2,0,0,0,0,0,1,0,0,0,0
30996055,15368305,home,3,2,1,1,0,0,3,1,0,0,1,0,0
30996055,15368315,home,4,2,3,0,0,0,1,0,0,0,1,0,0
30996055,15368307,home,2,1,0,0,0,0,0,3,1,0,0,0,0
30996055,15368311,home,3,1,0,0,0,0,1,2,0,0,0,0,0
30996056,15368270,away,3,2,2,1,0,0,0,1,1,0,1,0,0
30996056,15368266,away,5,0,1,1,0,0,1,0,0,0,1,0,0
30996056,15368271,away,4,0,1,0,0,0,0,0,2,0,0,0,0
30996056,15368265,away,5,3,3,0,0,0,0,0,0,0,1,0,0
30996056,15368268,away,0,0,0,0,0,0,0,0,0,0,0,0,0
30996056,15368269,away,3,2,3,0,0,0,1,1,0,0,1,0,0
30996056,15368272,away,3,2,1,0,0,0,3,1,0,0,0,0,0
30996056,15368275,away,3,0,0,0,0,0,0,1,2,0,0,0,0
30996056,15368263,away,1,0,0,0,0,0,0,3,0,0,0,0,0
30996056,15368274,away,4,0,2,0,0,0,4,0,0,1,0,0,0
30996056,15368273,away,2,0,1,0,0,0,0,1,1,0,0,0,0
30996056,15368264,away,5,1,0,1,0,0,0,0,3,0,0,0,0
30996056,15368262,away,4,2,2,0,0,0,2,0,0,0,1,0,0
30996056,15368267,away,4,1,1,1,0,0,2,0,1,0,0,0,0
30996056,15368280,home,4,1,3,0,0,0,0,0,0,0,1,0,0
30996056,15368277,home,4,1,4,0,0,0,1,0,0,0,0,0,0
30996056,15368290,home,1,0,1,0,0,0,0,0,0,0,0,0,0
30996056,15368281,home,0,0,0,0,0,0,0,0,0,0,0,0,0
30996056,15368279,home,4,2,2,0,0,0,1,0,1,0,1,0,0
30996056,15368278,home,3,0,0,0,0,0,0,1,0,0,0,0,0
30996056,15368285,home,4,0,0,0,0,0,0,0,1,1,0,0,0
30996056,15368283,home,4,1,0,1,0,0,0,0,3,0,0,0,0
30996056,15368287,home,4,0,2,0,0,0,2,0,0,0,0,0,0
30996056,15368286,home,4,1,3,0,0,0,0,0,1,0,0,0,0
30996056,15368288,home,0,0,0,0,0,0,0,0,0,0,0,0,0
30996056,15368284,home,2,0,1,0,0,0,0,2,0,0,0,0,0
30996056,15368289,home,4,0,0,0,0,0,0,0,1,1,0,0,0
30996056,15368282,home,0,0,0,0,0,0,0,0,0,0,0,0,0
30996041,15368327,away,3,1,2,0,0,0,0,1,0,0,0,0,0
30996041,15368328,away,2,0,1,0,0,0,0,1,0,0,0,0,0
30996041,15368319,away,3,0,2,0,0,0,0,0,1,0,0,0,0
30996041,15368332,away,3,0,0,0,0,0,0,0,1,0,0,0,0
30996041,15368320,away,4,1,2,0,0,0,0,0,0,0,1,0,0
30996041,15368322,away,4,2,3,0,0,0,0,0,0,0,0,0,0
30996041,15368321,away,3,0,3,0,0,0,0,1,0,0,0,0,0
30996041,15368330,away,3,0,0,0,0,0,1,0,0,0,0,0,0
30996041,15368325,away,4,0,1,0,0,0,0,0,0,0,0,0,0
30996041,15368329,away,3,0,0,0,0,0,0,0,1,0,0,0,0
30996041,15368324,away,4,0,0,0,0,0,0,0,1,0,0,0,0
30996041,15368326,away,3,0,1,0,0,0,0,1,0,0,0,0,0
30996041,15368270,home,3,2,2,0,0,0,0,2,1,0,0,0,0
30996041,15368266,home,5,3,3,1,0,0,0,0,0,0,1,0,0
30996041,15368265,home,5,3,2,1,0,0,3,0,0,0,1,0,0
30996041,15368268,home,4,1,2,0,0,0,1,0,0,0,1,0,0
30996041,15368269,home,3,0,2,0,0,0,2,1,0,0,0,0,0
30996041,15368272,home,4,1,4,0,0,0,0,0,0,0,0,0,0
30996041,15368275,home,1,0,0,0,0,0,0,0,1,0,0,0,0
30996041,15368263,home,1,2,0,0,0,0,0,3,0,0,0,0,0
30996041,15368274,home,4,0,2,0,0,0,1,0,0,0,0,0,0
30996041,15368273,home,4,1,2,0,0,0,0,0,2,0,0,0,0
30996041,15368264,home,2,1,1,0,0,0,0,1,0,1,0,0,0
30996041,15368262,home,4,1,3,0,0,0,0,0,0,0,0,0,0
30996040,15368280,away,3,2,2,0,0,0,1,1,0,0,1,0,0
30996040,15368277,away,2,1,1,0,0,0,0,2,0,0,1,0,0
30996040,15368290,away,3,1,0,0,0,0,0,0,0,0,0,0,0
30996040,15368281,away,3,0,0,0,0,0,1,0,0,0,0,0,0
30996040,15368279,away,4,2,1,1,0,0,2,0,2,0,0,0,0
30996040,15368278,away,3,0,2,0,0,0,1,0,0,0,0,0,0
30996040,15368285,away,3,0,1,0,0,0,1,0,0,0,0,0,0
30996040,15368287,away,2,0,0,0,0,0,0,0,0,1,0,0,0
30996040,15368286,away,3,1,1,0,0,0,1,1,1,0,0,0,0
30996040,15368288,away,3,0,0,0,0,0,0,0,1,0,0,0,0
30996040,15368284,away,0,1,0,0,0,0,0,2,0,1,0,0,0
30996040,15368289,away,2,0,0,0,0,0,0,0,0,0,0,0,0
30996040,15368282,away,1,2,0,0,0,0,1,3,0,0,2,0,0
30996040,15368316,home,4,0,2,0,0,0,0,0,0,0,0,0,0
30996040,15368306,home,3,0,0,0,0,0,1,1,1,0,0,0,0
30996040,15368317,home,5,2,1,0,0,0,0,0,1,0,1,0,0
30996040,15368314,home,3,1,1,1,0,0,1,2,0,0,0,0,0
30996040,15368308,home,3,1,2,0,0,0,1,0,1,1,0,0,0
30996040,15368310,home,5,2,1,0,0,0,0,0,4,0,0,0,0
30996040,15368312,home,5,2,3,0,0,0,2,0,1,0,0,0,0
30996040,15368305,home,5,2,1,3,0,0,1,0,0,0,1,0,0
30996040,15368307,home,4,1,1,1,0,0,1,0,0,0,1,0,0
30996040,15368311,home,4,1,1,0,0,0,1,0,0,0,0,0,0
30996039,15368261,away,4,0,2,0,0,0,0,1,1,0,0,0,0
30996039,15368258,away,3,3,2,0,0,0,0,2,1,0,1,0,0
30996039,15368256,away,4,1,1,0,0,0,0,1,1,0,0,0,0
30996039,15368259,away,3,1,0,1,0,0,0,2,0,1,0,0,0
30996039,15368248,away,3,3,2,0,0,0,0,1,0,0,1,0,0
30996039,15368255,away,5,1,2,1,0,0,0,0,0,0,0,0,0
30996039,15368251,away,4,2,2,2,0,0,5,0,0,0,0,0,0
30996039,15368252,away,4,0,1,0,0,0,3,1,1,0,1,0,0
30996039,15368260,away,5,0,4,0,0,0,1,0,0,0,0,0,0
30996039,15368250,away,4,4,1,2,0,0,2,1,0,0,1,0,0
30996039,15368294,home,4,1,3,0,0,0,0,0,0,0,1,0,0
30996039,15368301,home,4,3,1,0,0,0,0,0,0,0,2,0,0
30996039,15368304,home,4,0,0,1,0,0,1,0,3,0,0,0,0
30996039,15368293,home,3,3,2,0,0,0,2,2,0,0,1,0,0
30996039,15368291,home,5,1,3,1,0,0,3,0,0,0,0,0,0
30996039,15368302,home,3,3,1,1,0,0,0,2,1,0,0,0,0
30996039,15368292,home,4,0,3,0,0,0,4,0,1,0,0,0,0
30996039,15368298,home,0,0,0,0,0,0,0,0,0,0,0,0,0
30996039,15368297,home,3,2,1,0,0,0,2,2,1,0,1,0,0
30996039,15368303,home,3,0,0,0,0,0,1,1,1,0,0,0,0
30996039,15368299,home,1,3,0,0,0,0,0,3,0,0,2,0,0
30996039,15368300,home,2,1,0,0,0,0,0,0,0,0,0,0,0
30996044,15368309,away,4,0,0,0,0,0,0,0,2,0,0,0,0
30996044,15368316,away,3,0,0,0,0,0,0,0,0,0,0,0,0
30996044,15368306,away,3,0,0,0,0,0,0,2,1,0,0,0,0
30996044,15368317,away,3,1,1,1,0,0,0,0,0,0,0,0,0
30996044,15368313,away,3,1,2,0,0,0,0,0,0,0,0,0,0
30996044,15368314,away,4,1,1,0,0,0,0,0,2,0,0,0,0
30996044,15368308,away,2,0,1,0,0,0,0,0,0,0,0,0,0
30996044,15368310,away,3,1,1,0,0,0,0,0,0,0,0,0,0
30996044,15368312,away,3,0,0,0,0,0,0,1,0,0,0,0,0
30996044,15368305,away,4,1,1,2,0,0,2,0,0,0,1,0,0
30996044,15368307,away,1,0,0,0,0,0,0,1,1,0,0,0,0
30996044,15368318,away,3,0,0,0,0,0,0,0,2,0,0,0,0
30996044,15368311,away,3,0,1,0,0,0,0,1,0,0,0,0,0
30996044,15368266,home,3,3,1,0,0,0,0,2,0,0,0,0,0
30996044,15368265,home,4,2,1,0,0,0,0,1,0,0,0,0,0
30996044,15368268,home,5,2,1,1,0,0,4,0,0,0,0,0,0
30996044,15368269,home,5,0,1,1,0,0,1,0,1,0,0,0,0
30996044,15368272,home,5,1,2,1,0,0,2,0,0,0,1,0,0
30996044,15368275,home,3,0,0,0,0,0,0,1,1,0,0,0,0
30996044,15368263,home,4,0,1,0,0,0,0,0,2,0,0,0,0
30996044,15368274,home,2,1,1,0,0,0,1,1,0,1,0,0,0
30996044,15368264,home,3,2,1,0,0,0,0,1,2,1,0,0,0
30996044,15368262,home,4,1,3,0,0,0,4,1,0,0,0,0,0
30996044,15368267,home,4,1,2,0,0,0,0,0,0,0,0,0,0
30996042,15368327,away,3,3,1,0,0,0,0,2,1,0,0,0,0
30996042,15368323,away,5,1,3,0,0,0,0,0,0,0,0,0,0
30996042,15368328,away,3,0,0,0,0,0,0,0,0,0,0,0,0
30996042,15368319,away,5,0,2,0,0,0,0,0,2,0,0,0,0
30996042,15368332,away,4,0,0,0,0,0,0,1,2,0,0,0,0
30996042,15368320,away,5,1,0,0,0,0,0,0,0,0,0,0,0
30996042,15368321,away,3,1,2,1,0,0,2,2,0,0,0,0,0
30996042,15368330,away,4,1,2,0,0,0,0,1,0,0,0,0,0
30996042,15368331,away,4,2,2,0,0,0,0,0,0,1,0,0,0
30996042,15368325,away,4,1,0,0,0,0,0,1,0,0,0,0,0
30996042,15368324,away,5,1,1,2,0,0,1,0,0,0,0,0,0
30996042,15368295,home,3,1,2,1,0,0,2,2,0,0,0,0,0
30996042,15368294,home,2,3,1,0,0,0,2,0,0,2,1,0,0
30996042,15368301,home,3,0,1,0,0,0,0,1,0,0,0,0,0
30996042,15368304,home,4,2,2,0,0,0,0,0,0,0,0,0,0
30996042,15368293,home,5,2,1,0,0,0,0,0,0,0,1,0,0
30996042,15368291,home,5,1,1,0,0,0,0,0,0,0,1,0,0
30996042,15368302,home,4,1,1,2,0,0,1,0,0,0,0,0,0
30996042,15368292,home,4,0,2,0,0,0,3,0,0,0,0,0,0
30996042,15368296,home,4,0,1,0,0,0,2,0,0,0,0,0,0
30996042,15368299,home,4,2,3,0,0,0,0,0,0,0,0,0,0
30996042,15368300,home,4,1,0,0,0,0,0,0,0,0,1,0,0
30996043,15368261,away,4,0,0,0,0,0,2,1,1,0,0,0,0
30996043,15368256,away,5,1,3,0,0,0,2,0,0,0,0,0,0
30996043,15368259,away,4,3,1,1,0,0,0,1,0,0,0,0,0
30996043,15368248,away,3,1,1,0,0,0,0,1,0,0,1,0,0
30996043,15368257,away,4,3,3,0,0,0,2,0,0,0,2,0,0
30996043,15368252,away,3,1,2,1,0,0,0,1,1,0,0,0,0
30996043,15368260,away,5,0,2,0,0,0,0,0,0,0,0,0,0
30996043,15368250,away,4,2,1,0,0,0,0,1,1,0,2,0,0
30996043,15368280,home,3,1,0,0,0,0,0,1,0,0,0,0,0
30996043,15368277,home,2,1,1,0,0,0,0,2,0,0,1,0,0
30996043,15368279,home,4,2,1,0,0,0,2,1,1,0,0,0,0
30996043,15368278,home,4,0,0,1,0,0,2,0,2,0,0,0,0
30996043,15368285,home,4,1,3,0,0,0,0,0,0,0,2,0,0
30996043,15368287,home,4,1,2,0,0,0,1,0,0,0,0,0,0
30996043,15368286,home,3,1,0,0,0,0,1,0,1,0,0,0,0
30996043,15368288,home,4,2,3,0,0,0,3,0,0,0,0,0,0
30996043,15368284,home,1,0,0,0,0,0,0,3,0,0,0,0,0
30996043,15368289,home,4,0,1,0,0,0,0,0,0,0,0,0,0
30996043,15368282,home,3,1,1,0,1,0,2,1,1,0,1,1,0
30996059,15368309,away,6,1,3,0,0,0,1,0,1,0,0,0,0
30996059,15368306,away,4,1,2,0,0,0,0,1,1,0,1,0,0
30996059,15368308,away,5,0,2,0,0,0,1,0,1,0,0,0,1
30996059,15368310,away,5,1,2,0,0,0,1,0,0,0,1,0,0
30996059,15368312,away,4,1,2,0,0,0,0,0,1,0,0,0,0
30996059,15368305,away,5,2,2,0,0,0,0,0,0,0,1,0,0
30996059,15368315,away,3,0,1,0,0,0,0,1,1,0,0,0,0
30996059,15368318,away,5,1,3,0,0,0,0,0,0,0,0,0,0
30996059,15368311,away,4,0,1,0,0,0,0,0,2,1,1,0,0
30996059,15368261,home,3,1,0,0,0,0,1,1,0,0,0,0,1
30996059,15368256,home,3,2,0,1,0,0,1,1,1,0,0,0,0
30996059,15368259,home,3,2,1,0,0,0,0,1,0,0,0,0,0
30996059,15368249,home,3,1,1,1,0,0,5,1,0,0,0,0,1
30996059,15368248,home,2,1,1,1,0,0,2,1,0,1,0,0,0
30996059,15368257,home,3,1,1,0,0,0,1,1,0,0,0,0,0
30996059,15368255,home,4,0,0,0,0,0,0,0,2,0,0,0,0
30996059,15368251,home,3,2,1,1,0,0,1,1,0,0,0,0,1
30996059,15368260,home,4,0,1,0,0,0,2,0,1,0,0,0,0
30996059,15368250,home,3,3,1,0,0,0,2,1,0,0,0,0,1
30996057,15368277,away,3,2,2,0,0,0,2,2,0,0,2,0,0
30996057,15368290,away,4,1,1,0,0,0,0,0,1,0,1,1,0
30996057,15368281,away,3,1,1,0,0,0,0,1,1,0,0,0,0
30996057,15368278,away,4,1,0,0,0,0,0,1,0,0,1,0,1
30996057,15368285,away,4,1,2,0,0,0,2,0,1,0,0,0,1
30996057,15368287,away,4,0,1,0,0,0,1,0,0,0,0,0,0
30996057,15368286,away,4,2,2,1,0,0,3,0,0,0,0,0,0
30996057,15368284,away,4,0,0,0,0,0,0,0,2,0,0,0,0
30996057,15368289,away,4,1,2,0,0,0,2,0,0,0,0,0,1
30996057,15368282,away,5,2,0,1,1,0,0,0,2,0,0,0,0
30996057,15368327,home,3,1,1,0,0,0,0,1,0,0,0,0,0
30996057,15368323,home,4,0,2,0,0,0,0,0,1,0,0,0,0
30996057,15368328,home,4,0,0,1,0,0,0,0,1,0,0,0,0
30996057,15368319,home,3,1,2,0,0,0,0,0,0,0,1,0,0
30996057,15368332,home,3,1,0,0,0,0,0,1,1,0,0,0,0
30996057,15368320,home,1,0,0,0,0,0,0,2,0,0,0,0,0
30996057,15368321,home,4,1,1,1,0,0,2,0,0,0,0,0,0
30996057,15368330,home,4,1,3,0,0,0,1,0,0,0,2,0,0
30996057,15368331,home,0,0,0,0,0,0,0,0,0,0,0,0,0
30996057,15368325,home,3,2,1,0,2,0,1,0,0,0,0,0,0
30996057,15368329,home,2,0,0,0,0,0,0,1,1,0,0,0,0
30996057,15368326,home,3,1,0,1,0,0,0,1,0,0,0,0,0
30996058,15368270,away,4,2,0,1,1,0,2,1,0,0,0,0,0
30996058,15368266,away,0,0,0,0,0,0,0,0,0,0,0,0,0
30996058,15368271,away,2,2,0,1,0,0,4,2,0,0,0,1,0
30996058,15368265,away,4,1,1,0,0,0,2,0,0,0,1,0,0
30996058,15368268,away,4,2,0,0,0,0,1,1,1,0,0,0,0
30996058,15368272,away,4,0,1,0,0,0,0,0,2,0,0,0,0
30996058,15368275,away,2,2,0,0,0,0,0,2,0,0,0,0,0
30996058,15368263,away,1,2,0,0,0,0,1,3,0,0,0,0,0
30996058,15368273,away,1,1,0,0,0,0,1,3,0,0,2,0,0
30996058,15368262,away,4,0,0,1,0,0,2,0,0,0,0,0,0
30996058,15368267,away,4,1,0,0,0,0,0,0,1,0,1,0,1
30996058,15368294,home,4,3,0,0,0,0,0,2,0,1,3,0,2
30996058,15368301,home,3,2,1,0,0,0,2,3,0,1,2,0,0
30996058,15368304,home,5,1,0,1,0,0,0,0,2,0,0,0,1
30996058,15368293,home,5,3,1,2,0,0,1,1,0,0,2,0,0
30996058,15368302,home,4,0,1,0,0,0,2,1,0,0,1,0,0
30996058,15368292,home,3,0,1,0,0,0,0,3,1,0,0,0,0
30996058,15368298,home,3,2,1,0,0,0,0,2,0,0,1,0,0
30996058,15368297,home,4,0,1,0,0,0,0,1,0,0,1,0,0
30996058,15368299,home,3,3,1,1,0,0,2,3,0,0,1,0,0
30996058,15368300,home,3,0,1,0,0,0,3,2,0,0,0,1,0
30996060,15368309,away,5,2,3,0,0,0,0,0,0,0,1,0,0
30996060,15368306,away,4,1,0,0,0,0,0,1,2,1,1,0,0
30996060,15368317,away,4,1,0,0,0,0,0,1,0,0,1,0,0
30996060,15368313,away,5,0,3,0,0,0,0,0,0,0,3,0,0
30996060,15368310,away,3,1,2,0,0,0,0,2,0,1,1,0,0
30996060,15368312,away,0,0,0,0,0,0,0,0,0,0,0,0,0
30996060,15368305,away,0,0,0,0,0,0,0,0,0,0,0,0,0
30996060,15368307,away,3,1,0,0,0,0,1,2,2,0,0,0,0
30996060,15368318,away,4,1,1,0,0,0,1,1,1,0,0,0,0
30996060,15368311,away,6,1,2,0,0,0,0,0,0,0,0,0,0
30996060,15368327,home,0,0,0,0,0,0,0,0,0,0,0,0,0
30996060,15368323,home,2,3,2,0,0,0,2,2,0,0,0,0,0
30996060,15368328,home,3,0,0,0,0,0,0,1,0,1,0,0,0
30996060,15368319,home,4,1,0,0,0,0,0,0,2,1,0,0,0
30996060,15368332,home,4,0,1,0,0,0,1,0,2,0,0,0,0
30996060,15368322,home,3,2,1,0,0,0,0,1,1,0,0,0,0
30996060,15368321,home,4,0,1,1,0,0,2,0,1,0,0,0,0
30996060,15368330,home,4,1,3,0,0,0,2,0,1,0,1,0,0
30996060,15368325,home,5,1,3,0,0,0,1,0,0,0,0,0,0
30996060,15368329,home,2,1,0,0,0,0,0,2,2,0,0,0,0
30996062,15368295,away,4,0,1,0,0,0,0,0,2,0,0,0,0
30996062,15368301,away,3,0,1,0,0,0,0,0,0,0,0,0,0
30996062,15368304,away,1,2,1,0,0,0,0,2,0,0,0,0,0
30996062,15368293,away,4,1,1,0,0,0,1,0,0,1,0,0,1
30996062,15368291,away,3,1,2,0,0,0,3,1,0,0,1,0,0
30996062,15368302,away,4,0,0,0,0,0,0,0,0,0,0,0,0
30996062,15368292,away,3,1,1,0,0,0,1,0,1,0,1,0,0
30996062,15368298,away,1,2,0,0,0,0,0,2,1,0,0,0,0
30996062,15368296,away,2,0,0,0,0,0,0,1,0,0,1,0,0
30996062,15368303,away,3,0,2,0,0,0,1,0,0,0,0,1,0
30996062,15368299,away,4,1,1,1,0,0,2,0,0,0,0,0,0
30996062,15368300,away,3,1,1,0,0,0,0,0,1,0,0,0,0
30996062,15368280,home,5,0,3,0,0,0,4,0,0,0,0,0,1
30996062,15368277,home,6,4,4,1,0,0,3,0,0,0,1,0,0
30996062,15368281,home,5,0,0,0,0,0,1,0,0,0,0,1,0
30996062,15368279,home,4,1,2,0,0,0,1,1,0,0,0,0,0
30996062,15368278,home,4,1,1,0,0,0,0,1,0,0,0,0,1
30996062,15368285,home,5,2,5,0,0,0,1,0,0,0,0,0,0
30996062,15368286,home,4,3,3,0,0,0,1,0,0,0,0,0,0
30996062,15368289,home,4,2,3,0,0,0,0,1,0,0,0,0,0
30996062,15368282,home,5,3,1,0,0,0,2,1,1,0,1,0,0
30996061,15368270,away,4,4,2,1,0,0,0,1,0,0,2,0,0
30996061,15368266,away,3,2,0,1,0,0,3,2,0,0,2,0,0
30996061,15368271,away,3,0,0,2,0,0,0,0,1,0,0,0,1
30996061,15368265,away,4,3,1,0,0,0,3,1,0,0,0,0,1
30996061,15368268,away,4,2,2,0,0,0,1,0,0,1,1,0,0
30996061,15368269,away,4,3,2,0,0,0,2,1,0,0,0,0,2
30996061,15368275,away,3,1,1,0,0,0,1,1,1,0,1,0,0
30996061,15368263,away,1,1,0,0,0,0,1,2,0,1,0,0,0
30996061,15368273,away,2,1,0,0,0,0,0,1,0,0,1,0,0
30996061,15368264,away,2,1,2,0,0,0,1,1,0,1,0,0,0
30996061,15368267,away,3,0,1,0,0,0,1,0,0,0,0,0,1
30996061,15368261,home,2,0,1,0,0,0,1,0,1,0,0,0,0
30996061,15368258,home,2,3,0,0,0,0,0,2,1,1,0,0,1
30996061,15368256,home,3,0,0,0,0,0,0,1,1,0,0,0,1
30996061,15368249,home,2,2,0,2,0,0,2,1,0,0,0,1,0
30996061,15368248,home,4,1,1,0,0,0,0,0,1,1,0,0,0
30996061,15368255,home,4,0,0,0,0,0,0,0,1,0,0,0,1
30996061,15368251,home,2,3,1,1,0,0,1,1,0,0,0,0,0
30996061,15368252,home,4,1,0,2,0,0,5,0,1,0,0,1,0
30996061,15368260,home,4,0,2,0,0,0,3,0,0,0,0,0,1
31183945,15368261,away,5,1,2,0,0,0,1,0,0,0,0,0,0
31183945,15368256,away,5,0,3,0,0,0,3,0,0,0,0,0,0
31183945,15368259,away,5,2,1,0,1,0,2,0,1,0,0,0,0
31183945,15395874,away,5,1,1,0,0,0,0,0,1,0,0,0,0
31183945,15368249,away,5,5,4,0,1,0,1,0,0,0,0,0,0
31183945,15368248,away,4,2,3,0,0,0,0,1,1,0,3,0,0
31183945,15368257,away,5,5,5,0,0,0,3,0,0,0,1,0,0
31183945,15368255,away,5,2,2,0,0,0,1,0,1,0,0,0,1
31183945,15368252,away,5,2,3,1,0,0,8,0,0,0,0,0,0
31183945,15368260,away,5,1,2,0,0,0,0,0,0,0,0,0,1
31183945,15368250,away,5,2,0,1,1,0,2,0,1,0,1,0,0
31183945,15368323,home,3,1,1,0,0,0,0,1,0,0,0,0,0
31183945,15368319,home,2,1,1,0,0,0,1,2,0,0,0,0,0
31183945,15368332,home,3,0,0,0,0,0,0,1,2,0,0,0,0
31183945,15368320,home,4,1,3,0,0,0,5,1,0,0,0,0,0
31183945,15368322,home,4,2,3,0,0,0,0,1,0,0,0,0,0
31183945,15395857,home,5,3,4,0,0,0,1,0,1,0,0,0,0
31183945,15368331,home,4,1,3,0,0,0,1,1,0,0,0,0,0
31183945,15368325,home,5,2,2,0,0,0,2,0,1,0,0,0,0
31183945,15368329,home,3,0,0,0,0,0,0,2,2,0,0,0,0
31183947,15368309,away,7,4,4,1,0,0,4,0,0,0,1,0,1
31183947,15368316,away,6,2,2,1,0,0,0,0,0,0,0,0,1
31183947,15368306,away,6,3,5,1,0,0,0,0,0,0,0,0,0
31183947,15368313,away,5,2,2,0,0,0,1,1,0,0,0,0,0
31183947,15368314,away,6,2,1,1,0,0,0,0,0,0,0,0,0
31183947,15368310,away,6,1,2,1,0,0,3,0,0,0,0,0,0
31183947,15368312,away,6,3,6,0,0,0,1,0,0,0,0,0,0
31183947,15368305,away,6,4,4,0,0,0,0,0,0,0,0,0,1
31183947,15368307,away,4,2,2,2,0,0,1,0,0,0,0,0,0
31183947,15368318,away,6,2,3,0,0,0,0,0,0,0,0,0,0
31183947,15368311,away,7,5,4,1,0,0,1,0,0,0,2,0,0
31183947,15368294,home,4,1,1,1,0,0,1,0,1,0,0,0,0
31183947,15368301,home,4,0,0,0,0,0,1,0,0,0,1,0,0
31183947,15368304,home,3,1,2,0,0,0,1,1,1,0,1,0,0
31183947,15368291,home,2,1,1,0,0,0,1,1,0,0,1,0,0
31183947,15368302,home,4,1,1,0,0,0,0,1,1,0,0,0,0
31183947,15368298,home,4,0,1,0,0,0,0,0,1,0,1,0,0
31183947,15368296,home,3,0,0,0,0,0,0,1,0,0,0,0,0
31183947,15368297,home,2,0,0,0,0,0,0,2,0,0,0,0,0
31183947,15368300,home,2,1,0,0,0,0,0,2,0,0,0,0,0
31183946,15368277,away,1,3,1,0,0,0,0,4,0,0,1,0,0
31183946,15368290,away,3,0,0,0,0,0,0,1,0,0,0,0,0
31183946,15368281,away,2,1,0,0,0,0,0,2,1,0,0,0,0
31183946,15368279,away,2,2,1,0,0,0,1,3,0,0,0,0,0
31183946,15368278,away,5,0,2,0,0,0,1,0,1,0,0,0,0
31183946,15368285,away,5,1,1,0,0,0,1,0,2,0,0,0,0
31183946,15368288,away,3,2,2,0,0,0,0,1,1,0,0,0,0
31183946,15368284,away,4,0,1,0,0,0,0,0,1,0,0,0,0
31183946,15368289,away,4,1,1,0,0,0,3,1,0,1,0,0,0
31183946,15368282,away,4,2,0,0,0,0,1,1,1,1,2,0,0
31183946,15368270,home,5,2,1,2,0,0,1,0,1,0,0,0,1
31183946,15368271,home,4,1,1,0,0,0,1,1,1,0,0,0,0
31183946,15368265,home,5,1,2,1,0,0,3,0,0,0,0,1,0
31183946,15368268,home,5,1,2,0,0,0,1,0,0,1,0,0,0
31183946,15368269,home,4,0,1,0,0,0,1,1,2,0,0,0,0
31183946,15368272,home,4,1,1,0,0,0,1,1,2,0,0,0,0
31183946,15368275,home,2,2,1,0,0,0,0,2,1,0,0,0,0
31183946,15368263,home,3,1,1,0,0,0,0,1,2,0,0,0,0
31183946,15368273,home,3,1,0,0,0,0,0,0,1,0,0,0,1
31183946,15368262,home,5,0,1,0,0,0,1,0,1,1,0,0,0
30996045,15368309,away,4,1,1,0,0,0,0,0,0,0,0,0,1
30996045,15368316,away,2,1,0,0,0,0,0,2,2,0,0,0,0
30996045,15368306,away,2,2,1,0,0,0,1,2,0,0,0,0,0
30996045,15368317,away,4,1,3,0,0,0,1,0,0,0,0,0,0
30996045,15368313,away,3,2,2,0,1,0,4,1,0,0,0,0,0
30996045,15368308,away,4,1,1,0,0,0,0,0,1,0,0,0,0
30996045,15368310,away,4,3,2,0,0,0,4,0,0,0,0,0,2
30996045,15368312,away,4,1,2,0,0,0,0,0,0,0,0,0,0
30996045,15368305,away,4,3,2,1,0,0,3,0,0,0,0,0,1
30996045,15368307,away,3,3,0,0,1,0,4,1,1,0,0,0,1
30996045,15368318,away,2,3,0,0,0,0,0,2,0,0,0,0,1
30996045,15368311,away,5,1,2,0,0,0,0,0,1,0,2,0,0
30996045,15368277,home,4,2,2,1,0,0,0,0,0,0,2,0,0
30996045,15368290,home,4,0,0,1,0,0,0,0,0,1,0,0,0
30996045,15368279,home,3,2,1,1,0,0,0,1,1,0,1,0,0
30996045,15368278,home,4,1,2,0,0,0,1,0,1,0,0,0,0
30996045,15368285,home,4,0,3,0,0,0,1,0,0,0,1,0,0
30996045,15368288,home,4,2,3,0,0,0,2,0,0,0,0,0,0
30996045,15368284,home,3,0,0,0,0,0,0,1,2,0,0,0,0
30996045,15368289,home,4,0,1,0,0,0,1,0,0,0,0,0,0
30996047,15368266,away,7,4,4,1,0,0,5,0,0,0,0,0,1
30996047,15368271,away,4,1,3,0,0,0,0,0,0,0,0,0,0
30996047,15368265,away,6,6,3,1,0,0,2,1,0,0,0,0,0
30996047,15368268,away,7,1,3,1,0,0,5,0,0,0,0,0,0
30996047,15368269,away,5,1,2,0,0,0,2,2,0,0,0,0,0
30996047,15368272,away,4,1,0,0,0,0,1,3,2,0,0,0,0
30996047,15368263,away,5,3,1,0,0,0,2,2,1,0,0,0,1
30996047,15368274,away,7,3,3,0,0,0,2,0,1,0,0,0,1
30996047,15368264,away,5,5,3,0,0,1,4,2,0,1,1,0,0
30996047,15368262,away,6,2,3,1,0,0,3,1,0,0,0,0,0
30996047,15368327,home,3,3,2,0,0,0,2,2,0,0,0,0,0
30996047,15368319,home,4,1,2,0,0,0,2,1,0,1,0,0,0
30996047,15368332,home,5,0,0,0,1,0,1,0,0,0,0,0,0
30996047,15368320,home,5,1,1,0,0,0,2,1,0,0,0,0,0
30996047,15368322,home,5,2,1,1,0,0,0,1,1,0,0,0,0
30996047,15395857,home,4,2,1,0,0,0,0,2,0,0,0,0,0
30996047,15368331,home,4,0,3,1,0,0,3,1,0,0,0,0,0
30996047,15368325,home,4,3,2,1,0,0,2,1,1,0,1,0,0
30996047,15368329,home,5,0,3,0,0,0,2,0,0,1,0,0,0
30996047,15368324,home,4,1,2,1,0,0,2,1,0,0,0,0,0
30996046,15368295,away,4,0,1,0,0,0,0,1,1,0,0,0,0
30996046,15368294,away,4,1,0,1,0,0,1,1,1,0,0,0,0
30996046,15368301,away,4,2,2,1,0,0,1,1,0,0,0,0,0
30996046,15368304,away,4,1,1,0,0,0,1,0,1,0,0,0,0
30996046,15368302,away,3,1,0,0,0,0,0,2,1,0,0,0,0
30996046,15368292,away,4,1,2,0,0,0,0,0,0,0,0,0,0
30996046,15368298,away,3,1,1,0,0,0,0,1,1,0,0,0,0
30996046,15368296,away,5,0,5,0,0,0,1,0,0,0,1,0,0
30996046,15368299,away,4,0,2,0,0,0,1,0,0,0,0,0,0
30996046,15368300,away,3,1,2,0,0,0,1,2,1,0,0,0,0
30996046,15368261,home,3,2,2,0,0,0,1,2,0,0,0,0,0
30996046,15368256,home,3,3,3,0,0,0,2,1,0,1,0,0,0
30996046,15368259,home,6,0,3,0,0,0,2,0,0,0,0,0,0
30996046,15368249,home,4,1,0,1,1,0,1,1,0,0,0,0,0
30996046,15368248,home,4,3,2,0,0,0,1,1,0,0,0,0,0
30996046,15368257,home,6,0,3,0,0,0,4,0,0,0,1,0,0
30996046,15368255,home,4,3,1,0,0,0,0,0,0,1,0,0,0
30996046,15368251,home,2,3,2,0,0,0,1,1,0,0,0,0,0
30996046,15368260,home,4,1,2,0,0,0,1,1,0,0,0,0,0
30996046,15368250,home,6,4,4,1,0,0,5,0,0,0,3,0,0
30996070,15368280,away,3,0,0,1,0,0,2,2,0,0,0,0,0
30996070,15368277,away,4,2,1,1,0,0,0,1,0,0,2,0,0
30996070,15368290,away,4,1,2,0,0,0,0,0,1,0,0,0,0
30996070,15368281,away,3,1,0,0,0,0,0,1,0,0,0,0,0
30996070,15368279,away,5,2,3,0,0,0,0,0,0,0,0,0,0
30996070,15368278,away,4,0,1,0,0,0,2,1,1,1,0,0,0
30996070,15368287,away,1,0,0,0,0,0,0,0,0,0,0,0,0
30996070,15368288,away,5,0,2,0,0,0,0,0,0,0,0,0,0
30996070,15368284,away,5,0,2,0,0,0,1,0,2,0,0,0,0
30996070,15368289,away,4,1,1,0,0,0,0,0,0,0,0,0,0
30996070,15368261,home,4,1,0,0,0,0,0,0,0,1,0,0,0
30996070,15368256,home,4,1,1,0,0,0,0,0,0,0,0,0,0
30996070,15368259,home,4,1,0,0,0,0,0,1,2,0,0,0,0
30996070,15368248,home,4,1,1,0,0,0,2,0,0,0,0,0,0
30996070,15368255,home,4,0,1,0,0,0,1,0,0,0,0,0,0
30996070,15368251,home,3,0,3,0,0,0,2,2,0,0,0,0,0
30996070,15368252,home,5,1,2,0,0,0,0,0,0,0,0,0,0
30996070,15368260,home,5,0,2,0,0,0,0,0,1,0,0,0,0
30996070,15368250,home,5,1,2,0,0,0,1,0,3,0,2,0,0
30996071,15368301,away,5,4,4,0,0,0,2,1,0,0,5,0,0
30996071,15368304,away,6,0,1,0,0,0,0,0,2,0,0,0,0
30996071,15368293,away,6,4,4,1,0,0,2,0,1,0,5,0,0
30996071,15368302,away,6,1,2,1,0,0,4,0,2,0,2,0,0
30996071,15368298,away,4,1,0,1,0,0,1,2,0,0,0,0,0
30996071,15368296,away,6,3,2,1,1,0,0,0,0,0,3,0,0
30996071,15368297,away,6,1,2,0,0,0,2,0,1,0,0,0,0
30996071,15368323,home,5,3,2,2,0,0,3,0,0,0,0,0,0
30996071,15368328,home,4,1,2,0,0,0,2,0,0,0,0,0,0
30996071,15368319,home,2,1,2,0,0,0,0,2,0,0,0,0,0
30996071,15368332,home,1,1,0,0,0,0,0,3,1,0,0,0,0
30996071,15368320,home,4,1,0,0,0,0,0,1,0,0,0,0,0
30996071,15368322,home,5,3,3,1,0,0,2,0,0,0,1,0,0
30996071,15368321,home,5,1,1,0,0,0,0,0,2,0,0,0,0
30996071,15368330,home,5,2,2,1,0,0,1,0,0,0,3,0,0
30996071,15395857,home,3,0,1,0,0,0,3,1,0,0,0,0,0
30996071,15368331,home,3,2,2,0,0,0,1,1,0,0,0,0,1
30996071,15368325,home,4,4,2,2,0,0,3,1,0,0,0,0,0
30996071,15368329,home,3,1,3,0,0,0,3,1,0,0,0,0,0
30996071,15368326,home,4,1,3,1,0,0,1,0,0,0,0,0,0
30996069,15368270,away,4,3,1,0,1,0,0,1,1,0,1,0,0
30996069,15368266,away,3,1,2,0,0,0,0,1,0,0,1,0,0
30996069,15368271,away,3,1,1,0,0,0,0,2,0,0,2,0,0
30996069,15368265,away,5,3,2,0,0,0,1,0,0,1,4,0,0
30996069,15368269,away,5,0,0,0,0,0,0,0,0,0,0,0,0
30996069,15368272,away,1,0,0,0,0,0,0,3,0,0,0,0,0
30996069,15368275,away,3,1,1,0,0,0,1,1,2,0,0,0,0
30996069,15368263,away,2,0,0,0,0,0,0,2,0,0,0,0,0
30996069,15368274,away,2,2,1,0,0,0,1,2,0,0,0,0,0
30996069,15368264,away,4,2,1,1,0,1,6,1,0,0,0,0,1
30996069,15368262,away,5,1,4,1,0,0,2,0,0,0,0,0,0
30996069,15368316,home,4,1,1,0,0,0,0,0,1,0,1,0,0
30996069,15368306,home,5,2,2,0,0,0,0,1,0,1,0,0,0
30996069,15368317,home,3,1,2,0,0,0,0,1,0,0,1,0,0
30996069,15368313,home,3,0,0,0,0,0,1,1,1,0,0,0,0
30996069,15368308,home,4,1,2,1,0,0,3,0,0,0,0,0,0
30996069,15368312,home,3,2,0,0,0,0,0,2,0,0,0,0,0
30996069,15368305,home,2,4,1,0,0,0,0,2,0,0,1,0,0
30996069,15368315,home,3,1,0,1,0,0,0,1,1,0,0,0,0
30996069,15368318,home,2,1,1,0,0,0,1,2,1,0,0,0,0
30996069,15368311,home,6,1,1,0,0,0,1,0,1,0,0,0,0
30996073,15368323,away,5,2,3,0,0,0,0,0,0,0,2,0,0
30996073,15368328,away,5,1,2,0,0,0,1,0,1,0,1,0,0
30996073,15368319,away,5,1,2,0,0,0,2,0,0,0,0,0,0
30996073,15368320,away,4,0,0,2,0,0,3,1,0,0,1,0,0
30996073,15368322,away,6,2,3,0,1,0,1,0,0,0,3,0,0
30996073,15368330,away,4,1,3,0,0,0,1,1,0,0,4,0,0
30996073,15395857,away,6,2,2,1,0,0,1,0,1,0,2,0,0
30996073,15368331,away,0,0,0,0,0,0,0,0,0,0,0,0,0
30996073,15368325,away,4,1,0,0,0,0,0,1,2,0,1,0,0
30996073,15368280,home,5,1,1,3,0,0,7,0,0,0,0,0,0
30996073,15368290,home,3,1,0,0,0,0,0,1,0,1,0,0,0
30996073,15368281,home,2,3,1,1,0,0,0,2,0,0,0,0,0
30996073,15368279,home,3,3,2,0,0,0,1,3,0,0,0,0,0
30996073,15368278,home,4,1,1,0,1,0,0,0,0,0,0,0,0
30996073,15368287,home,4,1,3,0,0,0,2,0,0,0,0,0,0
30996073,15368288,home,4,2,2,1,0,0,1,0,0,0,0,0,0
30996073,15368284,home,4,0,2,0,0,0,1,0,1,0,0,0,0
30996073,15368289,home,5,0,0,0,0,0,1,0,0,0,0,0,0
30996073,15368282,home,4,1,0,0,0,0,1,1,1,0,0,1,0
30996072,15368304,away,5,0,1,2,0,0,2,0,0,0,0,0,0
30996072,15368293,away,2,5,2,0,0,0,1,4,0,0,0,0,0
30996072,15368302,away,4,2,0,2,0,0,3,2,2,0,0,0,0
30996072,15368298,away,4,2,1,1,0,0,2,1,0,0,0,0,0
30996072,15368296,away,3,3,2,1,0,0,2,3,0,0,0,0,0
30996072,15368300,away,4,2,0,0,0,0,0,1,1,1,0,0,0
30996072,15368265,home,5,2,3,0,0,0,1,1,0,0,1,0,0
30996072,15368269,home,5,1,1,0,0,0,1,1,2,0,0,0,1
30996072,15368275,home,2,1,0,0,0,0,0,3,1,0,1,0,0
30996072,15368263,home,3,1,1,0,0,0,0,2,0,0,0,0,0
30996072,15368274,home,3,1,0,0,0,0,1,3,0,0,0,0,0
30996072,15368273,home,4,1,1,1,0,0,2,1,2,1,0,0,0
30996072,15368264,home,5,2,2,0,0,1,4,1,1,0,1,0,0
30996072,15408834,home,5,1,2,0,0,0,0,1,0,0,0,0,0
30996072,15368267,home,6,2,3,1,0,0,2,0,0,0,0,0,0
30996074,15368256,away,2,0,0,0,0,0,0,2,1,0,0,0,0
30996074,15368259,away,4,4,2,1,0,0,1,1,0,0,3,0,0
30996074,15395874,away,4,1,1,0,0,0,0,0,1,0,0,0,0
30996074,15368249,away,5,0,4,0,0,0,6,0,0,0,2,0,1
30996074,15368248,away,2,2,1,0,0,0,0,2,0,0,2,0,0
30996074,15368257,away,3,4,1,0,0,0,0,1,2,1,0,0,1
30996074,15368255,away,3,0,0,0,0,0,0,1,0,0,2,0,0
30996074,15368252,away,4,0,0,0,0,0,0,0,0,1,0,0,0
30996074,15368260,away,4,0,0,0,0,0,0,1,3,0,0,0,0
30996074,15368250,away,5,1,0,1,0,0,1,0,1,0,0,0,1
30996074,15368317,home,5,2,2,0,0,0,0,0,0,0,1,0,0
30996074,15368314,home,4,0,0,0,0,0,1,1,0,0,1,0,0
30996074,15368310,home,4,0,3,0,0,0,0,1,0,0,2,0,0
30996074,15368315,home,4,1,1,0,0,0,1,0,0,0,0,1,0
30996074,15368307,home,3,1,1,0,0,0,0,2,0,0,0,0,1
30996074,15368318,home,4,1,1,0,0,0,1,1,2,0,0,0,0
30996074,15368311,home,5,1,1,1,0,0,0,0,0,0,0,0,0
30996051,15368258,away,3,1,1,0,0,0,1,0,0,0,0,0,0
30996051,15368256,away,3,0,1,0,0,0,1,0,1,0,0,0,0
30996051,15368259,away,3,2,2,0,0,0,1,0,1,0,0,0,0
30996051,15368248,away,4,0,1,0,0,0,1,0,0,0,0,0,0
30996051,15368257,away,2,1,2,0,0,0,0,0,0,0,1,0,0
30996051,15368255,away,1,1,0,0,0,0,0,2,0,0,0,0,0
30996051,15368252,away,2,1,1,0,0,0,3,1,0,0,0,0,0
30996051,15368260,away,3,1,1,0,0,0,0,0,0,0,0,0,0
30996051,15368250,away,2,2,2,0,0,0,1,1,0,0,1,0,0
30996051,15368270,home,2,1,0,1,0,0,0,1,1,0,0,0,0
30996051,15368265,home,3,2,2,0,0,0,0,0,0,0,1,0,0
30996051,15368268,home,3,0,2,0,0,0,2,0,0,0,0,0,0
30996051,15368272,home,2,0,0,0,0,0,0,0,0,0,1,0,1
30996051,15368263,home,1,0,0,0,0,0,0,1,0,0,0,0,0
30996051,15368274,home,2,0,1,0,0,0,0,0,0,0,0,0,0
30996051,15368264,home,2,1,0,1,0,0,1,0,1,1,0,0,0
30996051,15368262,home,3,0,1,0,0,0,1,0,0,0,0,0,0
30996051,15408834,home,2,0,0,0,0,0,0,0,2,0,0,0,0
30996052,15368327,away,3,0,0,0,0,0,0,0,1,0,0,0,0
30996052,15368323,away,3,0,1,0,0,0,0,0,0,0,0,0,0
30996052,15368328,away,2,1,2,0,0,0,0,1,0,0,0,0,0
30996052,15368320,away,1,2,1,0,0,0,0,3,0,0,2,0,0
30996052,15368322,away,4,2,4,0,0,0,2,0,0,0,6,0,0
30996052,15368321,away,2,3,2,0,0,0,1,1,0,0,0,0,0
30996052,15395857,away,3,0,0,0,0,0,0,0,0,0,0,0,0
30996052,15368331,away,3,1,1,1,0,0,1,0,0,0,0,0,0
30996052,15368325,away,3,1,1,1,0,0,0,0,0,0,0,0,0
30996052,15368324,away,3,1,2,0,0,0,2,0,1,0,0,0,0
30996052,15368326,away,3,1,2,0,0,0,1,0,0,0,0,0,0
30996052,15368306,home,2,0,2,0,0,0,1,1,0,0,1,0,0
30996052,15368317,home,3,3,2,1,0,0,2,0,0,0,1,0,0
30996052,15368314,home,3,1,1,0,0,0,0,0,1,0,2,0,0
30996052,15368312,home,3,0,1,0,0,0,1,0,0,0,0,0,0
30996052,15368305,home,3,3,0,2,1,0,3,0,0,0,1,0,0
30996052,15368315,home,4,1,3,0,0,0,0,0,0,0,0,0,0
30996052,15368307,home,3,0,0,1,0,0,1,0,0,0,0,0,0
30996052,15368318,home,2,0,0,0,0,0,0,1,2,0,0,0,0
30996052,15368311,home,3,1,1,0,0,0,0,1,1,0,0,0,0
30996053,15368280,away,4,2,3,0,0,0,3,0,1,0,1,0,0
30996053,15368277,away,2,1,0,1,0,0,1,2,0,0,1,0,0
30996053,15368290,away,4,0,1,0,0,0,1,0,0,0,0,0,1
30996053,15368281,away,2,1,1,0,0,0,2,1,0,1,0,0,0
30996053,15368279,away,4,1,1,1,0,0,1,0,0,0,1,0,0
30996053,15368278,away,3,2,1,0,0,0,0,1,0,0,0,0,0
30996053,15368285,away,4,0,0,0,0,0,0,0,0,0,0,0,1
30996053,15368286,away,3,3,1,0,1,0,1,0,0,0,1,0,0
30996053,15368288,away,3,1,2,0,0,0,1,1,0,0,0,0,0
30996053,15368284,away,4,2,3,0,0,0,3,0,1,0,0,0,0
30996053,15368289,away,3,2,1,0,0,0,0,1,1,0,1,0,0
30996053,15368295,home,4,2,1,1,0,0,0,0,1,0,1,0,1
30996053,15368294,home,3,1,1,0,0,0,1,0,2,0,2,0,0
30996053,15368301,home,3,1,1,0,0,0,1,0,0,0,0,0,0
30996053,15368304,home,3,0,2,0,0,0,1,0,0,0,1,0,0
30996053,15368293,home,4,1,1,0,0,0,0,0,1,0,0,0,0
30996053,15368302,home,1,1,1,0,0,0,0,2,0,0,4,0,0
30996053,15368296,home,4,1,1,0,0,0,0,0,0,0,0,0,1
30996053,15368297,home,3,0,1,0,0,0,1,0,0,0,0,0,0
30996053,15368303,home,3,1,2,0,0,0,1,0,0,0,1,0,0
30996076,15368270,away,5,1,1,0,0,0,1,0,2,0,2,0,0
30996076,15368266,away,3,1,1,1,0,0,0,0,0,0,3,0,0
30996076,15368271,away,5,0,0,0,0,0,0,0,3,0,0,0,0
30996076,15368265,away,5,0,3,0,0,0,1,0,0,0,1,0,0
30996076,15368268,away,4,1,2,0,1,0,0,0,0,0,1,0,0
30996076,15368272,away,4,1,1,1,0,0,2,1,1,0,0,0,0
30996076,15368263,away,3,1,0,0,0,0,0,0,3,1,0,0,0
30996076,15368274,away,5,1,0,0,0,0,0,0,1,0,0,0,0
30996076,15368262,away,5,0,1,0,0,0,1,0,1,0,0,0,0
30996076,15408834,away,4,0,2,0,0,0,0,1,2,0,0,0,0
30996076,15368267,away,4,5,2,1,0,0,0,2,0,0,2,0,0
30996076,15368280,home,3,3,2,0,0,0,2,1,0,1,0,0,0
30996076,15368277,home,4,1,0,3,0,0,2,0,1,0,0,1,0
30996076,15368290,home,3,2,1,0,0,0,0,0,0,1,0,0,0
30996076,15368281,home,4,2,2,0,0,0,0,1,0,0,0,0,0
30996076,15368279,home,5,2,1,0,0,0,0,1,0,0,0,0,1
30996076,15368278,home,4,1,2,0,0,0,0,0,1,0,0,0,0
30996076,15368285,home,4,1,3,0,0,0,1,0,0,0,0,0,0
30996076,15368286,home,3,2,1,0,0,0,0,1,0,0,0,0,1
30996076,15368288,home,2,0,0,0,0,0,0,2,2,0,0,0,0
30996076,15368289,home,3,0,0,0,0,0,0,1,0,0,0,0,0
30996077,15368294,away,4,2,2,1,0,0,6,2,0,1,1,0,0
30996077,15368301,away,5,3,1,1,0,0,4,1,0,1,1,0,0
30996077,15368304,away,5,3,2,0,0,0,0,1,1,0,2,0,0
30996077,15368292,away,4,4,4,0,0,0,1,0,0,1,0,1,0
30996077,15368298,away,4,0,0,0,0,0,1,3,2,0,0,0,0
30996077,15368296,away,3,3,0,2,0,0,4,3,0,1,0,0,0
30996077,15368303,away,2,0,0,1,0,0,1,4,0,2,0,1,0
30996077,15368300,away,6,0,0,0,0,0,2,0,0,0,0,0,1
30996077,15368316,home,5,0,2,0,0,0,2,0,0,0,0,0,0
30996077,15368306,home,4,2,1,2,0,0,2,0,0,1,2,0,1
30996077,15368317,home,6,3,3,1,0,0,0,0,0,0,1,0,0
30996077,15368313,home,5,1,1,0,0,0,1,0,0,0,1,0,0
30996077,15368314,home,5,1,1,0,0,0,1,0,2,0,0,0,0
30996077,15368310,home,6,2,3,0,0,0,4,0,0,0,3,0,0
30996077,15368315,home,6,2,2,1,0,0,0,0,0,0,0,0,1
30996077,15368318,home,5,2,2,0,0,0,1,0,1,0,0,0,0
30996075,15368327,away,4,2,1,1,0,0,0,0,0,0,2,0,0
30996075,15368323,away,6,0,2,0,0,0,1,0,0,0,1,0,0
30996075,15368328,away,6,0,2,0,0,0,1,0,1,0,0,0,0
30996075,15368332,away,5,1,1,0,0,0,0,0,1,0,0,0,0
30996075,15368320,away,6,1,4,0,0,0,1,0,0,0,1,0,0
30996075,15368322,away,2,1,0,1,0,0,0,0,0,0,0,0,0
30996075,15368321,away,4,2,2,0,0,1,4,1,0,0,0,1,0
30996075,15368326,away,6,0,2,0,0,0,1,0,0,0,0,0,0
30996075,15368261,home,1,2,0,0,0,0,0,1,0,3,0,0,1
30996075,15368258,home,5,1,3,0,0,0,3,0,1,0,0,0,0
30996075,15368256,home,3,1,0,0,0,0,1,1,1,0,0,0,0
30996075,15368259,home,5,1,1,0,1,0,3,0,0,0,0,0,0
30996075,15368249,home,5,2,3,0,0,0,1,0,0,0,0,0,0
30996075,15368248,home,2,1,2,0,0,0,2,0,0,0,0,0,0
30996075,15368257,home,5,3,3,0,0,0,0,0,0,0,0,0,0
30996075,15368255,home,4,2,1,0,0,0,1,1,0,0,0,0,0
30996075,15368251,home,4,3,3,1,0,0,3,0,0,0,1,1,0
30996075,15368260,home,5,1,1,1,0,0,0,0,0,0,0,0,0
30996075,15368250,home,5,2,1,3,1,0,1,0,0,0,2,0,0
30996083,15368261,away,3,2,1,0,0,0,0,1,0,1,0,0,0
30996083,15368258,away,3,1,0,0,0,0,0,1,0,1,1,1,0
30996083,15368256,away,4,2,3,0,0,0,2,1,0,0,0,0,0
30996083,15368259,away,5,0,2,0,0,0,2,0,0,0,0,0,0
30996083,15368248,away,3,0,1,0,0,0,1,2,0,0,0,0,0
30996083,15368255,away,5,1,2,0,0,0,1,0,1,0,0,0,0
30996083,15368252,away,5,1,2,1,0,0,1,0,0,0,2,0,0
30996083,15368260,away,4,1,0,0,0,0,0,0,1,1,0,0,0
30996083,15368250,away,5,1,2,0,0,0,1,1,0,0,2,1,1
30996083,15368280,home,2,1,1,0,0,0,0,2,0,0,1,0,0
30996083,15368277,home,3,1,2,0,0,0,1,2,0,0,3,0,0
30996083,15368290,home,4,0,0,0,0,0,0,0,2,0,0,0,0
30996083,15368281,home,3,1,1,0,0,0,0,1,1,0,0,0,0
30996083,15368278,home,5,0,2,0,0,0,2,0,0,0,1,0,0
30996083,15368285,home,4,0,0,0,0,0,0,0,3,0,0,0,0
30996083,15368287,home,4,0,0,0,0,0,0,0,0,0,0,0,0
30996083,15368286,home,3,0,0,0,0,0,0,0,1,0,0,0,0
30996083,15368289,home,3,1,2,0,0,0,0,1,0,0,0,0,0
30996083,15368282,home,3,0,0,0,0,0,0,1,1,0,0,0,0
30996081,15368295,home,5,1,0,1,0,0,0,0,0,0,1,0,0
30996081,15368294,home,5,3,2,2,0,0,1,0,0,0,1,0,0
30996081,15368301,home,5,1,0,2,0,0,0,0,0,0,0,0,0
30996081,15368298,home,4,1,0,2,0,0,0,1,0,0,0,0,0
30996081,15368296,home,6,2,3,1,0,0,0,0,1,0,0,0,0
